request_id,amount_safe_to_pay,affordability_status,recommended_payment_method,payment_plan,earliest_date_for_full_payment,spending_changes_needed,decision_explanation
request_26,15656000.00,affordable_now,full_payment,2025-08-03:15656000,2025-08-03,none,Requested: IDR 15656000. Safe to pay today: IDR 15656000.00. Current available balance: IDR 100845250; required minimum balance: IDR 24768300. Recommendation: full_payment. Payment plan: 2025-08-03:15656000. The selected full payment is safe on the request date under the deterministic 90-day forecast. Included recurring rent expense: IDR 10374000.
request_27,6670.00,affordable_now,full_payment,2026-07-05:6670,2026-07-05,none,Requested: ZAR 6670. Safe to pay today: ZAR 6670.00. Current available balance: ZAR 93141.8; required minimum balance: ZAR 20500. Recommendation: full_payment. Payment plan: 2026-07-05:6670. The selected full payment is safe on the request date under the deterministic 90-day forecast. Included recurring rent expense: ZAR 8360.
request_28,429.49,affordable_later,wait,2024-07-15:1302.4,2024-07-15,none,Requested: EUR 1302.4. Safe to pay today: EUR 429.49. Current available balance: EUR 1789.4; required minimum balance: EUR 1100. Recommendation: wait. Payment plan: 2024-07-15:1302.4. The selected full payment becomes safe later within the forecast horizon. Included recurring rent expense: EUR 358.6.
request_29,24100.91,not_affordable,not_recommended,none,,none,Requested: ZAR 51524. Safe to pay today: ZAR 24100.91. Current available balance: ZAR 113540.1; required minimum balance: ZAR 28300. Recommendation: not_recommended. No safe eligible supplied payment plan completes the request by 2025-11-23 while preserving the 90-day minimum-balance requirement. Included recurring education expense: ZAR 5170.
request_30,775.20,affordable_with_plan,installments,2026-04-06:268.74|2026-05-06:268.74|2026-06-05:268.74,2026-04-06,none,Requested: USD 775.2. Safe to pay today: USD 775.20. Current available balance: USD 3752.72; required minimum balance: USD 900. Recommendation: installments. Payment plan: 2026-04-06:268.74|2026-05-06:268.74|2026-06-05:268.74. The selected plan completes the request by its deadline while preserving the 90-day minimum-balance requirement. Included recurring rent expense: USD 396.
request_31,5044836.01,affordable_later,wait,2024-09-15:18164000,2024-09-15,none,Requested: IDR 18164000. Safe to pay today: IDR 5044836.01. Current available balance: IDR 30429260; required minimum balance: IDR 16588900. Recommendation: wait. Payment plan: 2024-09-15:18164000. The selected full payment becomes safe later within the forecast horizon. Included confirmed salary: IDR 19972800 on 2024-09-15. Included recurring rent expense: IDR 6080000.
request_32,19701.26,affordable_later,wait,2025-02-15:40018,2025-02-15,none,Requested: ZAR 40018. Safe to pay today: ZAR 19701.26. Current available balance: ZAR 69005.8; required minimum balance: ZAR 35700. Recommendation: wait. Payment plan: 2025-02-15:40018. The selected full payment becomes safe later within the forecast horizon. Included confirmed salary: ZAR 54120 on 2025-02-15. Included recurring rent expense: ZAR 15664.
request_33,41098.41,affordable_later,wait,2026-02-15:118000,2026-02-15,none,Requested: INR 118000. Safe to pay today: INR 41098.41. Current available balance: INR 167280; required minimum balance: INR 102100. Recommendation: wait. Payment plan: 2026-02-15:118000. The selected full payment becomes safe later within the forecast horizon. Included recurring rent expense: INR 41900.
request_34,129400.00,affordable_now,full_payment,2024-12-04:129400,2024-12-04,none,Requested: INR 129400. Safe to pay today: INR 129400.00. Current available balance: INR 559752.5; required minimum balance: INR 138500. Recommendation: full_payment. Payment plan: 2024-12-04:129400. The selected full payment is safe on the request date under the deterministic 90-day forecast. Included recurring rent expense: INR 51200.
request_35,46524.20,affordable_later,wait,2026-01-15:212000,2026-01-15,none,Requested: INR 212000. Safe to pay today: INR 46524.20. Current available balance: INR 231530; required minimum balance: INR 106400. Recommendation: wait. Payment plan: 2026-01-15:212000. The selected full payment becomes safe later within the forecast horizon. Included recurring rent expense: INR 37000.
request_36,779.94,affordable_later,wait,2026-08-15:3954,2026-08-15,none,Requested: USD 3954. Safe to pay today: USD 779.94. Current available balance: USD 3846.6; required minimum balance: USD 2400. Recommendation: wait. Payment plan: 2026-08-15:3954. The selected full payment becomes safe later within the forecast horizon. Included confirmed salary: USD 2988 on 2026-07-15. Included recurring housing expense: USD 260.
request_37,5184895.80,affordable_later,wait,2024-05-15:14649000,2024-05-15,none,Requested: IDR 14649000. Safe to pay today: IDR 5184895.80. Current available balance: IDR 29125000; required minimum balance: IDR 17056200. Recommendation: wait. Payment plan: 2024-05-15:14649000. The selected full payment becomes safe later within the forecast horizon. Included recurring rent expense: IDR 6802000.
request_38,225.42,affordable_later,wait,2025-09-15:971.3,2025-09-15,none,Requested: EUR 971.3. Safe to pay today: EUR 225.42. Current available balance: EUR 779.4; required minimum balance: EUR 400. Recommendation: wait. Payment plan: 2025-09-15:971.3. The selected full payment becomes safe later within the forecast horizon. Included recurring housing expense: EUR 68.
request_39,77576.83,affordable_later,wait,2026-04-15:208600,2026-04-15,none,Requested: INR 208600. Safe to pay today: INR 77576.83. Current available balance: INR 416505; required minimum balance: INR 213400. Recommendation: wait. Payment plan: 2026-04-15:208600. The selected full payment becomes safe later within the forecast horizon. Included confirmed salary: INR 253989.84 on 2026-04-15. Included recurring rent expense: INR 78000.
request_40,0,not_affordable,not_recommended,none,,none,Requested: EUR 1290.3. Safe to pay today: EUR 0. Current available balance: EUR 2394; required minimum balance: EUR 1500. Recommendation: not_recommended. No safe eligible supplied payment plan completes the request by 2024-08-15 while preserving the 90-day minimum-balance requirement. Included confirmed salary: EUR 1760 on 2024-06-15. Included recurring rent expense: EUR 581.9.
request_41,10387624.40,affordable_later,wait,2025-11-15:38760000,2025-11-15,none,Requested: IDR 38760000. Safe to pay today: IDR 10387624.40. Current available balance: IDR 50175850; required minimum balance: IDR 25366600. Recommendation: wait. Payment plan: 2025-11-15:38760000. The selected full payment becomes safe later within the forecast horizon. Included confirmed salary: IDR 42559991.04 on 2025-11-15. Included recurring rent expense: IDR 9481000.
request_42,52100.00,affordable_now,full_payment,2026-01-05:52100,2026-01-05,none,Requested: INR 52100. Safe to pay today: INR 52100.00. Current available balance: INR 261765; required minimum balance: INR 113100. Recommendation: full_payment. Payment plan: 2026-01-05:52100. The selected full payment is safe on the request date under the deterministic 90-day forecast. Included recurring rent expense: INR 40200.
request_43,8443757.75,affordable_later,wait,2024-09-15:43339000,2024-09-15,none,Requested: IDR 43339000. Safe to pay today: IDR 8443757.75. Current available balance: IDR 36640750; required minimum balance: IDR 21398000. Recommendation: wait. Payment plan: 2024-09-15:43339000. The selected full payment becomes safe later within the forecast horizon. Included confirmed salary: IDR 32870000 on 2024-09-15. Included recurring rent expense: IDR 8911000.
request_44,0,not_affordable,not_recommended,none,,none,Requested: INR 95800. Safe to pay today: INR 0. Current available balance: INR 162290; required minimum balance: INR 82900. Recommendation: not_recommended. No safe eligible supplied payment plan completes the request by 2025-04-15 while preserving the 90-day minimum-balance requirement. Included confirmed salary: INR 115000 on 2025-02-15. Included recurring rent expense: INR 30200.
request_45,5270814.54,affordable_later,wait,2026-07-15:21983000,2026-07-15,none,Requested: IDR 21983000. Safe to pay today: IDR 5270814.54. Current available balance: IDR 19982900; required minimum balance: IDR 11149800. Recommendation: wait. Payment plan: 2026-07-15:21983000. The selected full payment becomes safe later within the forecast horizon. Included confirmed salary: IDR 17290000 on 2026-07-15. Included recurring housing expense: IDR 1805000.
request_46,48719.25,affordable_with_plan,partial_payment,2024-12-03:48719.25|2024-12-15:730.75,2024-12-15,none,Requested: INR 49450. Safe to pay today: INR 48719.25. Current available balance: INR 202335; required minimum balance: INR 84000. Recommendation: partial_payment. Payment plan: 2024-12-03:48719.25|2024-12-15:730.75. The selected plan completes the request by its deadline while preserving the 90-day minimum-balance requirement. Earliest safe full-payment date: 2024-12-15. Included confirmed salary: INR 145000 on 2024-12-15. Included recurring rent expense: INR 33800.
request_47,27355136.14,not_affordable,not_recommended,none,,none,Requested: IDR 38114000. Safe to pay today: IDR 27355136.14. Current available balance: IDR 112924150; required minimum balance: IDR 30049000. Recommendation: not_recommended. No safe eligible supplied payment plan completes the request by 2025-06-19 while preserving the 90-day minimum-balance requirement. Included recurring rent expense: IDR 12065000.
request_48,45700.00,affordable_now,full_payment,2026-07-25:45700,2026-07-25,none,Requested: INR 45700. Safe to pay today: INR 45700.00. Current available balance: INR 188065; required minimum balance: INR 71300. Recommendation: full_payment. Payment plan: 2026-07-25:45700. The selected full payment is safe on the request date under the deterministic 90-day forecast. Included recurring rent expense: INR 25200.
request_49,14336932.32,affordable_with_plan,installments,2024-03-18:11902106.67|2024-04-18:11902106.67|2024-05-19:11902106.67,2024-04-15,none,Requested: IDR 34333000. Safe to pay today: IDR 14336932.32. Current available balance: IDR 40504493.34; required minimum balance: IDR 20275700. Recommendation: installments. Payment plan: 2024-03-18:11902106.67|2024-04-18:11902106.67|2024-05-19:11902106.67. The selected plan completes the request by its deadline while preserving the 90-day minimum-balance requirement. Earliest safe full-payment date: 2024-04-15. Included recurring rent expense: IDR 9747000.
request_50,43900.00,affordable_now,full_payment,2025-08-06:43900,2025-08-06,none,Requested: INR 43900. Safe to pay today: INR 43900.00. Current available balance: INR 247325.5; required minimum balance: INR 99700. Recommendation: full_payment. Payment plan: 2025-08-06:43900. The selected full payment is safe on the request date under the deterministic 90-day forecast. Included recurring rent expense: INR 38800.
request_51,2191000.00,affordable_now,full_payment,2026-01-03:2191000,2026-01-03,none,Requested: IDR 2191000. Safe to pay today: IDR 2191000.00. Current available balance: IDR 35347700; required minimum balance: IDR 7811000. Recommendation: full_payment. Payment plan: 2026-01-03:2191000. The selected full payment is safe on the request date under the deterministic 90-day forecast. Included recurring rent expense: IDR 2945000.
request_52,21927.86,affordable_later,wait,2024-06-15:28870,2024-06-15,none,Requested: INR 28870. Safe to pay today: INR 21927.86. Current available balance: INR 75320; required minimum balance: INR 41500. Recommendation: wait. Payment plan: 2024-06-15:28870. The selected full payment becomes safe later within the forecast horizon. Included confirmed salary: INR 69000 on 2024-06-15. Included recurring rent expense: INR 21100.
request_53,714.42,affordable_with_plan,installments,2025-11-21:589.06|2025-12-19:589.06|2026-01-16:589.06,2025-11-15,none,Requested: USD 1699.2. Safe to pay today: USD 714.42. Current available balance: USD 3523.42; required minimum balance: USD 2100. Recommendation: installments. Payment plan: 2025-11-21:589.06|2025-12-19:589.06|2026-01-16:589.06. The selected plan completes the request by its deadline while preserving the 90-day minimum-balance requirement. Earliest safe full-payment date: 2025-11-15. Included recurring rent expense: USD 774.
request_54,4967.48,not_affordable,not_recommended,none,,none,Requested: ZAR 121528. Safe to pay today: ZAR 4967.48. Current available balance: ZAR 53581.4; required minimum balance: ZAR 37000. Recommendation: not_recommended. No safe eligible supplied payment plan completes the request by 2026-08-21 while preserving the 90-day minimum-balance requirement. Included confirmed salary: ZAR 42460 on 2026-07-15. Included recurring housing expense: ZAR 3630.
request_55,133498.57,affordable_with_plan,installments,2026-06-11:75781.33|2026-07-12:75781.33|2026-08-12:75781.33,2026-06-15,none,Requested: INR 218600. Safe to pay today: INR 133498.57. Current available balance: INR 314341.19; required minimum balance: INR 124300. Recommendation: installments. Payment plan: 2026-06-11:75781.33|2026-07-12:75781.33|2026-08-12:75781.33. The selected plan completes the request by its deadline while preserving the 90-day minimum-balance requirement. Earliest safe full-payment date: 2026-06-15. Included recurring rent expense: INR 54400.
request_56,665.98,affordable_with_plan,partial_payment,2025-02-03:665.98|2025-02-15:215.58,2025-02-15,none,Requested: USD 881.56. Safe to pay today: USD 665.98. Current available balance: USD 3432.36; required minimum balance: USD 2100. Recommendation: partial_payment. Payment plan: 2025-02-03:665.98|2025-02-15:215.58. The selected plan completes the request by its deadline while preserving the 90-day minimum-balance requirement. Earliest safe full-payment date: 2025-02-15. Included confirmed salary: USD 2388 on 2025-02-15. Included recurring housing expense: USD 212.
request_57,12668.08,affordable_later,wait,2026-05-15:61446,2026-05-15,none,Requested: ZAR 61446. Safe to pay today: ZAR 12668.08. Current available balance: ZAR 63914.6; required minimum balance: ZAR 42700. Recommendation: wait. Payment plan: 2026-05-15:61446. The selected full payment becomes safe later within the forecast horizon. Included recurring rent expense: ZAR 15004.
request_58,16226000.00,affordable_now,full_payment,2024-12-07:16226000,2024-12-07,none,Requested: IDR 16226000. Safe to pay today: IDR 16226000.00. Current available balance: IDR 42146065; required minimum balance: IDR 14433900. Recommendation: full_payment. Payment plan: 2024-12-07:16226000. The selected full payment is safe on the request date under the deterministic 90-day forecast. Included recurring rent expense: IDR 7676000.
request_59,140600.00,affordable_with_plan,installments,2025-05-07:48741.33|2025-06-04:48741.33|2025-07-02:48741.33,2025-05-04,none,Requested: INR 140600. Safe to pay today: INR 140600.00. Current available balance: INR 723245.99; required minimum balance: INR 132600. Recommendation: installments. Payment plan: 2025-05-07:48741.33|2025-06-04:48741.33|2025-07-02:48741.33. The selected plan completes the request by its deadline while preserving the 90-day minimum-balance requirement. Earliest safe full-payment date: 2025-05-04. Included recurring rent expense: INR 53800.
request_60,146.29,affordable_later,wait,2026-01-15:199.89,2026-01-15,none,Requested: USD 199.89. Safe to pay today: USD 146.29. Current available balance: USD 683.69; required minimum balance: USD 400. Recommendation: wait. Payment plan: 2026-01-15:199.89. The selected full payment becomes safe later within the forecast horizon. Included recurring rent expense: USD 122.4.
request_61,29062.00,affordable_with_plan,installments,2024-03-17:10074.83|2024-04-17:10074.83|2024-05-18:10074.83,2024-03-03,none,Requested: ZAR 29062. Safe to pay today: ZAR 29062.00. Current available balance: ZAR 147470.23; required minimum balance: ZAR 36700. Recommendation: installments. Payment plan: 2024-03-17:10074.83|2024-04-17:10074.83|2024-05-18:10074.83. The selected plan completes the request by its deadline while preserving the 90-day minimum-balance requirement. Earliest safe full-payment date: 2024-03-03. Included recurring rent expense: ZAR 11792.
request_62,404.23,affordable_now,full_payment,2025-08-05:404.23,2025-08-05,none,Requested: USD 404.23. Safe to pay today: USD 404.23. Current available balance: USD 5151.44; required minimum balance: USD 1300. Recommendation: full_payment. Payment plan: 2025-08-05:404.23. The selected full payment is safe on the request date under the deterministic 90-day forecast. Included recurring rent expense: USD 530.4.
request_63,40587.91,affordable_with_plan,partial_payment,2026-07-07:40587.91|2026-08-15:303312.09,2026-08-15,none,Requested: INR 343900. Safe to pay today: INR 40587.91. Current available balance: INR 251795; required minimum balance: INR 153500. Recommendation: partial_payment. Payment plan: 2026-07-07:40587.91|2026-08-15:303312.09. The selected plan completes the request by its deadline while preserving the 90-day minimum-balance requirement. Earliest safe full-payment date: 2026-08-15. Included confirmed salary: INR 189992.40 on 2026-07-15. Included recurring rent expense: INR 50000.
request_64,47355.03,affordable_with_plan,installments,2024-06-11:22082.67|2024-07-12:22082.67|2024-08-12:22082.67,2024-06-15,none,Requested: INR 63700. Safe to pay today: INR 47355.03. Current available balance: INR 98573.01; required minimum balance: INR 36100. Recommendation: installments. Payment plan: 2024-06-11:22082.67|2024-07-12:22082.67|2024-08-12:22082.67. The selected plan completes the request by its deadline while preserving the 90-day minimum-balance requirement. Earliest safe full-payment date: 2024-06-15. Included recurring rent expense: INR 12800.
request_65,6460.79,not_affordable,not_recommended,none,,none,Requested: ZAR 54340. Safe to pay today: ZAR 6460.79. Current available balance: ZAR 28524; required minimum balance: ZAR 15500. Recommendation: not_recommended. No safe eligible supplied payment plan completes the request by 2025-11-25 while preserving the 90-day minimum-balance requirement. Included recurring housing expense: ZAR 2519.
request_66,22200.00,affordable_now,full_payment,2026-04-03:22200,2026-04-03,none,Requested: INR 22200. Safe to pay today: INR 22200.00. Current available balance: INR 302520; required minimum balance: INR 80700. Recommendation: full_payment. Payment plan: 2026-04-03:22200. The selected full payment is safe on the request date under the deterministic 90-day forecast. Included recurring rent expense: INR 26300.
request_67,475.28,affordable_later,wait,2024-09-15:2094,2024-09-15,none,Requested: USD 2094. Safe to pay today: USD 475.28. Current available balance: USD 1992.54; required minimum balance: USD 1200. Recommendation: wait. Payment plan: 2024-09-15:2094. The selected full payment becomes safe later within the forecast horizon. Included confirmed salary: USD 2047.68 on 2024-09-15. Included recurring rent expense: USD 514.8.
request_68,1631.00,affordable_with_plan,installments,2025-02-14:725.09|2025-03-14:725.09|2025-04-11:725.09,2025-02-23,none,Requested: USD 2091.6. Safe to pay today: USD 1631.00. Current available balance: USD 3657.83; required minimum balance: USD 1500. Recommendation: installments. Payment plan: 2025-02-14:725.09|2025-03-14:725.09|2025-04-11:725.09. The selected plan completes the request by its deadline while preserving the 90-day minimum-balance requirement. Earliest safe full-payment date: 2025-02-23. Included confirmed salary: USD 2496 on 2025-02-23. Included recurring rent expense: USD 750.
request_69,529.10,affordable_now,full_payment,2026-01-04:529.1,2026-01-04,none,Requested: EUR 529.1. Safe to pay today: EUR 529.10. Current available balance: EUR 1639.5; required minimum balance: EUR 700. Recommendation: full_payment. Payment plan: 2026-01-04:529.1. The selected full payment is safe on the request date under the deterministic 90-day forecast. Included recurring rent expense: EUR 388.3.
request_70,59952.21,affordable_later,wait,2025-01-15:243900,2025-01-15,none,Requested: INR 243900. Safe to pay today: INR 59952.21. Current available balance: INR 208360; required minimum balance: INR 115000. Recommendation: wait. Payment plan: 2025-01-15:243900. The selected full payment becomes safe later within the forecast horizon. Included recurring rent expense: INR 66100.
request_71,1057791.76,not_affordable,not_recommended,none,,none,Requested: IDR 21451000. Safe to pay today: IDR 1057791.76. Current available balance: IDR 16369850; required minimum balance: IDR 8884800. Recommendation: not_recommended. No safe eligible supplied payment plan completes the request by 2025-05-28 while preserving the 90-day minimum-balance requirement. Included confirmed salary: IDR 11019997.68 on 2025-05-15. Included recurring rent expense: IDR 3648000.
request_72,7792.06,not_affordable,not_recommended,none,,none,Requested: ZAR 11330. Safe to pay today: ZAR 7792.06. Current available balance: ZAR 30337.13; required minimum balance: ZAR 12200. Recommendation: not_recommended. No safe eligible supplied payment plan completes the request by 2026-07-14 while preserving the 90-day minimum-balance requirement. Included confirmed salary: ZAR 18700 on 2026-07-15. Included recurring rent expense: ZAR 4312.
request_73,71400.00,affordable_now,full_payment,2023-01-20:71400,2023-01-20,none,Requested: INR 71400. Safe to pay today: INR 71400.00. Current available balance: INR 278542.5; required minimum balance: INR 103200. Recommendation: full_payment. Payment plan: 2023-01-20:71400. The selected full payment is safe on the request date under the deterministic 90-day forecast. Included recurring rent expense: INR 37300.
request_74,5010.00,affordable_now,full_payment,2025-08-04:5010,2025-08-04,none,Requested: ZAR 5010. Safe to pay today: ZAR 5010.00. Current available balance: ZAR 70056.9; required minimum balance: ZAR 21900. Recommendation: full_payment. Payment plan: 2025-08-04:5010. The selected full payment is safe on the request date under the deterministic 90-day forecast. Included recurring rent expense: ZAR 7590.
request_75,28270.00,affordable_with_plan,installments,2026-04-09:9800.27|2026-05-09:9800.27|2026-06-08:9800.27,2026-04-06,none,Requested: ZAR 28270. Safe to pay today: ZAR 28270.00. Current available balance: ZAR 145867.87; required minimum balance: ZAR 39000. Recommendation: installments. Payment plan: 2026-04-09:9800.27|2026-05-09:9800.27|2026-06-08:9800.27. The selected plan completes the request by its deadline while preserving the 90-day minimum-balance requirement. Earliest safe full-payment date: 2026-04-06. Included recurring rent expense: ZAR 15642.
request_76,841.52,not_affordable,not_recommended,none,2024-08-15,none,Requested: USD 4455.6. Safe to pay today: USD 841.52. Current available balance: USD 3338.8; required minimum balance: USD 1800. Recommendation: not_recommended. No safe eligible supplied payment plan completes the request by 2024-07-30 while preserving the 90-day minimum-balance requirement. Earliest safe full-payment date: 2024-08-15. Included recurring rent expense: USD 694.8.
request_77,60700.00,affordable_now,full_payment,2025-11-05:60700,2025-11-05,none,Requested: INR 60700. Safe to pay today: INR 60700.00. Current available balance: INR 189860.5; required minimum balance: INR 82200. Recommendation: full_payment. Payment plan: 2025-11-05:60700. The selected full payment is safe on the request date under the deterministic 90-day forecast. Included recurring rent expense: INR 25200.
request_78,48473.25,affordable_with_plan,full_payment,2025-10-02:50200,2025-10-15,reduce_to:event_7225:1480,Requested: INR 50200. Safe to pay today: INR 48473.25. Current available balance: INR 156676; required minimum balance: INR 55200. Recommendation: full_payment. Payment plan: 2025-10-02:50200. The selected plan completes the request by its deadline while preserving the 90-day minimum-balance requirement. Earliest safe full-payment date: 2025-10-15. Required spending changes: reduce_to:event_7225:1480. Included recurring rent expense: INR 28200.
request_79,351.89,affordable_with_plan,partial_payment,2024-09-04:351.89|2024-10-15:1799.71,2024-10-15,none,Requested: EUR 2151.6. Safe to pay today: EUR 351.89. Current available balance: EUR 2104.08; required minimum balance: EUR 1000. Recommendation: partial_payment. Payment plan: 2024-09-04:351.89|2024-10-15:1799.71. The selected plan completes the request by its deadline while preserving the 90-day minimum-balance requirement. Earliest safe full-payment date: 2024-10-15. Included confirmed salary: EUR 1313.76 on 2024-09-15. Included recurring rent expense: EUR 386.1.
request_80,120145.92,not_affordable,not_recommended,none,2025-03-15,none,Requested: INR 217500. Safe to pay today: INR 120145.92. Current available balance: INR 280125; required minimum balance: INR 121300. Recommendation: not_recommended. No safe eligible supplied payment plan completes the request by 2025-02-21 while preserving the 90-day minimum-balance requirement. Earliest safe full-payment date: 2025-03-15. Included recurring rent expense: INR 52000.
request_81,2076.00,affordable_now,full_payment,2026-07-03:2076,2026-07-03,none,Requested: USD 2076. Safe to pay today: USD 2076.00. Current available balance: USD 5028.25; required minimum balance: USD 1600. Recommendation: full_payment. Payment plan: 2026-07-03:2076. The selected full payment is safe on the request date under the deterministic 90-day forecast. Included recurring rent expense: USD 926.4.
request_82,499.92,affordable_later,wait,2025-01-15:1405.2,2025-01-15,none,Requested: USD 1405.2. Safe to pay today: USD 499.92. Current available balance: USD 2202.4; required minimum balance: USD 1100. Recommendation: wait. Payment plan: 2025-01-15:1405.2. The selected full payment becomes safe later within the forecast horizon. Included recurring rent expense: USD 405.6.
request_83,7242.69,not_affordable,not_recommended,none,,none,Requested: INR 156200. Safe to pay today: INR 7242.69. Current available balance: INR 68930; required minimum balance: INR 37800. Recommendation: not_recommended. No safe eligible supplied payment plan completes the request by 2025-06-17 while preserving the 90-day minimum-balance requirement. Included confirmed salary: INR 62000 on 2025-05-15. Included recurring housing expense: INR 6700.
request_84,32521.23,affordable_later,wait,2026-05-15:95400,2026-05-15,none,Requested: INR 95400. Safe to pay today: INR 32521.23. Current available balance: INR 153945; required minimum balance: INR 91300. Recommendation: wait. Payment plan: 2026-05-15:95400. The selected full payment becomes safe later within the forecast horizon. Included recurring rent expense: INR 26200.
request_85,651530.30,not_affordable,not_recommended,none,,none,Requested: IDR 19304000. Safe to pay today: IDR 651530.30. Current available balance: IDR 8818420; required minimum balance: IDR 6396300. Recommendation: not_recommended. No safe eligible supplied payment plan completes the request by 2024-04-26 while preserving the 90-day minimum-balance requirement. Included recurring rent expense: IDR 2527000.
request_86,46300.00,affordable_now,full_payment,2025-08-03:46300,2025-08-03,none,Requested: INR 46300. Safe to pay today: INR 46300.00. Current available balance: INR 228639.5; required minimum balance: INR 84900. Recommendation: full_payment. Payment plan: 2025-08-03:46300. The selected full payment is safe on the request date under the deterministic 90-day forecast. Included confirmed salary: INR 124000 on 2025-08-23. Included recurring rent expense: INR 38800.
request_87,17694.45,not_affordable,not_recommended,none,,none,Requested: INR 487900. Safe to pay today: INR 17694.45. Current available balance: INR 278750; required minimum balance: INR 185900. Recommendation: not_recommended. No safe eligible supplied payment plan completes the request by 2026-03-15 while preserving the 90-day minimum-balance requirement. Included confirmed salary: INR 251000 on 2026-01-15. Included recurring rent expense: INR 74900.
request_88,11959.79,affordable_with_plan,installments,2024-06-14:9045.23|2024-07-15:9045.23|2024-08-15:9045.23,2024-06-15,none,Requested: ZAR 26092. Safe to pay today: ZAR 11959.79. Current available balance: ZAR 41357.89; required minimum balance: ZAR 25800. Recommendation: installments. Payment plan: 2024-06-14:9045.23|2024-07-15:9045.23|2024-08-15:9045.23. The selected plan completes the request by its deadline while preserving the 90-day minimum-balance requirement. Earliest safe full-payment date: 2024-06-15. Included recurring rent expense: ZAR 9614.
request_89,10945379.21,affordable_with_plan,installments,2025-11-18:4768746.67|2025-12-16:4768746.67|2026-01-13:4768746.67,2025-11-15,none,Requested: IDR 13756000. Safe to pay today: IDR 10945379.21. Current available balance: IDR 27331862.01; required minimum balance: IDR 12534700. Recommendation: installments. Payment plan: 2025-11-18:4768746.67|2025-12-16:4768746.67|2026-01-13:4768746.67. The selected plan completes the request by its deadline while preserving the 90-day minimum-balance requirement. Earliest safe full-payment date: 2025-11-15. Included confirmed salary: IDR 15200000 on 2025-11-15. Included recurring rent expense: IDR 3819000.
request_90,2560.00,affordable_now,full_payment,2026-07-06:2560,2026-07-06,none,Requested: ZAR 2560. Safe to pay today: ZAR 2560.00. Current available balance: ZAR 31629.5; required minimum balance: ZAR 7600. Recommendation: full_payment. Payment plan: 2026-07-06:2560. The selected full payment is safe on the request date under the deterministic 90-day forecast. Included recurring rent expense: ZAR 3234.
request_91,688.89,affordable_later,wait,2024-10-15:1927.2,2024-10-15,none,Requested: EUR 1927.2. Safe to pay today: EUR 688.89. Current available balance: EUR 4209.6; required minimum balance: EUR 2100. Recommendation: wait. Payment plan: 2024-10-15:1927.2. The selected full payment becomes safe later within the forecast horizon. Included recurring rent expense: EUR 695.2.
request_92,34034.00,affordable_now,full_payment,2025-02-05:34034,2025-02-05,none,Requested: ZAR 34034. Safe to pay today: ZAR 34034.00. Current available balance: ZAR 78664.47; required minimum balance: ZAR 28100. Recommendation: full_payment. Payment plan: 2025-02-05:34034. The selected full payment is safe on the request date under the deterministic 90-day forecast. Included recurring housing expense: ZAR 3762.
request_93,1729.20,affordable_now,full_payment,2026-04-07:1729.2,2026-04-07,none,Requested: USD 1729.2. Safe to pay today: USD 1729.20. Current available balance: USD 3962.1; required minimum balance: USD 1900. Recommendation: full_payment. Payment plan: 2026-04-07:1729.2. The selected full payment is safe on the request date under the deterministic 90-day forecast. Included recurring rent expense: USD 808.8.
request_94,562.04,affordable_with_plan,full_payment,2024-12-04:572,,stop:event_8764,Requested: EUR 572. Safe to pay today: EUR 562.04. Current available balance: EUR 2663.6; required minimum balance: EUR 600. Recommendation: full_payment. Payment plan: 2024-12-04:572. The selected plan completes the request by its deadline while preserving the 90-day minimum-balance requirement. Required spending changes: stop:event_8764. Included recurring rent expense: EUR 287.1.
request_95,28720.29,not_affordable,not_recommended,none,,none,Requested: INR 553000. Safe to pay today: INR 28720.29. Current available balance: INR 283365; required minimum balance: INR 145500. Recommendation: not_recommended. No safe eligible supplied payment plan completes the request by 2025-07-14 while preserving the 90-day minimum-balance requirement. Included confirmed salary: INR 251000 on 2025-05-23. Included recurring rent expense: INR 62900.
request_96,36133.35,not_affordable,not_recommended,none,,none,Requested: INR 90200. Safe to pay today: INR 36133.35. Current available balance: INR 161635.49; required minimum balance: INR 56500. Recommendation: not_recommended. No safe eligible supplied payment plan completes the request by 2026-03-12 while preserving the 90-day minimum-balance requirement. Included confirmed salary: INR 80000 on 2026-01-15. Included recurring rent expense: INR 21400.
request_97,2929.44,affordable_with_plan,installments,2024-03-19:8145.28|2024-04-19:8145.28|2024-05-20:8145.28,2024-03-15,none,Requested: ZAR 23496. Safe to pay today: ZAR 2929.44. Current available balance: ZAR 38565.89; required minimum balance: ZAR 29700. Recommendation: installments. Payment plan: 2024-03-19:8145.28|2024-04-19:8145.28|2024-05-20:8145.28. The selected plan completes the request by its deadline while preserving the 90-day minimum-balance requirement. Earliest safe full-payment date: 2024-03-15. Included confirmed salary: ZAR 35420 on 2024-03-15. Included recurring rent expense: ZAR 11792.
request_98,7184.21,affordable_later,wait,2025-08-15:27148,2025-08-15,none,Requested: ZAR 27148. Safe to pay today: ZAR 7184.21. Current available balance: ZAR 47244.7; required minimum balance: ZAR 30000. Recommendation: wait. Payment plan: 2025-08-15:27148. The selected full payment becomes safe later within the forecast horizon. Included confirmed salary: ZAR 36080 on 2025-08-15. Included recurring rent expense: ZAR 7986.
request_99,18062.00,affordable_now,full_payment,2026-07-04:18062,2026-07-04,none,Requested: ZAR 18062. Safe to pay today: ZAR 18062.00. Current available balance: ZAR 86706.58; required minimum balance: ZAR 49100. Recommendation: full_payment. Payment plan: 2026-07-04:18062. The selected full payment is safe on the request date under the deterministic 90-day forecast. Included confirmed salary: ZAR 56980 on 2026-07-15. Included recurring housing expense: ZAR 5115.
request_100,28155.22,affordable_with_plan,installments,2024-06-13:12866.19|2024-07-14:12866.19|2024-08-14:12866.19,2024-06-15,none,Requested: ZAR 37114. Safe to pay today: ZAR 28155.22. Current available balance: ZAR 68363.53; required minimum balance: ZAR 32500. Recommendation: installments. Payment plan: 2024-06-13:12866.19|2024-07-14:12866.19|2024-08-14:12866.19. The selected plan completes the request by its deadline while preserving the 90-day minimum-balance requirement. Earliest safe full-payment date: 2024-06-15. Included confirmed salary: ZAR 42680 on 2024-06-15. Included recurring rent expense: ZAR 12716.
request_101,143500.00,affordable_now,full_payment,2025-11-03:143500,2025-11-03,none,Requested: INR 143500. Safe to pay today: INR 143500.00. Current available balance: INR 465868.5; required minimum balance: INR 187400. Recommendation: full_payment. Payment plan: 2025-11-03:143500. The selected full payment is safe on the request date under the deterministic 90-day forecast. Included recurring housing expense: INR 30050.
request_102,1496.33,not_affordable,not_recommended,none,,none,Requested: EUR 1716. Safe to pay today: EUR 1496.33. Current available balance: EUR 4643.74; required minimum balance: EUR 900. Recommendation: not_recommended. No safe eligible supplied payment plan completes the request by 2026-06-12 while preserving the 90-day minimum-balance requirement. Included recurring rent expense: EUR 345.4.
request_103,8646.15,not_affordable,not_recommended,none,,none,Requested: INR 368300. Safe to pay today: INR 8646.15. Current available balance: INR 168749; required minimum balance: INR 125500. Recommendation: not_recommended. No safe eligible supplied payment plan completes the request by 2024-10-07 while preserving the 90-day minimum-balance requirement. Included recurring rent expense: INR 53400.
request_104,17204.00,affordable_now,full_payment,2025-02-04:17204,2025-02-04,none,Requested: ZAR 17204. Safe to pay today: ZAR 17204.00. Current available balance: ZAR 64021.7; required minimum balance: ZAR 24700. Recommendation: full_payment. Payment plan: 2025-02-04:17204. The selected full payment is safe on the request date under the deterministic 90-day forecast. Included recurring rent expense: ZAR 7920.
request_105,53500.00,affordable_now,full_payment,2026-06-08:53500,2026-06-08,none,Requested: INR 53500. Safe to pay today: INR 53500.00. Current available balance: INR 147831.8; required minimum balance: INR 73900. Recommendation: full_payment. Payment plan: 2026-06-08:53500. The selected full payment is safe on the request date under the deterministic 90-day forecast. Included recurring rent expense: INR 31200.
request_106,539.84,affordable_later,wait,2024-12-15:2207.7,2024-12-15,none,Requested: EUR 2207.7. Safe to pay today: EUR 539.84. Current available balance: EUR 2601.7; required minimum balance: EUR 1200. Recommendation: wait. Payment plan: 2024-12-15:2207.7. The selected full payment becomes safe later within the forecast horizon. Included confirmed salary: EUR 1815 on 2024-12-15. Included recurring rent expense: EUR 524.7.
request_107,0,not_affordable,not_recommended,none,,none,Requested: EUR 2534.4. Safe to pay today: EUR 0. Current available balance: EUR 5054.52; required minimum balance: EUR 1600. Recommendation: not_recommended. No safe eligible supplied payment plan completes the request by 2025-07-04 while preserving the 90-day minimum-balance requirement. Included recurring rent expense: EUR 693.
request_108,3091.64,not_affordable,not_recommended,none,2026-09-15,none,Requested: ZAR 55308. Safe to pay today: ZAR 3091.64. Current available balance: ZAR 31936.4; required minimum balance: ZAR 24100. Recommendation: not_recommended. No safe eligible supplied payment plan completes the request by 2026-07-26 while preserving the 90-day minimum-balance requirement. Earliest safe full-payment date: 2026-09-15. Included recurring housing expense: ZAR 3366.
request_109,737.05,affordable_with_plan,installments,2024-03-18:645.98|2024-04-18:645.98|2024-05-19:645.98,2024-03-15,none,Requested: EUR 1863.4. Safe to pay today: EUR 737.05. Current available balance: EUR 2976.46; required minimum balance: EUR 1700. Recommendation: installments. Payment plan: 2024-03-18:645.98|2024-04-18:645.98|2024-05-19:645.98. The selected plan completes the request by its deadline while preserving the 90-day minimum-balance requirement. Earliest safe full-payment date: 2024-03-15. Included confirmed salary: EUR 2395.68 on 2024-03-15. Included recurring rent expense: EUR 718.3.
request_110,22352.00,affordable_with_plan,installments,2025-08-06:7748.69|2025-09-03:7748.69|2025-10-01:7748.69,2025-08-06,none,Requested: ZAR 22352. Safe to pay today: ZAR 22352.00. Current available balance: ZAR 61229.53; required minimum balance: ZAR 11200. Recommendation: installments. Payment plan: 2025-08-06:7748.69|2025-09-03:7748.69|2025-10-01:7748.69. The selected plan completes the request by its deadline while preserving the 90-day minimum-balance requirement. Included recurring rent expense: ZAR 5148.
request_111,16625000.00,affordable_now,full_payment,2026-04-03:16625000,2026-04-03,none,Requested: IDR 16625000. Safe to pay today: IDR 16625000.00. Current available balance: IDR 85204860; required minimum balance: IDR 23022800. Recommendation: full_payment. Payment plan: 2026-04-03:16625000. The selected full payment is safe on the request date under the deterministic 90-day forecast. Included recurring rent expense: IDR 6422000.
request_112,0,not_affordable,not_recommended,none,,none,Requested: EUR 271.7. Safe to pay today: EUR 0. Current available balance: EUR 1026; required minimum balance: EUR 500. Recommendation: not_recommended. No safe eligible supplied payment plan completes the request by 2024-06-14 while preserving the 90-day minimum-balance requirement. Included confirmed salary: EUR 627 on 2024-06-15. Included recurring rent expense: EUR 174.9.
request_113,27452.74,affordable_later,wait,2026-09-15:36500,2026-09-15,none,Requested: INR 36500. Safe to pay today: INR 27452.74. Current available balance: INR 141890; required minimum balance: INR 82300. Recommendation: wait. Payment plan: 2026-09-15:36500. The selected full payment becomes safe later within the forecast horizon. Included recurring rent expense: INR 27300.
request_114,65300.00,affordable_now,full_payment,2026-01-04:65300,2026-01-04,none,Requested: INR 65300. Safe to pay today: INR 65300.00. Current available balance: INR 219230; required minimum balance: INR 113400. Recommendation: full_payment. Payment plan: 2026-01-04:65300. The selected full payment is safe on the request date under the deterministic 90-day forecast. Included recurring rent expense: INR 41700.
request_115,16371.71,affordable_later,wait,2024-10-15:80500,2024-10-15,none,Requested: INR 80500. Safe to pay today: INR 16371.71. Current available balance: INR 65935; required minimum balance: INR 38800. Recommendation: wait. Payment plan: 2024-10-15:80500. The selected full payment becomes safe later within the forecast horizon. Included recurring rent expense: INR 13300.
request_116,23918.62,not_affordable,not_recommended,none,2025-04-15,none,Requested: INR 241200. Safe to pay today: INR 23918.62. Current available balance: INR 138375; required minimum balance: INR 80300. Recommendation: not_recommended. No safe eligible supplied payment plan completes the request by 2025-04-16 while preserving the 90-day minimum-balance requirement. Earliest safe full-payment date: 2025-04-15. Included confirmed salary: INR 124000 on 2025-02-15. Included recurring rent expense: INR 41100.
request_117,880.00,affordable_now,full_payment,2026-07-05:880,2026-07-05,none,Requested: EUR 880. Safe to pay today: EUR 880.00. Current available balance: EUR 2164.2; required minimum balance: EUR 1000. Recommendation: full_payment. Payment plan: 2026-07-05:880. The selected full payment is safe on the request date under the deterministic 90-day forecast. Included confirmed salary: EUR 1188 on 2026-07-15. Included recurring housing expense: EUR 102.
request_118,655.51,affordable_with_plan,installments,2024-12-07:255.87|2025-01-07:255.87|2025-02-07:255.87,2024-12-15,none,Requested: EUR 738.1. Safe to pay today: EUR 655.51. Current available balance: EUR 1538.51; required minimum balance: EUR 600. Recommendation: installments. Payment plan: 2024-12-07:255.87|2025-01-07:255.87|2025-02-07:255.87. The selected plan completes the request by its deadline while preserving the 90-day minimum-balance requirement. Earliest safe full-payment date: 2024-12-15. Included recurring rent expense: EUR 234.3.
request_119,63139.44,affordable_with_plan,installments,2025-05-18:70546.67|2025-06-15:70546.67|2025-07-13:70546.67,2025-06-15,none,Requested: INR 203500. Safe to pay today: INR 63139.44. Current available balance: INR 282101.01; required minimum balance: INR 151200. Recommendation: installments. Payment plan: 2025-05-18:70546.67|2025-06-15:70546.67|2025-07-13:70546.67. The selected plan completes the request by its deadline while preserving the 90-day minimum-balance requirement. Earliest safe full-payment date: 2025-06-15. Included confirmed salary: INR 176000 on 2025-05-15. Included recurring housing expense: INR 17050.
request_120,7714000.00,affordable_now,full_payment,2026-04-06:7714000,2026-04-06,none,Requested: IDR 7714000. Safe to pay today: IDR 7714000.00. Current available balance: IDR 31748980; required minimum balance: IDR 20050300. Recommendation: full_payment. Payment plan: 2026-04-06:7714000. The selected full payment is safe on the request date under the deterministic 90-day forecast. Included recurring rent expense: IDR 7961000.
request_121,633.60,affordable_now,full_payment,2024-03-03:633.6,2024-03-03,none,Requested: USD 633.6. Safe to pay today: USD 633.60. Current available balance: USD 1741; required minimum balance: USD 800. Recommendation: full_payment. Payment plan: 2024-03-03:633.6. The selected full payment is safe on the request date under the deterministic 90-day forecast. Included confirmed salary: USD 1056 on 2024-03-15. Included recurring rent expense: USD 351.6.
request_122,20558000.00,affordable_with_plan,installments,2025-08-05:7126773.33|2025-09-02:7126773.33|2025-09-30:7126773.33,2025-08-05,none,Requested: IDR 20558000. Safe to pay today: IDR 20558000.00. Current available balance: IDR 56827244.99; required minimum balance: IDR 12588500. Recommendation: installments. Payment plan: 2025-08-05:7126773.33|2025-09-02:7126773.33|2025-09-30:7126773.33. The selected plan completes the request by its deadline while preserving the 90-day minimum-balance requirement. Included recurring rent expense: IDR 3724000.
request_123,4076000.00,affordable_now,full_payment,2026-01-07:4076000,2026-01-07,none,Requested: IDR 4076000. Safe to pay today: IDR 4076000.00. Current available balance: IDR 63706400; required minimum balance: IDR 18091200. Recommendation: full_payment. Payment plan: 2026-01-07:4076000. The selected full payment is safe on the request date under the deterministic 90-day forecast. Included recurring rent expense: IDR 6004000.
request_124,1498.40,affordable_with_plan,installments,2024-06-11:1076.12|2024-07-12:1076.12|2024-08-12:1076.12,2024-06-15,none,Requested: EUR 3104.2. Safe to pay today: EUR 1498.40. Current available balance: EUR 3709.56; required minimum balance: EUR 1600. Recommendation: installments. Payment plan: 2024-06-11:1076.12|2024-07-12:1076.12|2024-08-12:1076.12. The selected plan completes the request by its deadline while preserving the 90-day minimum-balance requirement. Earliest safe full-payment date: 2024-06-15. Included confirmed salary: EUR 2629 on 2024-06-15. Included recurring rent expense: EUR 779.9.
request_125,6468.00,affordable_now,full_payment,2025-11-06:6468,2025-11-06,none,Requested: ZAR 6468. Safe to pay today: ZAR 6468.00. Current available balance: ZAR 22027.97; required minimum balance: ZAR 11300. Recommendation: full_payment. Payment plan: 2025-11-06:6468. The selected full payment is safe on the request date under the deterministic 90-day forecast. Included confirmed salary: ZAR 14960 on 2025-11-15. Included recurring rent expense: ZAR 3520.
request_126,92536.12,not_affordable,not_recommended,none,,none,Requested: INR 159600. Safe to pay today: INR 92536.12. Current available balance: INR 403175; required minimum balance: INR 129700. Recommendation: not_recommended. No safe eligible supplied payment plan completes the request by 2026-07-17 while preserving the 90-day minimum-balance requirement. Included recurring rent expense: INR 43000.
request_127,9563.59,affordable_later,wait,2024-10-15:23980,2024-10-15,none,Requested: ZAR 23980. Safe to pay today: ZAR 9563.59. Current available balance: ZAR 66058; required minimum balance: ZAR 41000. Recommendation: wait. Payment plan: 2024-10-15:23980. The selected full payment becomes safe later within the forecast horizon. Included confirmed salary: ZAR 50160 on 2024-09-15. Included recurring rent expense: ZAR 14652.
request_128,25168.00,affordable_now,full_payment,2025-02-07:25168,2025-02-07,none,Requested: ZAR 25168. Safe to pay today: ZAR 25168.00. Current available balance: ZAR 80711.7; required minimum balance: ZAR 42600. Recommendation: full_payment. Payment plan: 2025-02-07:25168. The selected full payment is safe on the request date under the deterministic 90-day forecast. Included recurring housing expense: ZAR 5368.
request_129,101.48,not_affordable,not_recommended,none,,none,Requested: USD 2668.8. Safe to pay today: USD 101.48. Current available balance: USD 1088; required minimum balance: USD 800. Recommendation: not_recommended. No safe eligible supplied payment plan completes the request by 2026-06-18 while preserving the 90-day minimum-balance requirement. Included recurring rent expense: USD 300.
request_130,538.09,affordable_later,wait,2025-01-15:1978.8,2025-01-15,none,Requested: USD 1978.8. Safe to pay today: USD 538.09. Current available balance: USD 2317.46; required minimum balance: USD 1400. Recommendation: wait. Payment plan: 2025-01-15:1978.8. The selected full payment becomes safe later within the forecast horizon. Included recurring rent expense: USD 600.
request_131,1276.80,affordable_with_plan,installments,2025-05-06:643.14|2025-06-03:643.14|2025-07-01:643.14,2025-06-23,none,Requested: USD 1855.2. Safe to pay today: USD 1276.80. Current available balance: USD 3387.16; required minimum balance: USD 1100. Recommendation: installments. Payment plan: 2025-05-06:643.14|2025-06-03:643.14|2025-07-01:643.14. The selected plan completes the request by its deadline while preserving the 90-day minimum-balance requirement. Earliest safe full-payment date: 2025-06-23. Included confirmed salary: USD 1632 on 2025-05-23. Included recurring rent expense: USD 373.2.
request_132,327.06,affordable_later,wait,2026-01-15:379.86,2026-01-15,none,Requested: USD 379.86. Safe to pay today: USD 327.06. Current available balance: USD 1744.55; required minimum balance: USD 1100. Recommendation: wait. Payment plan: 2026-01-15:379.86. The selected full payment becomes safe later within the forecast horizon. Included recurring rent expense: USD 321.6.
request_133,1257596.49,not_affordable,not_recommended,none,,none,Requested: IDR 15770000. Safe to pay today: IDR 1257596.49. Current available balance: IDR 36824650; required minimum balance: IDR 9986200. Recommendation: not_recommended. No safe eligible supplied payment plan completes the request by 2024-03-29 while preserving the 90-day minimum-balance requirement. Included recurring rent expense: IDR 3895000.
request_134,5986657.04,affordable_later,wait,2025-08-15:21831000,2025-08-15,none,Requested: IDR 21831000. Safe to pay today: IDR 5986657.04. Current available balance: IDR 28020700; required minimum balance: IDR 15902500. Recommendation: wait. Payment plan: 2025-08-15:21831000. The selected full payment becomes safe later within the forecast horizon. Included confirmed salary: IDR 24510000 on 2025-08-15. Included recurring rent expense: IDR 7600000.
request_135,304.80,affordable_now,full_payment,2026-07-06:304.8,2026-07-06,none,Requested: USD 304.8. Safe to pay today: USD 304.80. Current available balance: USD 1041.1; required minimum balance: USD 500. Recommendation: full_payment. Payment plan: 2026-07-06:304.8. The selected full payment is safe on the request date under the deterministic 90-day forecast. Included confirmed salary: USD 828 on 2026-07-15. Included recurring housing expense: USD 94.
request_136,560.40,affordable_now,full_payment,2024-06-03:560.4,2024-06-03,none,Requested: USD 560.4. Safe to pay today: USD 560.40. Current available balance: USD 2291.68; required minimum balance: USD 1100. Recommendation: full_payment. Payment plan: 2024-06-03:560.4. The selected full payment is safe on the request date under the deterministic 90-day forecast. Included confirmed salary: USD 1548 on 2024-06-15. Included recurring rent expense: USD 357.6.
request_137,31106.13,affordable_later,wait,2025-12-15:80100,2025-12-15,none,Requested: INR 80100. Safe to pay today: INR 31106.13. Current available balance: INR 139760; required minimum balance: INR 71800. Recommendation: wait. Payment plan: 2025-12-15:80100. The selected full payment becomes safe later within the forecast horizon. Included recurring rent expense: INR 37300.
request_138,986.42,affordable_with_plan,partial_payment,2026-04-07:986.42|2026-04-15:270.52,2026-04-15,none,Requested: EUR 1256.94. Safe to pay today: EUR 986.42. Current available balance: EUR 3644.65; required minimum balance: EUR 2300. Recommendation: partial_payment. Payment plan: 2026-04-07:986.42|2026-04-15:270.52. The selected plan completes the request by its deadline while preserving the 90-day minimum-balance requirement. Earliest safe full-payment date: 2026-04-15. Included recurring rent expense: EUR 711.7.
request_139,1440.73,affordable_with_plan,installments,2024-09-07:802.88|2024-10-08:802.88|2024-11-08:802.88,2024-09-15,none,Requested: USD 2316. Safe to pay today: USD 1440.73. Current available balance: USD 3767.84; required minimum balance: USD 1500. Recommendation: installments. Payment plan: 2024-09-07:802.88|2024-10-08:802.88|2024-11-08:802.88. The selected plan completes the request by its deadline while preserving the 90-day minimum-balance requirement. Earliest safe full-payment date: 2024-09-15. Included confirmed salary: USD 1824 on 2024-09-15. Included recurring rent expense: USD 480.
request_140,0,not_affordable,not_recommended,none,,none,Requested: ZAR 62832. Safe to pay today: ZAR 0. Current available balance: ZAR 34679; required minimum balance: ZAR 21600. Recommendation: not_recommended. No safe eligible supplied payment plan completes the request by 2025-03-04 while preserving the 90-day minimum-balance requirement. Included confirmed salary: ZAR 31900 on 2025-02-15. Included recurring rent expense: ZAR 9966.
request_141,23924.03,not_affordable,not_recommended,none,,none,Requested: INR 171600. Safe to pay today: INR 23924.03. Current available balance: INR 122545; required minimum balance: INR 67300. Recommendation: not_recommended. No safe eligible supplied payment plan completes the request by 2026-02-12 while preserving the 90-day minimum-balance requirement. Included recurring rent expense: INR 26800.
request_142,1263.60,affordable_now,full_payment,2024-12-05:1263.6,2024-12-05,none,Requested: USD 1263.6. Safe to pay today: USD 1263.60. Current available balance: USD 5993.85; required minimum balance: USD 1700. Recommendation: full_payment. Payment plan: 2024-12-05:1263.6. The selected full payment is safe on the request date under the deterministic 90-day forecast. Included recurring rent expense: USD 564.
request_143,4154.18,affordable_later,wait,2025-06-15:12584,2025-06-15,none,Requested: ZAR 12584. Safe to pay today: ZAR 4154.18. Current available balance: ZAR 20111; required minimum balance: ZAR 11300. Recommendation: wait. Payment plan: 2025-06-15:12584. The selected full payment becomes safe later within the forecast horizon. Included recurring rent expense: ZAR 3784.
request_144,0,not_affordable,not_recommended,none,,none,Requested: USD 233.34. Safe to pay today: USD 0. Current available balance: USD 1248.08; required minimum balance: USD 600. Recommendation: not_recommended. No safe eligible supplied payment plan completes the request by 2026-07-26 while preserving the 90-day minimum-balance requirement. Included confirmed salary: USD 864 on 2026-07-15. Included recurring rent expense: USD 220.8.
request_145,41504.26,affordable_with_plan,installments,2024-03-20:75365.33|2024-04-20:75365.33|2024-05-21:75365.33,2024-04-15,none,Requested: INR 217400. Safe to pay today: INR 41504.26. Current available balance: INR 261013.66; required minimum balance: INR 155400. Recommendation: installments. Payment plan: 2024-03-20:75365.33|2024-04-20:75365.33|2024-05-21:75365.33. The selected plan completes the request by its deadline while preserving the 90-day minimum-balance requirement. Earliest safe full-payment date: 2024-04-15. Included recurring rent expense: INR 63900.
request_146,27847.22,affordable_later,wait,2025-10-15:449400,2025-10-15,none,Requested: INR 449400. Safe to pay today: INR 27847.22. Current available balance: INR 190065; required minimum balance: INR 108600. Recommendation: wait. Payment plan: 2025-10-15:449400. The selected full payment becomes safe later within the forecast horizon. Included confirmed salary: INR 168000 on 2025-08-15. Included recurring housing expense: INR 14450.
request_147,548.58,affordable_with_plan,installments,2026-04-08:391.63|2026-05-08:391.63|2026-06-07:391.63,2026-04-15,none,Requested: EUR 1129.7. Safe to pay today: EUR 548.58. Current available balance: EUR 1641.53; required minimum balance: EUR 900. Recommendation: installments. Payment plan: 2026-04-08:391.63|2026-05-08:391.63|2026-06-07:391.63. The selected plan completes the request by its deadline while preserving the 90-day minimum-balance requirement. Earliest safe full-payment date: 2026-04-15. Included confirmed salary: EUR 1529 on 2026-04-15. Included recurring rent expense: EUR 464.2.
request_148,9525.10,affordable_with_plan,installments,2024-06-14:7710.56|2024-07-15:7710.56|2024-08-15:7710.56,2024-06-15,none,Requested: ZAR 22242. Safe to pay today: ZAR 9525.10. Current available balance: ZAR 33181.08; required minimum balance: ZAR 20000. Recommendation: installments. Payment plan: 2024-06-14:7710.56|2024-07-15:7710.56|2024-08-15:7710.56. The selected plan completes the request by its deadline while preserving the 90-day minimum-balance requirement. Earliest safe full-payment date: 2024-06-15. Included recurring rent expense: ZAR 11066.
request_149,25335.99,affordable_with_plan,installments,2025-11-18:12706.03|2025-12-16:12706.03|2026-01-13:12706.03,2025-11-15,none,Requested: ZAR 36652. Safe to pay today: ZAR 25335.99. Current available balance: ZAR 84358.38; required minimum balance: ZAR 42100. Recommendation: installments. Payment plan: 2025-11-18:12706.03|2025-12-16:12706.03|2026-01-13:12706.03. The selected plan completes the request by its deadline while preserving the 90-day minimum-balance requirement. Earliest safe full-payment date: 2025-11-15. Included confirmed salary: ZAR 52360 on 2025-11-15. Included recurring rent expense: ZAR 16654.
request_150,342.05,affordable_with_plan,installments,2026-01-06:171.98|2026-02-05:171.98|2026-03-07:171.98,2026-01-15,none,Requested: EUR 496.1. Safe to pay today: EUR 342.05. Current available balance: EUR 1257.44; required minimum balance: EUR 700. Recommendation: installments. Payment plan: 2026-01-06:171.98|2026-02-05:171.98|2026-03-07:171.98. The selected plan completes the request by its deadline while preserving the 90-day minimum-balance requirement. Earliest safe full-payment date: 2026-01-15. Included recurring rent expense: EUR 268.4.
request_151,26999000.00,affordable_now,full_payment,2024-09-03:26999000,2024-09-03,none,Requested: IDR 26999000. Safe to pay today: IDR 26999000.00. Current available balance: IDR 83998265; required minimum balance: IDR 31633600. Recommendation: full_payment. Payment plan: 2024-09-03:26999000. The selected full payment is safe on the request date under the deterministic 90-day forecast. Included confirmed salary: IDR 46170000 on 2024-09-15. Included recurring rent expense: IDR 12236000.
request_152,12363.42,affordable_with_plan,installments,2025-02-12:4812.43|2025-03-12:4812.43|2025-04-09:4812.43,2025-02-15,none,Requested: ZAR 13882. Safe to pay today: ZAR 12363.42. Current available balance: ZAR 28368.77; required minimum balance: ZAR 11900. Recommendation: installments. Payment plan: 2025-02-12:4812.43|2025-03-12:4812.43|2025-04-09:4812.43. The selected plan completes the request by its deadline while preserving the 90-day minimum-balance requirement. Earliest safe full-payment date: 2025-02-15. Included recurring rent expense: ZAR 3894.
request_153,277.65,not_affordable,not_recommended,none,,none,Requested: USD 2830.8. Safe to pay today: USD 277.65. Current available balance: USD 1903.6; required minimum balance: USD 1400. Recommendation: not_recommended. No safe eligible supplied payment plan completes the request by 2026-09-24 while preserving the 90-day minimum-balance requirement. Included recurring rent expense: USD 528.
request_154,1625.80,affordable_with_plan,installments,2024-12-04:563.61|2025-01-04:563.61|2025-02-04:563.61,2024-12-04,none,Requested: EUR 1625.8. Safe to pay today: EUR 1625.80. Current available balance: EUR 4679.4; required minimum balance: EUR 1300. Recommendation: installments. Payment plan: 2024-12-04:563.61|2025-01-04:563.61|2025-02-04:563.61. The selected plan completes the request by its deadline while preserving the 90-day minimum-balance requirement. Included recurring rent expense: EUR 507.1.
request_155,112500.00,affordable_now,full_payment,2025-05-06:112500,2025-05-06,none,Requested: INR 112500. Safe to pay today: INR 112500.00. Current available balance: INR 218050; required minimum balance: INR 56300. Recommendation: full_payment. Payment plan: 2025-05-06:112500. The selected full payment is safe on the request date under the deterministic 90-day forecast. Included confirmed salary: INR 84000 on 2025-05-15. Included recurring education expense: INR 8190.
request_156,10526.93,affordable_later,wait,2026-05-15:43076,2026-05-15,none,Requested: ZAR 43076. Safe to pay today: ZAR 10526.93. Current available balance: ZAR 42105.3; required minimum balance: ZAR 26900. Recommendation: wait. Payment plan: 2026-05-15:43076. The selected full payment becomes safe later within the forecast horizon. Included recurring rent expense: ZAR 7568.
request_157,5407733.32,affordable_later,wait,2024-04-15:23503000,2024-04-15,none,Requested: IDR 23503000. Safe to pay today: IDR 5407733.32. Current available balance: IDR 25805950; required minimum balance: IDR 15714100. Recommendation: wait. Payment plan: 2024-04-15:23503000. The selected full payment becomes safe later within the forecast horizon. Included recurring rent expense: IDR 6612000.
request_158,242600.00,affordable_with_plan,installments,2025-08-07:84101.33|2025-09-04:84101.33|2025-10-02:84101.33,2025-08-07,none,Requested: INR 242600. Safe to pay today: INR 242600.00. Current available balance: INR 745417.1; required minimum balance: INR 131400. Recommendation: installments. Payment plan: 2025-08-07:84101.33|2025-09-04:84101.33|2025-10-02:84101.33. The selected plan completes the request by its deadline while preserving the 90-day minimum-balance requirement. Included recurring rent expense: INR 67600.
request_159,10252.86,not_affordable,not_recommended,none,,none,Requested: ZAR 13398. Safe to pay today: ZAR 10252.86. Current available balance: ZAR 40283.2; required minimum balance: ZAR 8700. Recommendation: not_recommended. No safe eligible supplied payment plan completes the request by 2026-03-20 while preserving the 90-day minimum-balance requirement. Included recurring rent expense: ZAR 4114.
request_160,643.61,affordable_with_plan,installments,2024-06-13:432.05|2024-07-14:432.05|2024-08-14:432.05,2024-06-15,none,Requested: EUR 1246.3. Safe to pay today: EUR 643.61. Current available balance: EUR 2144.61; required minimum balance: EUR 1200. Recommendation: installments. Payment plan: 2024-06-13:432.05|2024-07-14:432.05|2024-08-14:432.05. The selected plan completes the request by its deadline while preserving the 90-day minimum-balance requirement. Earliest safe full-payment date: 2024-06-15. Included confirmed salary: EUR 1672 on 2024-06-15. Included recurring rent expense: EUR 534.6.
request_161,0,not_affordable,not_recommended,none,,none,Requested: IDR 21204000. Safe to pay today: IDR 0. Current available balance: IDR 41308350; required minimum balance: IDR 23010400. Recommendation: not_recommended. No safe eligible supplied payment plan completes the request by 2026-01-15 while preserving the 90-day minimum-balance requirement. Included recurring rent expense: IDR 8265000.
request_162,3088104.15,not_affordable,not_recommended,none,,none,Requested: IDR 83923000. Safe to pay today: IDR 3088104.15. Current available balance: IDR 34607300; required minimum balance: IDR 24161100. Recommendation: not_recommended. No safe eligible supplied payment plan completes the request by 2026-08-26 while preserving the 90-day minimum-balance requirement. Included confirmed salary: IDR 29070000 on 2026-07-15. Included recurring housing expense: IDR 2242000.
request_163,10360732.91,affordable_with_plan,installments,2024-09-10:6692053.33|2024-10-11:6692053.33|2024-11-11:6692053.33,2024-09-15,none,Requested: IDR 19304000. Safe to pay today: IDR 10360732.91. Current available balance: IDR 49519524.26; required minimum balance: IDR 26728700. Recommendation: installments. Payment plan: 2024-09-10:6692053.33|2024-10-11:6692053.33|2024-11-11:6692053.33. The selected plan completes the request by its deadline while preserving the 90-day minimum-balance requirement. Earliest safe full-payment date: 2024-09-15. Included recurring rent expense: IDR 6802000.
request_164,27018000.00,affordable_with_plan,installments,2025-02-11:9366240|2025-03-11:9366240|2025-04-08:9366240,2025-02-04,none,Requested: IDR 27018000. Safe to pay today: IDR 27018000.00. Current available balance: IDR 75429169.2; required minimum balance: IDR 29550500. Recommendation: installments. Payment plan: 2025-02-11:9366240|2025-03-11:9366240|2025-04-08:9366240. The selected plan completes the request by its deadline while preserving the 90-day minimum-balance requirement. Earliest safe full-payment date: 2025-02-04. Included recurring housing expense: IDR 4474500.
request_165,80600.00,affordable_now,full_payment,2026-04-06:80600,2026-04-06,none,Requested: INR 80600. Safe to pay today: INR 80600.00. Current available balance: INR 366705; required minimum balance: INR 95000. Recommendation: full_payment. Payment plan: 2026-04-06:80600. The selected full payment is safe on the request date under the deterministic 90-day forecast. Included recurring rent expense: INR 30900.
request_166,2907.60,affordable_with_plan,installments,2024-12-03:1007.97|2025-01-03:1007.97|2025-02-03:1007.97,2024-12-03,none,Requested: USD 2907.6. Safe to pay today: USD 2907.60. Current available balance: USD 9001.95; required minimum balance: USD 1700. Recommendation: installments. Payment plan: 2024-12-03:1007.97|2025-01-03:1007.97|2025-02-03:1007.97. The selected plan completes the request by its deadline while preserving the 90-day minimum-balance requirement. Included recurring rent expense: USD 520.8.
request_167,43802.00,affordable_now,full_payment,2025-05-05:43802,2025-05-05,none,Requested: ZAR 43802. Safe to pay today: ZAR 43802.00. Current available balance: ZAR 105090.3; required minimum balance: ZAR 31200. Recommendation: full_payment. Payment plan: 2025-05-05:43802. The selected full payment is safe on the request date under the deterministic 90-day forecast. Included confirmed salary: ZAR 47740 on 2025-05-23. Included recurring rent expense: ZAR 15994.
request_168,42462.30,affordable_with_plan,partial_payment,2026-01-07:42462.30|2026-01-15:6917.70,2026-01-15,none,Requested: INR 49380. Safe to pay today: INR 42462.30. Current available balance: INR 173843; required minimum balance: INR 114400. Recommendation: partial_payment. Payment plan: 2026-01-07:42462.30|2026-01-15:6917.70. The selected plan completes the request by its deadline while preserving the 90-day minimum-balance requirement. Earliest safe full-payment date: 2026-01-15. Included recurring rent expense: INR 38100.
request_169,41976.00,affordable_now,full_payment,2024-03-04:41976,2024-03-04,none,Requested: ZAR 41976. Safe to pay today: ZAR 41976.00. Current available balance: ZAR 77544.5; required minimum balance: ZAR 18700. Recommendation: full_payment. Payment plan: 2024-03-04:41976. The selected full payment is safe on the request date under the deterministic 90-day forecast. Included recurring rent expense: ZAR 8932.
request_170,33972869.01,affordable_with_plan,installments,2025-08-06:12804480|2025-09-03:12804480|2025-10-01:12804480,2025-08-15,none,Requested: IDR 36936000. Safe to pay today: IDR 33972869.01. Current available balance: IDR 69446998.4; required minimum balance: IDR 24715800. Recommendation: installments. Payment plan: 2025-08-06:12804480|2025-09-03:12804480|2025-10-01:12804480. The selected plan completes the request by its deadline while preserving the 90-day minimum-balance requirement. Earliest safe full-payment date: 2025-08-15. Included recurring rent expense: IDR 10507000.
request_171,69.20,not_affordable,not_recommended,none,,none,Requested: EUR 1878.8. Safe to pay today: EUR 69.20. Current available balance: EUR 810.65; required minimum balance: EUR 500. Recommendation: not_recommended. No safe eligible supplied payment plan completes the request by 2026-09-10 while preserving the 90-day minimum-balance requirement. Included recurring housing expense: EUR 81.
request_172,10200.00,affordable_with_plan,installments,2024-06-05:5304|2024-07-03:5304,2024-06-05,none,Requested: ZAR 10200. Safe to pay today: ZAR 10200.00. Current available balance: ZAR 50942.4; required minimum balance: ZAR 27200. Recommendation: installments. Payment plan: 2024-06-05:5304|2024-07-03:5304. The selected plan completes the request by its deadline while preserving the 90-day minimum-balance requirement. Included recurring rent expense: ZAR 10340.
request_173,70005.94,affordable_with_plan,installments,2025-11-21:39173.33|2025-12-19:39173.33|2026-01-16:39173.33,2025-11-15,none,Requested: INR 113000. Safe to pay today: INR 70005.94. Current available balance: INR 162290.53; required minimum balance: INR 79100. Recommendation: installments. Payment plan: 2025-11-21:39173.33|2025-12-19:39173.33|2026-01-16:39173.33. The selected plan completes the request by its deadline while preserving the 90-day minimum-balance requirement. Earliest safe full-payment date: 2025-11-15. Included confirmed salary: INR 106995.72 on 2025-11-15. Included recurring rent expense: INR 34000.
request_174,1146.20,affordable_with_plan,installments,2026-04-04:397.35|2026-05-04:397.35|2026-06-03:397.35,2026-04-04,none,Requested: EUR 1146.2. Safe to pay today: EUR 1146.20. Current available balance: EUR 3266.04; required minimum balance: EUR 700. Recommendation: installments. Payment plan: 2026-04-04:397.35|2026-05-04:397.35|2026-06-03:397.35. The selected plan completes the request by its deadline while preserving the 90-day minimum-balance requirement. Included recurring rent expense: EUR 204.6.
request_175,2346.30,affordable_now,full_payment,2024-09-06:2346.3,2024-09-06,none,Requested: EUR 2346.3. Safe to pay today: EUR 2346.30. Current available balance: EUR 4760.25; required minimum balance: EUR 1700. Recommendation: full_payment. Payment plan: 2024-09-06:2346.3. The selected full payment is safe on the request date under the deterministic 90-day forecast. Included recurring rent expense: EUR 496.1.
request_176,398.06,not_affordable,not_recommended,none,2025-04-15,none,Requested: EUR 1239.7. Safe to pay today: EUR 398.06. Current available balance: EUR 1286.95; required minimum balance: EUR 600. Recommendation: not_recommended. No safe eligible supplied payment plan completes the request by 2025-02-27 while preserving the 90-day minimum-balance requirement. Earliest safe full-payment date: 2025-04-15. Included recurring rent expense: EUR 258.5.
request_177,1017.60,affordable_now,full_payment,2026-01-05:1017.6,2026-01-05,none,Requested: USD 1017.6. Safe to pay today: USD 1017.60. Current available balance: USD 2987.24; required minimum balance: USD 1300. Recommendation: full_payment. Payment plan: 2026-01-05:1017.6. The selected full payment is safe on the request date under the deterministic 90-day forecast. Included recurring rent expense: USD 490.8.
request_178,2938.10,affordable_with_plan,installments,2024-12-07:1018.54|2025-01-07:1018.54|2025-02-07:1018.54,2024-12-07,none,Requested: EUR 2938.1. Safe to pay today: EUR 2938.10. Current available balance: EUR 7959.3; required minimum balance: EUR 1400. Recommendation: installments. Payment plan: 2024-12-07:1018.54|2025-01-07:1018.54|2025-02-07:1018.54. The selected plan completes the request by its deadline while preserving the 90-day minimum-balance requirement. Included recurring rent expense: EUR 540.1.
request_179,10101492.78,affordable_later,wait,2025-06-15:41648000,2025-06-15,none,Requested: IDR 41648000. Safe to pay today: IDR 10101492.78. Current available balance: IDR 79388050; required minimum balance: IDR 41430800. Recommendation: wait. Payment plan: 2025-06-15:41648000. The selected full payment becomes safe later within the forecast horizon. Included recurring rent expense: IDR 13623000.
request_180,38020.34,not_affordable,not_recommended,none,,none,Requested: INR 66500. Safe to pay today: INR 38020.34. Current available balance: INR 134980; required minimum balance: INR 37300. Recommendation: not_recommended. No safe eligible supplied payment plan completes the request by 2026-09-02 while preserving the 90-day minimum-balance requirement. Included confirmed salary: INR 59000 on 2026-07-15. Included recurring rent expense: INR 17400.
request_181,354.62,not_affordable,not_recommended,none,2024-05-15,none,Requested: USD 5059.2. Safe to pay today: USD 354.62. Current available balance: USD 3362; required minimum balance: USD 2000. Recommendation: not_recommended. No safe eligible supplied payment plan completes the request by 2024-04-07 while preserving the 90-day minimum-balance requirement. Earliest safe full-payment date: 2024-05-15. Included confirmed salary: USD 2580 on 2024-03-15. Included recurring rent expense: USD 877.2.
request_182,65714.00,affordable_now,full_payment,2025-08-05:65714,2025-08-05,none,Requested: ZAR 65714. Safe to pay today: ZAR 65714.00. Current available balance: ZAR 125010.3; required minimum balance: ZAR 31100. Recommendation: full_payment. Payment plan: 2025-08-05:65714. The selected full payment is safe on the request date under the deterministic 90-day forecast. Included recurring housing expense: ZAR 5522.
request_183,25205746.07,affordable_with_plan,installments,2026-04-10:9313546.67|2026-05-10:9313546.67|2026-06-09:9313546.67,2026-04-15,none,Requested: IDR 26866000. Safe to pay today: IDR 25205746.07. Current available balance: IDR 42156223.74; required minimum balance: IDR 11878300. Recommendation: installments. Payment plan: 2026-04-10:9313546.67|2026-05-10:9313546.67|2026-06-09:9313546.67. The selected plan completes the request by its deadline while preserving the 90-day minimum-balance requirement. Earliest safe full-payment date: 2026-04-15. Included recurring rent expense: IDR 5776000.
request_184,20146.48,not_affordable,not_recommended,none,,none,Requested: INR 251900. Safe to pay today: INR 20146.48. Current available balance: INR 163160; required minimum balance: INR 110800. Recommendation: not_recommended. No safe eligible supplied payment plan completes the request by 2024-07-30 while preserving the 90-day minimum-balance requirement. Included recurring rent expense: INR 42300.
request_185,396.77,affordable_later,wait,2025-12-15:1257.3,2025-12-15,none,Requested: EUR 1257.3. Safe to pay today: EUR 396.77. Current available balance: EUR 2083.4; required minimum balance: EUR 1300. Recommendation: wait. Payment plan: 2025-12-15:1257.3. The selected full payment becomes safe later within the forecast horizon. Included recurring rent expense: EUR 451.
request_186,6537.01,affordable_later,wait,2026-02-15:26554,2026-02-15,none,Requested: ZAR 26554. Safe to pay today: ZAR 6537.01. Current available balance: ZAR 44863.5; required minimum balance: ZAR 22000. Recommendation: wait. Payment plan: 2026-02-15:26554. The selected full payment becomes safe later within the forecast horizon. Included recurring rent expense: ZAR 7348.
request_187,37433.83,affordable_later,wait,2024-09-15:187500,2024-09-15,none,Requested: INR 187500. Safe to pay today: INR 37433.83. Current available balance: INR 195735; required minimum balance: INR 128300. Recommendation: wait. Payment plan: 2024-09-15:187500. The selected full payment becomes safe later within the forecast horizon. Included confirmed salary: INR 145000 on 2024-09-15. Included recurring rent expense: INR 34600.
request_188,117.12,not_affordable,not_recommended,none,,none,Requested: EUR 2464. Safe to pay today: EUR 117.12. Current available balance: EUR 1485.3; required minimum balance: EUR 900. Recommendation: not_recommended. No safe eligible supplied payment plan completes the request by 2025-03-04 while preserving the 90-day minimum-balance requirement. Included recurring rent expense: EUR 451.
request_189,488.40,affordable_now,full_payment,2026-07-04:488.4,2026-07-04,none,Requested: EUR 488.4. Safe to pay today: EUR 488.40. Current available balance: EUR 1147.66; required minimum balance: EUR 400. Recommendation: full_payment. Payment plan: 2026-07-04:488.4. The selected full payment is safe on the request date under the deterministic 90-day forecast. Included confirmed salary: EUR 627 on 2026-07-15. Included recurring housing expense: EUR 48.
request_190,621.87,affordable_later,wait,2024-12-15:2557.5,2024-12-15,none,Requested: EUR 2557.5. Safe to pay today: EUR 621.87. Current available balance: EUR 3155.8; required minimum balance: EUR 1600. Recommendation: wait. Payment plan: 2024-12-15:2557.5. The selected full payment becomes safe later within the forecast horizon. Included confirmed salary: EUR 2849 on 2024-12-15. Included recurring rent expense: EUR 728.2.
request_191,664.40,affordable_now,full_payment,2025-05-03:664.4,2025-05-03,none,Requested: EUR 664.4. Safe to pay today: EUR 664.40. Current available balance: EUR 1591.06; required minimum balance: EUR 500. Recommendation: full_payment. Payment plan: 2025-05-03:664.4. The selected full payment is safe on the request date under the deterministic 90-day forecast. Included recurring housing expense: EUR 74.
request_192,148.62,not_affordable,not_recommended,none,,none,Requested: USD 2046. Safe to pay today: USD 148.62. Current available balance: USD 1384.8; required minimum balance: USD 1000. Recommendation: not_recommended. No safe eligible supplied payment plan completes the request by 2026-05-11 while preserving the 90-day minimum-balance requirement. Included confirmed salary: USD 813.6 on 2026-04-15. Included recurring rent expense: USD 375.6.
request_193,166.71,affordable_with_plan,installments,2024-03-21:420.23|2024-04-21:420.23|2024-05-22:420.23,2024-04-15,none,Requested: EUR 1212.2. Safe to pay today: EUR 166.71. Current available balance: EUR 1310.62; required minimum balance: EUR 1000. Recommendation: installments. Payment plan: 2024-03-21:420.23|2024-04-21:420.23|2024-05-22:420.23. The selected plan completes the request by its deadline while preserving the 90-day minimum-balance requirement. Earliest safe full-payment date: 2024-04-15. Included recurring rent expense: EUR 429.
request_194,40508.58,affordable_later,wait,2025-10-23:132800,2025-10-23,none,Requested: INR 132800. Safe to pay today: INR 40508.58. Current available balance: INR 208630; required minimum balance: INR 113600. Recommendation: wait. Payment plan: 2025-10-23:132800. The selected full payment becomes safe later within the forecast horizon. Included confirmed salary: INR 137000 on 2025-08-23. Included recurring rent expense: INR 40200.
request_195,1076.32,affordable_with_plan,installments,2026-01-09:405.74|2026-02-08:405.74|2026-03-10:405.74,2026-01-15,none,Requested: EUR 1170.4. Safe to pay today: EUR 1076.32. Current available balance: EUR 2011.18; required minimum balance: EUR 700. Recommendation: installments. Payment plan: 2026-01-09:405.74|2026-02-08:405.74|2026-03-10:405.74. The selected plan completes the request by its deadline while preserving the 90-day minimum-balance requirement. Earliest safe full-payment date: 2026-01-15. Included recurring rent expense: EUR 400.4.
request_196,762.30,affordable_now,full_payment,2024-06-03:762.3,2024-06-03,none,Requested: EUR 762.3. Safe to pay today: EUR 762.30. Current available balance: EUR 1575.65; required minimum balance: EUR 500. Recommendation: full_payment. Payment plan: 2024-06-03:762.3. The selected full payment is safe on the request date under the deterministic 90-day forecast. Included confirmed salary: EUR 814 on 2024-06-15. Included recurring rent expense: EUR 248.6.
request_197,0,not_affordable,not_recommended,none,,none,Requested: IDR 50939000. Safe to pay today: IDR 0. Current available balance: IDR 96081218.26; required minimum balance: IDR 26245900. Recommendation: not_recommended. No safe eligible supplied payment plan completes the request by 2026-01-21 while preserving the 90-day minimum-balance requirement. Included recurring rent expense: IDR 11191000.
request_198,185800.00,affordable_now,full_payment,2026-07-07:185800,2026-07-07,none,Requested: INR 185800. Safe to pay today: INR 185800.00. Current available balance: INR 395190; required minimum balance: INR 124300. Recommendation: full_payment. Payment plan: 2026-07-07:185800. The selected full payment is safe on the request date under the deterministic 90-day forecast. Included recurring housing expense: INR 17550.
request_199,23674000.00,affordable_with_plan,installments,2024-09-07:8206986.67|2024-10-08:8206986.67|2024-11-08:8206986.67,2024-09-04,none,Requested: IDR 23674000. Safe to pay today: IDR 23674000.00. Current available balance: IDR 136691818.94; required minimum balance: IDR 25359500. Recommendation: installments. Payment plan: 2024-09-07:8206986.67|2024-10-08:8206986.67|2024-11-08:8206986.67. The selected plan completes the request by its deadline while preserving the 90-day minimum-balance requirement. Earliest safe full-payment date: 2024-09-04. Included recurring rent expense: IDR 10070000.
request_200,21717000.00,affordable_now,full_payment,2025-02-06:21717000,2025-02-06,none,Requested: IDR 21717000. Safe to pay today: IDR 21717000.00. Current available balance: IDR 53886150; required minimum balance: IDR 20114600. Recommendation: full_payment. Payment plan: 2025-02-06:21717000. The selected full payment is safe on the request date under the deterministic 90-day forecast. Included recurring housing expense: IDR 2346500.
request_201,23997000.00,affordable_now,full_payment,2026-04-03:23997000,2026-04-03,none,Requested: IDR 23997000. Safe to pay today: IDR 23997000.00. Current available balance: IDR 77973400; required minimum balance: IDR 17304500. Recommendation: full_payment. Payment plan: 2026-04-03:23997000. The selected full payment is safe on the request date under the deterministic 90-day forecast. Included recurring rent expense: IDR 6251000.
request_202,123900.00,affordable_now,full_payment,2024-12-05:123900,2024-12-05,none,Requested: INR 123900. Safe to pay today: INR 123900.00. Current available balance: INR 366065; required minimum balance: INR 147800. Recommendation: full_payment. Payment plan: 2024-12-05:123900. The selected full payment is safe on the request date under the deterministic 90-day forecast. Included recurring rent expense: INR 58300.
request_203,1442.10,affordable_with_plan,installments,2025-05-10:499.93|2025-06-07:499.93|2025-07-05:499.93,2025-05-07,none,Requested: EUR 1442.1. Safe to pay today: EUR 1442.10. Current available balance: EUR 8327.38; required minimum balance: EUR 1400. Recommendation: installments. Payment plan: 2025-05-10:499.93|2025-06-07:499.93|2025-07-05:499.93. The selected plan completes the request by its deadline while preserving the 90-day minimum-balance requirement. Earliest safe full-payment date: 2025-05-07. Included recurring rent expense: EUR 800.8.
request_204,0,not_affordable,not_recommended,none,,none,Requested: EUR 588.74. Safe to pay today: EUR 0. Current available balance: EUR 2626.28; required minimum balance: EUR 1300. Recommendation: not_recommended. No safe eligible supplied payment plan completes the request by 2026-01-31 while preserving the 90-day minimum-balance requirement. Included confirmed salary: EUR 2024 on 2026-01-15. Included recurring rent expense: EUR 628.1.
request_205,10621000.00,affordable_now,full_payment,2024-03-06:10621000,2024-03-06,none,Requested: IDR 10621000. Safe to pay today: IDR 10621000.00. Current available balance: IDR 31462900; required minimum balance: IDR 13994300. Recommendation: full_payment. Payment plan: 2024-03-06:10621000. The selected full payment is safe on the request date under the deterministic 90-day forecast. Included confirmed salary: IDR 18240000 on 2024-03-15. Included recurring rent expense: IDR 5871000.
request_206,1404.70,affordable_with_plan,installments,2025-08-03:486.96|2025-08-31:486.96|2025-09-28:486.96,2025-08-03,none,Requested: EUR 1404.7. Safe to pay today: EUR 1404.70. Current available balance: EUR 5231.14; required minimum balance: EUR 900. Recommendation: installments. Payment plan: 2025-08-03:486.96|2025-08-31:486.96|2025-09-28:486.96. The selected plan completes the request by its deadline while preserving the 90-day minimum-balance requirement. Included recurring rent expense: EUR 452.1.
request_207,6737.41,affordable_later,wait,2026-07-15:11830,2026-07-15,none,Requested: ZAR 11830. Safe to pay today: ZAR 6737.41. Current available balance: ZAR 26729.6; required minimum balance: ZAR 13600. Recommendation: wait. Payment plan: 2026-07-15:11830. The selected full payment becomes safe later within the forecast horizon. Included confirmed salary: ZAR 21120 on 2026-07-15. Included recurring housing expense: ZAR 2453.
request_208,4413000.00,affordable_now,full_payment,2024-06-07:4413000,2024-06-07,none,Requested: IDR 4413000. Safe to pay today: IDR 4413000.00. Current available balance: IDR 16928800; required minimum balance: IDR 10470700. Recommendation: full_payment. Payment plan: 2024-06-07:4413000. The selected full payment is safe on the request date under the deterministic 90-day forecast. Included recurring rent expense: IDR 3097000.
request_209,2387.04,not_affordable,not_recommended,none,2026-01-15,none,Requested: ZAR 56914. Safe to pay today: ZAR 2387.04. Current available balance: ZAR 27025.1; required minimum balance: ZAR 18400. Recommendation: not_recommended. No safe eligible supplied payment plan completes the request by 2025-11-25 while preserving the 90-day minimum-balance requirement. Earliest safe full-payment date: 2026-01-15. Included confirmed salary: ZAR 21120 on 2025-11-15. Included recurring housing expense: ZAR 2409.
request_210,1100.68,affordable_with_plan,partial_payment,2026-04-06:1100.68|2026-04-15:259.34,2026-04-15,none,Requested: USD 1360.02. Safe to pay today: USD 1100.68. Current available balance: USD 3525.32; required minimum balance: USD 2000. Recommendation: partial_payment. Payment plan: 2026-04-06:1100.68|2026-04-15:259.34. The selected plan completes the request by its deadline while preserving the 90-day minimum-balance requirement. Earliest safe full-payment date: 2026-04-15. Included recurring rent expense: USD 673.2.
request_211,369.36,affordable_later,wait,2024-09-15:1788.6,2024-09-15,none,Requested: EUR 1788.6. Safe to pay today: EUR 369.36. Current available balance: EUR 2727.89; required minimum balance: EUR 1500. Recommendation: wait. Payment plan: 2024-09-15:1788.6. The selected full payment becomes safe later within the forecast horizon. Included confirmed salary: EUR 1884.96 on 2024-09-15. Included recurring rent expense: EUR 460.9.
request_212,5037122.36,not_affordable,not_recommended,none,,none,Requested: IDR 71934000. Safe to pay today: IDR 5037122.36. Current available balance: IDR 51923800; required minimum balance: IDR 29579800. Recommendation: not_recommended. No safe eligible supplied payment plan completes the request by 2025-02-28 while preserving the 90-day minimum-balance requirement. Included confirmed salary: IDR 33440000 on 2025-02-23. Included recurring rent expense: IDR 7600000.
request_213,3362.40,affordable_with_plan,installments,2026-01-21:1165.63|2026-02-20:1165.63|2026-03-22:1165.63,2026-01-07,none,Requested: USD 3362.4. Safe to pay today: USD 3362.40. Current available balance: USD 12051.94; required minimum balance: USD 2100. Recommendation: installments. Payment plan: 2026-01-21:1165.63|2026-02-20:1165.63|2026-03-22:1165.63. The selected plan completes the request by its deadline while preserving the 90-day minimum-balance requirement. Earliest safe full-payment date: 2026-01-07. Included recurring rent expense: USD 842.4.
request_214,69750.00,affordable_with_plan,installments,2024-12-04:36270|2025-01-01:36270,2024-12-04,none,Requested: INR 69750. Safe to pay today: INR 69750.00. Current available balance: INR 292180; required minimum balance: INR 174900. Recommendation: installments. Payment plan: 2024-12-04:36270|2025-01-01:36270. The selected plan completes the request by its deadline while preserving the 90-day minimum-balance requirement. Included recurring rent expense: INR 69100.
request_215,29986.00,affordable_with_plan,installments,2025-05-09:10395.15|2025-06-06:10395.15|2025-07-04:10395.15,2025-05-06,none,Requested: ZAR 29986. Safe to pay today: ZAR 29986.00. Current available balance: ZAR 93951.16; required minimum balance: ZAR 15700. Recommendation: installments. Payment plan: 2025-05-09:10395.15|2025-06-06:10395.15|2025-07-04:10395.15. The selected plan completes the request by its deadline while preserving the 90-day minimum-balance requirement. Earliest safe full-payment date: 2025-05-06. Included recurring rent expense: ZAR 6270.
request_216,599.10,affordable_later,wait,2026-08-15:3332.4,2026-08-15,none,Requested: USD 3332.4. Safe to pay today: USD 599.10. Current available balance: USD 2966.8; required minimum balance: USD 1800. Recommendation: wait. Payment plan: 2026-08-15:3332.4. The selected full payment becomes safe later within the forecast horizon. Included confirmed salary: USD 2424 on 2026-07-15. Included recurring housing expense: USD 194.
request_217,21213.49,affordable_with_plan,installments,2024-03-19:12889.07|2024-04-19:12889.07|2024-05-20:12889.07,2024-03-15,none,Requested: ZAR 37180. Safe to pay today: ZAR 21213.49. Current available balance: ZAR 58401.97; required minimum balance: ZAR 26800. Recommendation: installments. Payment plan: 2024-03-19:12889.07|2024-04-19:12889.07|2024-05-20:12889.07. The selected plan completes the request by its deadline while preserving the 90-day minimum-balance requirement. Earliest safe full-payment date: 2024-03-15. Included confirmed salary: ZAR 35420 on 2024-03-15. Included recurring rent expense: ZAR 10472.
request_218,27553020.13,affordable_with_plan,installments,2025-08-07:21195893.33|2025-09-04:21195893.33|2025-10-02:21195893.33,2025-08-15,none,Requested: IDR 61142000. Safe to pay today: IDR 27553020.13. Current available balance: IDR 72419614.8; required minimum balance: IDR 34477200. Recommendation: installments. Payment plan: 2025-08-07:21195893.33|2025-09-04:21195893.33|2025-10-02:21195893.33. The selected plan completes the request by its deadline while preserving the 90-day minimum-balance requirement. Earliest safe full-payment date: 2025-08-15. Included confirmed salary: IDR 48640000 on 2025-08-15. Included recurring housing expense: IDR 3800000.
request_219,705.74,affordable_with_plan,installments,2026-04-07:580.01|2026-05-07:580.01|2026-06-06:580.01,2026-05-15,none,Requested: EUR 1673.1. Safe to pay today: EUR 705.74. Current available balance: EUR 2815.51; required minimum balance: EUR 1100. Recommendation: installments. Payment plan: 2026-04-07:580.01|2026-05-07:580.01|2026-06-06:580.01. The selected plan completes the request by its deadline while preserving the 90-day minimum-balance requirement. Earliest safe full-payment date: 2026-05-15. Included confirmed salary: EUR 1914 on 2026-04-15. Included recurring rent expense: EUR 650.1.
request_220,180.76,not_affordable,not_recommended,none,,none,Requested: EUR 3118.5. Safe to pay today: EUR 180.76. Current available balance: EUR 1487.32; required minimum balance: EUR 1100. Recommendation: not_recommended. No safe eligible supplied payment plan completes the request by 2024-07-03 while preserving the 90-day minimum-balance requirement. Included recurring rent expense: EUR 309.1.
request_221,109800.00,affordable_now,full_payment,2025-11-03:109800,2025-11-03,none,Requested: INR 109800. Safe to pay today: INR 109800.00. Current available balance: INR 268305; required minimum balance: INR 81500. Recommendation: full_payment. Payment plan: 2025-11-03:109800. The selected full payment is safe on the request date under the deterministic 90-day forecast. Included recurring rent expense: INR 29300.
request_222,34078.00,affordable_now,full_payment,2026-01-05:34078,2026-01-05,none,Requested: ZAR 34078. Safe to pay today: ZAR 34078.00. Current available balance: ZAR 118101.7; required minimum balance: ZAR 27300. Recommendation: full_payment. Payment plan: 2026-01-05:34078. The selected full payment is safe on the request date under the deterministic 90-day forecast. Included recurring rent expense: ZAR 8404.
request_223,898.70,affordable_now,full_payment,2024-09-07:898.7,2024-09-07,none,Requested: EUR 898.7. Safe to pay today: EUR 898.70. Current available balance: EUR 2255.51; required minimum balance: EUR 800. Recommendation: full_payment. Payment plan: 2024-09-07:898.7. The selected full payment is safe on the request date under the deterministic 90-day forecast. Included confirmed salary: EUR 1309 on 2024-09-15. Included recurring rent expense: EUR 342.1.
request_224,10327000.00,affordable_with_plan,installments,2025-02-04:5370040|2025-03-04:5370040,2025-02-04,none,Requested: IDR 10327000. Safe to pay today: IDR 10327000.00. Current available balance: IDR 49969400; required minimum balance: IDR 22187600. Recommendation: installments. Payment plan: 2025-02-04:5370040|2025-03-04:5370040. The selected plan completes the request by its deadline while preserving the 90-day minimum-balance requirement. Included recurring rent expense: IDR 9310000.
request_225,12053608.00,affordable_with_plan,installments,2026-07-20:7647120|2026-08-19:7647120|2026-09-18:7647120,2026-08-15,none,Requested: IDR 22059000. Safe to pay today: IDR 12053608.00. Current available balance: IDR 35791159.6; required minimum balance: IDR 17670700. Recommendation: installments. Payment plan: 2026-07-20:7647120|2026-08-19:7647120|2026-09-18:7647120. The selected plan completes the request by its deadline while preserving the 90-day minimum-balance requirement. Earliest safe full-payment date: 2026-08-15. Included recurring rent expense: IDR 6346000.
request_226,157000.00,affordable_now,full_payment,2024-12-03:157000,2024-12-03,none,Requested: INR 157000. Safe to pay today: INR 157000.00. Current available balance: INR 581180; required minimum balance: INR 209400. Recommendation: full_payment. Payment plan: 2024-12-03:157000. The selected full payment is safe on the request date under the deterministic 90-day forecast. Included recurring rent expense: INR 82200.
request_227,12861.34,not_affordable,not_recommended,none,,none,Requested: INR 259700. Safe to pay today: INR 12861.34. Current available balance: INR 105655; required minimum balance: INR 62900. Recommendation: not_recommended. No safe eligible supplied payment plan completes the request by 2025-06-20 while preserving the 90-day minimum-balance requirement. Included recurring housing expense: INR 10250.
request_228,0,not_affordable,not_recommended,none,,none,Requested: IDR 63327000. Safe to pay today: IDR 0. Current available balance: IDR 36748550; required minimum balance: IDR 26191200. Recommendation: not_recommended. No safe eligible supplied payment plan completes the request by 2026-04-30 while preserving the 90-day minimum-balance requirement. Included confirmed salary: IDR 30400000 on 2026-04-15. Included recurring rent expense: IDR 7049000.
request_229,550.76,affordable_with_plan,installments,2024-03-18:529.29|2024-04-18:529.29|2024-05-19:529.29,2024-04-15,none,Requested: EUR 1526.8. Safe to pay today: EUR 550.76. Current available balance: EUR 1800.52; required minimum balance: EUR 1000. Recommendation: installments. Payment plan: 2024-03-18:529.29|2024-04-18:529.29|2024-05-19:529.29. The selected plan completes the request by its deadline while preserving the 90-day minimum-balance requirement. Earliest safe full-payment date: 2024-04-15. Included recurring rent expense: EUR 366.3.
request_230,3537.60,affordable_now,full_payment,2025-08-06:3537.6,2025-08-06,none,Requested: EUR 3537.6. Safe to pay today: EUR 3537.60. Current available balance: EUR 8676.76; required minimum balance: EUR 2000. Recommendation: full_payment. Payment plan: 2025-08-06:3537.6. The selected full payment is safe on the request date under the deterministic 90-day forecast. Included recurring rent expense: EUR 891.
request_231,35706.00,affordable_with_plan,installments,2026-01-06:12378.08|2026-02-05:12378.08|2026-03-07:12378.08,2026-01-03,none,Requested: ZAR 35706. Safe to pay today: ZAR 35706.00. Current available balance: ZAR 84590.59; required minimum balance: ZAR 24300. Recommendation: installments. Payment plan: 2026-01-06:12378.08|2026-02-05:12378.08|2026-03-07:12378.08. The selected plan completes the request by its deadline while preserving the 90-day minimum-balance requirement. Earliest safe full-payment date: 2026-01-03. Included confirmed salary: ZAR 44000 on 2026-01-15. Included recurring rent expense: ZAR 14168.
request_232,0,not_affordable,not_recommended,none,,none,Requested: EUR 1970.1. Safe to pay today: EUR 0. Current available balance: EUR 4269.4; required minimum balance: EUR 2400. Recommendation: not_recommended. No safe eligible supplied payment plan completes the request by 2024-08-15 while preserving the 90-day minimum-balance requirement. Included confirmed salary: EUR 2772 on 2024-06-15. Included recurring rent expense: EUR 873.4.
request_233,0,not_affordable,not_recommended,none,,none,Requested: IDR 6241000. Safe to pay today: IDR 0. Current available balance: IDR 19341300; required minimum balance: IDR 10365700. Recommendation: not_recommended. No safe eligible supplied payment plan completes the request by 2025-12-17 while preserving the 90-day minimum-balance requirement. Included recurring rent expense: IDR 3895000.
request_234,280.23,affordable_later,wait,2026-08-15:1213.3,2026-08-15,none,Requested: EUR 1213.3. Safe to pay today: EUR 280.23. Current available balance: EUR 1274.25; required minimum balance: EUR 700. Recommendation: wait. Payment plan: 2026-08-15:1213.3. The selected full payment becomes safe later within the forecast horizon. Included recurring housing expense: EUR 86.
request_235,967.20,affordable_now,full_payment,2024-09-06:967.2,2024-09-06,none,Requested: USD 967.2. Safe to pay today: USD 967.20. Current available balance: USD 2086.28; required minimum balance: USD 700. Recommendation: full_payment. Payment plan: 2024-09-06:967.2. The selected full payment is safe on the request date under the deterministic 90-day forecast. Included recurring rent expense: USD 224.4.
request_236,7443718.01,not_affordable,not_recommended,none,2025-04-15,none,Requested: IDR 52383000. Safe to pay today: IDR 7443718.01. Current available balance: IDR 31173450; required minimum balance: IDR 16768600. Recommendation: not_recommended. No safe eligible supplied payment plan completes the request by 2025-02-23 while preserving the 90-day minimum-balance requirement. Earliest safe full-payment date: 2025-04-15. Included recurring housing expense: IDR 2584000.
request_237,23826000.00,affordable_now,full_payment,2026-04-05:23826000,2026-04-05,none,Requested: IDR 23826000. Safe to pay today: IDR 23826000.00. Current available balance: IDR 100824550; required minimum balance: IDR 22431500. Recommendation: full_payment. Payment plan: 2026-04-05:23826000. The selected full payment is safe on the request date under the deterministic 90-day forecast. Included recurring rent expense: IDR 7695000.
request_238,663.60,affordable_with_plan,installments,2024-12-07:230.05|2025-01-07:230.05|2025-02-07:230.05,2024-12-07,none,Requested: USD 663.6. Safe to pay today: USD 663.60. Current available balance: USD 1882.07; required minimum balance: USD 700. Recommendation: installments. Payment plan: 2024-12-07:230.05|2025-01-07:230.05|2025-02-07:230.05. The selected plan completes the request by its deadline while preserving the 90-day minimum-balance requirement. Included recurring rent expense: USD 205.2.
request_239,0,not_affordable,not_recommended,none,,none,Requested: USD 642. Safe to pay today: USD 0. Current available balance: USD 1988.9; required minimum balance: USD 600. Recommendation: not_recommended. No safe eligible supplied payment plan completes the request by 2025-05-24 while preserving the 90-day minimum-balance requirement. Included confirmed salary: USD 1020 on 2025-05-15. Included recurring rent expense: USD 321.6.
request_240,0,not_affordable,not_recommended,none,,none,Requested: INR 101200. Safe to pay today: INR 0. Current available balance: INR 92720; required minimum balance: INR 52800. Recommendation: not_recommended. No safe eligible supplied payment plan completes the request by 2026-03-20 while preserving the 90-day minimum-balance requirement. Included confirmed salary: INR 62000 on 2026-01-15. Included recurring rent expense: INR 16100.
request_241,21052000.00,affordable_with_plan,installments,2024-03-17:7298026.67|2024-04-17:7298026.67|2024-05-18:7298026.67,2024-03-03,none,Requested: IDR 21052000. Safe to pay today: IDR 21052000.00. Current available balance: IDR 90172322.14; required minimum balance: IDR 19252000. Recommendation: installments. Payment plan: 2024-03-17:7298026.67|2024-04-17:7298026.67|2024-05-18:7298026.67. The selected plan completes the request by its deadline while preserving the 90-day minimum-balance requirement. Earliest safe full-payment date: 2024-03-03. Included recurring rent expense: IDR 7182000.
request_242,0,not_affordable,not_recommended,none,,none,Requested: EUR 1966.8. Safe to pay today: EUR 0. Current available balance: EUR 1037.4; required minimum balance: EUR 600. Recommendation: not_recommended. No safe eligible supplied payment plan completes the request by 2025-08-25 while preserving the 90-day minimum-balance requirement. Included recurring rent expense: EUR 270.6.
request_243,17468.00,affordable_now,full_payment,2026-07-07:17468,2026-07-07,none,Requested: ZAR 17468. Safe to pay today: ZAR 17468.00. Current available balance: ZAR 47470.4; required minimum balance: ZAR 19900. Recommendation: full_payment. Payment plan: 2026-07-07:17468. The selected full payment is safe on the request date under the deterministic 90-day forecast. Included confirmed salary: ZAR 23980 on 2026-07-15. Included recurring housing expense: ZAR 2343.
request_244,28592.64,not_affordable,not_recommended,none,,none,Requested: ZAR 49918. Safe to pay today: ZAR 28592.64. Current available balance: ZAR 126279.2; required minimum balance: ZAR 45900. Recommendation: not_recommended. No safe eligible supplied payment plan completes the request by 2024-07-16 while preserving the 90-day minimum-balance requirement. Included confirmed salary: ZAR 56760 on 2024-06-15. Included recurring rent expense: ZAR 18106.
request_245,37506.53,affordable_later,wait,2025-11-15:128500,2025-11-15,none,Requested: INR 128500. Safe to pay today: INR 37506.53. Current available balance: INR 160360; required minimum balance: INR 94600. Recommendation: wait. Payment plan: 2025-11-15:128500. The selected full payment becomes safe later within the forecast horizon. Included confirmed salary: INR 139994.40 on 2025-11-15. Included recurring rent expense: INR 35400.
request_246,64086.00,affordable_with_plan,installments,2026-04-03:22216.48|2026-05-03:22216.48|2026-06-02:22216.48,2026-04-03,none,Requested: ZAR 64086. Safe to pay today: ZAR 64086.00. Current available balance: ZAR 201692.06; required minimum balance: ZAR 39300. Recommendation: installments. Payment plan: 2026-04-03:22216.48|2026-05-03:22216.48|2026-06-02:22216.48. The selected plan completes the request by its deadline while preserving the 90-day minimum-balance requirement. Included recurring rent expense: ZAR 14234.
request_247,1059.30,affordable_now,full_payment,2024-09-05:1059.3,2024-09-05,none,Requested: EUR 1059.3. Safe to pay today: EUR 1059.30. Current available balance: EUR 2819.2; required minimum balance: EUR 1300. Recommendation: full_payment. Payment plan: 2024-09-05:1059.3. The selected full payment is safe on the request date under the deterministic 90-day forecast. Included recurring rent expense: EUR 434.5.
request_248,977.62,affordable_with_plan,partial_payment,2025-02-07:977.62|2025-03-15:987.98,2025-03-15,none,Requested: USD 1965.6. Safe to pay today: USD 977.62. Current available balance: USD 2807.36; required minimum balance: USD 1300. Recommendation: partial_payment. Payment plan: 2025-02-07:977.62|2025-03-15:987.98. The selected plan completes the request by its deadline while preserving the 90-day minimum-balance requirement. Earliest safe full-payment date: 2025-03-15. Included recurring rent expense: USD 343.2.
request_249,198.86,affordable_later,wait,2026-02-15:643.2,2026-02-15,none,Requested: USD 643.2. Safe to pay today: USD 198.86. Current available balance: USD 942.4; required minimum balance: USD 600. Recommendation: wait. Payment plan: 2026-02-15:643.2. The selected full payment becomes safe later within the forecast horizon. Included recurring rent expense: USD 210.
request_250,17762.28,affordable_with_plan,partial_payment,2024-12-06:17762.28|2025-01-15:106515.72,2025-01-15,none,Requested: ZAR 124278. Safe to pay today: ZAR 17762.28. Current available balance: ZAR 64120; required minimum balance: ZAR 35300. Recommendation: partial_payment. Payment plan: 2024-12-06:17762.28|2025-01-15:106515.72. The selected plan completes the request by its deadline while preserving the 90-day minimum-balance requirement. Earliest safe full-payment date: 2025-01-15. Included confirmed salary: ZAR 53680 on 2024-12-15. Included recurring rent expense: ZAR 15158.
request_251,900.74,not_affordable,not_recommended,none,,none,Requested: EUR 1513.6. Safe to pay today: EUR 900.74. Current available balance: EUR 4648.55; required minimum balance: EUR 1300. Recommendation: not_recommended. No safe eligible supplied payment plan completes the request by 2025-06-06 while preserving the 90-day minimum-balance requirement. Included recurring rent expense: EUR 401.5.
request_252,6707759.63,affordable_later,wait,2026-08-15:28082000,2026-08-15,none,Requested: IDR 28082000. Safe to pay today: IDR 6707759.63. Current available balance: IDR 25250700; required minimum balance: IDR 15152200. Recommendation: wait. Payment plan: 2026-08-15:28082000. The selected full payment becomes safe later within the forecast horizon. Included recurring housing expense: IDR 1453500.
request_253,1566.77,affordable_with_plan,installments,2024-03-21:984.6|2024-04-21:984.6|2024-05-22:984.6,2024-04-15,none,Requested: EUR 2840.2. Safe to pay today: EUR 1566.77. Current available balance: EUR 4635.57; required minimum balance: EUR 2300. Recommendation: installments. Payment plan: 2024-03-21:984.6|2024-04-21:984.6|2024-05-22:984.6. The selected plan completes the request by its deadline while preserving the 90-day minimum-balance requirement. Earliest safe full-payment date: 2024-04-15. Included recurring rent expense: EUR 883.3.
request_254,824.45,affordable_later,wait,2025-09-15:3535.2,2025-09-15,none,Requested: USD 3535.2. Safe to pay today: USD 824.45. Current available balance: USD 4259.6; required minimum balance: USD 2500. Recommendation: wait. Payment plan: 2025-09-15:3535.2. The selected full payment becomes safe later within the forecast horizon. Included recurring housing expense: USD 244.
request_255,3345000.00,affordable_now,full_payment,2026-04-06:3345000,2026-04-06,none,Requested: IDR 3345000. Safe to pay today: IDR 3345000.00. Current available balance: IDR 38518150; required minimum balance: IDR 9813900. Recommendation: full_payment. Payment plan: 2026-04-06:3345000. The selected full payment is safe on the request date under the deterministic 90-day forecast. Included recurring rent expense: IDR 3838000.
request_256,86497.26,not_affordable,not_recommended,none,,none,Requested: INR 218700. Safe to pay today: INR 86497.26. Current available balance: INR 394983.28; required minimum balance: INR 168600. Recommendation: not_recommended. No safe eligible supplied payment plan completes the request by 2024-08-19 while preserving the 90-day minimum-balance requirement. Included confirmed salary: INR 214000 on 2024-06-15. Included recurring rent expense: INR 56600.
request_257,581.03,affordable_later,wait,2025-11-15:1352.4,2025-11-15,none,Requested: USD 1352.4. Safe to pay today: USD 581.03. Current available balance: USD 2685.2; required minimum balance: USD 1600. Recommendation: wait. Payment plan: 2025-11-15:1352.4. The selected full payment becomes safe later within the forecast horizon. Included confirmed salary: USD 1954.37 on 2025-11-15. Included recurring rent expense: USD 540.
request_258,1113.60,affordable_now,full_payment,2026-01-07:1113.6,2026-01-07,none,Requested: USD 1113.6. Safe to pay today: USD 1113.60. Current available balance: USD 2603.68; required minimum balance: USD 500. Recommendation: full_payment. Payment plan: 2026-01-07:1113.6. The selected full payment is safe on the request date under the deterministic 90-day forecast. Included confirmed salary: USD 572.88 on 2026-01-15. Included recurring rent expense: USD 242.4.
request_259,206.98,affordable_later,wait,2024-10-15:935,2024-10-15,none,Requested: EUR 935. Safe to pay today: EUR 206.98. Current available balance: EUR 1269.3; required minimum balance: EUR 600. Recommendation: wait. Payment plan: 2024-10-15:935. The selected full payment becomes safe later within the forecast horizon. Included recurring rent expense: EUR 240.9.
request_260,9796636.24,affordable_with_plan,partial_payment,2025-02-06:9796636.24|2025-02-15:42282363.76,2025-02-15,none,Requested: IDR 52079000. Safe to pay today: IDR 9796636.24. Current available balance: IDR 35787100; required minimum balance: IDR 20727700. Recommendation: partial_payment. Payment plan: 2025-02-06:9796636.24|2025-02-15:42282363.76. The selected plan completes the request by its deadline while preserving the 90-day minimum-balance requirement. Earliest safe full-payment date: 2025-02-15. Included confirmed salary: IDR 29259993.84 on 2025-02-15. Included recurring rent expense: IDR 8436000.
request_261,1830.40,affordable_now,full_payment,2026-07-03:1830.4,2026-07-03,none,Requested: EUR 1830.4. Safe to pay today: EUR 1830.40. Current available balance: EUR 4718.96; required minimum balance: EUR 1500. Recommendation: full_payment. Payment plan: 2026-07-03:1830.4. The selected full payment is safe on the request date under the deterministic 90-day forecast. Included recurring housing expense: EUR 301.
request_262,9236000.00,affordable_now,full_payment,2024-12-05:9236000,2024-12-05,none,Requested: IDR 9236000. Safe to pay today: IDR 9236000.00. Current available balance: IDR 88406100; required minimum balance: IDR 31018500. Recommendation: full_payment. Payment plan: 2024-12-05:9236000. The selected full payment is safe on the request date under the deterministic 90-day forecast. Included recurring rent expense: IDR 13452000.
request_263,8451.55,affordable_with_plan,partial_payment,2025-05-07:8451.55|2025-06-15:43094.45,2025-06-15,none,Requested: ZAR 51546. Safe to pay today: ZAR 8451.55. Current available balance: ZAR 38818; required minimum balance: ZAR 24100. Recommendation: partial_payment. Payment plan: 2025-05-07:8451.55|2025-06-15:43094.45. The selected plan completes the request by its deadline while preserving the 90-day minimum-balance requirement. Earliest safe full-payment date: 2025-06-15. Included confirmed salary: ZAR 29700 on 2025-05-15. Included recurring rent expense: ZAR 9174.
request_264,22782.49,affordable_later,wait,2026-05-15:111300,2026-05-15,none,Requested: INR 111300. Safe to pay today: INR 22782.49. Current available balance: INR 104375; required minimum balance: INR 59500. Recommendation: wait. Payment plan: 2026-05-15:111300. The selected full payment becomes safe later within the forecast horizon. Included recurring rent expense: INR 20400.
request_265,45970.00,affordable_now,full_payment,2024-03-06:45970,2024-03-06,none,Requested: INR 45970. Safe to pay today: INR 45970.00. Current available balance: INR 786105; required minimum balance: INR 189700. Recommendation: full_payment. Payment plan: 2024-03-06:45970. The selected full payment is safe on the request date under the deterministic 90-day forecast. Included recurring rent expense: INR 83700.
request_266,818.52,affordable_with_plan,installments,2025-08-03:324.13|2025-08-31:324.13|2025-09-28:324.13,2025-08-15,none,Requested: EUR 935. Safe to pay today: EUR 818.52. Current available balance: EUR 2354.92; required minimum balance: EUR 900. Recommendation: installments. Payment plan: 2025-08-03:324.13|2025-08-31:324.13|2025-09-28:324.13. The selected plan completes the request by its deadline while preserving the 90-day minimum-balance requirement. Earliest safe full-payment date: 2025-08-15. Included recurring rent expense: EUR 266.2.
request_267,1739.79,affordable_with_plan,installments,2026-01-08:667.33|2026-02-07:667.33|2026-03-09:667.33,2026-01-15,none,Requested: EUR 1925. Safe to pay today: EUR 1739.79. Current available balance: EUR 3648.98; required minimum balance: EUR 1500. Recommendation: installments. Payment plan: 2026-01-08:667.33|2026-02-07:667.33|2026-03-09:667.33. The selected plan completes the request by its deadline while preserving the 90-day minimum-balance requirement. Earliest safe full-payment date: 2026-01-15. Included recurring rent expense: EUR 575.3.
request_268,1134.52,affordable_with_plan,installments,2024-06-14:841.22|2024-07-15:841.22|2024-08-15:841.22,2024-07-15,none,Requested: EUR 2426.6. Safe to pay today: EUR 1134.52. Current available balance: EUR 2912.52; required minimum balance: EUR 1400. Recommendation: installments. Payment plan: 2024-06-14:841.22|2024-07-15:841.22|2024-08-15:841.22. The selected plan completes the request by its deadline while preserving the 90-day minimum-balance requirement. Earliest safe full-payment date: 2024-07-15. Included recurring rent expense: EUR 557.7.
request_269,0,not_affordable,not_recommended,none,,none,Requested: ZAR 15490. Safe to pay today: ZAR 0. Current available balance: ZAR 45307.9; required minimum balance: ZAR 23100. Recommendation: not_recommended. No safe eligible supplied payment plan completes the request by 2026-01-02 while preserving the 90-day minimum-balance requirement. Included recurring rent expense: ZAR 11484.
request_270,255.68,not_affordable,not_recommended,none,2026-07-27,none,Requested: USD 3028.8. Safe to pay today: USD 255.68. Current available balance: USD 1935.4; required minimum balance: USD 1400. Recommendation: not_recommended. No safe eligible supplied payment plan completes the request by 2026-08-30 while preserving the 90-day minimum-balance requirement. Earliest safe full-payment date: 2026-07-27. Included confirmed salary: USD 1071.36 on 2026-07-15. Included recurring housing expense: USD 183.
request_271,24717.65,affordable_later,wait,2024-10-15:91300,2024-10-15,none,Requested: INR 91300. Safe to pay today: INR 24717.65. Current available balance: INR 142960; required minimum balance: INR 58200. Recommendation: wait. Payment plan: 2024-10-15:91300. The selected full payment becomes safe later within the forecast horizon. Included recurring rent expense: INR 27800.
request_272,6128654.63,affordable_with_plan,installments,2025-02-12:4709466.67|2025-03-12:4709466.67|2025-04-09:4709466.67,2025-02-15,none,Requested: IDR 13585000. Safe to pay today: IDR 6128654.63. Current available balance: IDR 16324524; required minimum balance: IDR 7508600. Recommendation: installments. Payment plan: 2025-02-12:4709466.67|2025-03-12:4709466.67|2025-04-09:4709466.67. The selected plan completes the request by its deadline while preserving the 90-day minimum-balance requirement. Earliest safe full-payment date: 2025-02-15. Included recurring housing expense: IDR 836000.
request_273,10756514.78,affordable_with_plan,partial_payment,2026-04-07:10756514.78|2026-04-15:5104485.22,2026-04-15,none,Requested: IDR 15861000. Safe to pay today: IDR 10756514.78. Current available balance: IDR 32146800; required minimum balance: IDR 18774600. Recommendation: partial_payment. Payment plan: 2026-04-07:10756514.78|2026-04-15:5104485.22. The selected plan completes the request by its deadline while preserving the 90-day minimum-balance requirement. Earliest safe full-payment date: 2026-04-15. Included recurring rent expense: IDR 10374000.
request_274,2373.68,affordable_with_plan,installments,2024-12-04:940.75|2025-01-04:940.75|2025-02-04:940.75,2024-12-15,none,Requested: EUR 2713.7. Safe to pay today: EUR 2373.68. Current available balance: EUR 4847.31; required minimum balance: EUR 1800. Recommendation: installments. Payment plan: 2024-12-04:940.75|2025-01-04:940.75|2025-02-04:940.75. The selected plan completes the request by its deadline while preserving the 90-day minimum-balance requirement. Earliest safe full-payment date: 2024-12-15. Included recurring rent expense: EUR 576.4.
request_275,15884000.00,affordable_now,full_payment,2025-05-06:15884000,2025-05-06,none,Requested: IDR 15884000. Safe to pay today: IDR 15884000.00. Current available balance: IDR 37206450; required minimum balance: IDR 12760100. Recommendation: full_payment. Payment plan: 2025-05-06:15884000. The selected full payment is safe on the request date under the deterministic 90-day forecast. Included recurring rent expense: IDR 5225000.
