request_id,event_id,event_date,settlement_date,amount,direction,status,cash_treatment,included_in_forecast,reason
request_01,event_33,2023-09-08,2023-09-08,925.62,debit,settled,settled_cash,no,outside request 90-day window
request_01,event_59,2023-09-09,2023-09-09,399.02,debit,settled,settled_cash,no,outside request 90-day window
request_01,event_85,2023-09-10,2023-09-10,1213.78,debit,settled,settled_cash,no,outside request 90-day window
request_01,event_34,2023-09-15,2023-09-15,939.13,debit,settled,settled_cash,no,outside request 90-day window
request_01,event_60,2023-09-16,2023-09-16,549.8,debit,settled,settled_cash,no,outside request 90-day window
request_01,event_35,2023-09-22,2023-09-22,707.36,debit,settled,settled_cash,no,outside request 90-day window
request_01,event_61,2023-09-23,2023-09-23,468.47,debit,settled,settled_cash,no,outside request 90-day window
request_01,event_86,2023-09-24,2023-09-24,1243.56,debit,settled,settled_cash,no,outside request 90-day window
request_01,event_36,2023-09-29,2023-09-29,629.96,debit,settled,settled_cash,no,outside request 90-day window
request_01,event_62,2023-09-30,2023-09-30,428.92,debit,settled,settled_cash,no,outside request 90-day window
request_01,event_01,2023-10-02,2023-10-02,5148,debit,settled,settled_cash,yes (recurrence source),historical/evidence source used to project recurring stream
request_01,event_02,2023-10-06,2023-10-06,1475.46,debit,settled,settled_cash,yes (recurrence source),historical/evidence source used to project recurring stream
request_01,event_37,2023-10-06,2023-10-06,873.17,debit,settled,settled_cash,no,outside request 90-day window
request_01,event_63,2023-10-07,2023-10-07,373.05,debit,settled,settled_cash,no,outside request 90-day window
request_01,event_03,2023-10-08,2023-10-08,1821.6,debit,settled,settled_cash,yes (recurrence source),historical/evidence source used to project recurring stream
request_01,event_87,2023-10-08,2023-10-08,1128.35,debit,settled,settled_cash,no,outside request 90-day window
request_01,event_04,2023-10-11,2023-10-11,3487,debit,settled,settled_cash,yes (recurrence source),historical/evidence source used to project recurring stream
request_01,event_05,2023-10-11,2023-10-11,235.4,debit,settled,settled_cash,yes (recurrence source),historical/evidence source used to project recurring stream
request_01,event_06,2023-10-13,2023-10-13,306.9,debit,settled,settled_cash,yes (recurrence source),historical/evidence source used to project recurring stream
request_01,event_38,2023-10-13,2023-10-13,915.12,debit,settled,settled_cash,no,outside request 90-day window
request_01,event_64,2023-10-14,2023-10-14,503.02,debit,settled,settled_cash,no,outside request 90-day window
request_01,event_39,2023-10-20,2023-10-20,644.3,debit,settled,settled_cash,no,outside request 90-day window
request_01,event_65,2023-10-21,2023-10-21,351.49,debit,settled,settled_cash,no,outside request 90-day window
request_01,event_88,2023-10-22,2023-10-22,1027.06,debit,settled,settled_cash,no,outside request 90-day window
request_01,event_40,2023-10-27,2023-10-27,663.27,debit,settled,settled_cash,no,outside request 90-day window
request_01,event_66,2023-10-28,2023-10-28,553.74,debit,settled,settled_cash,no,outside request 90-day window
request_01,event_07,2023-11-02,2023-11-02,5148,debit,settled,settled_cash,yes (recurrence source),historical/evidence source used to project recurring stream
request_01,event_41,2023-11-03,2023-11-03,1030.1,debit,settled,settled_cash,no,outside request 90-day window
request_01,event_67,2023-11-04,2023-11-04,421.89,debit,settled,settled_cash,no,outside request 90-day window
request_01,event_89,2023-11-05,2023-11-05,1070.17,debit,settled,settled_cash,no,outside request 90-day window
request_01,event_08,2023-11-06,2023-11-06,1483.81,debit,settled,settled_cash,yes (recurrence source),historical/evidence source used to project recurring stream
request_01,event_09,2023-11-08,2023-11-08,1821.6,debit,settled,settled_cash,yes (recurrence source),historical/evidence source used to project recurring stream
request_01,event_42,2023-11-10,2023-11-10,672.37,debit,settled,settled_cash,no,outside request 90-day window
request_01,event_10,2023-11-11,2023-11-11,3487,debit,settled,settled_cash,yes (recurrence source),historical/evidence source used to project recurring stream
request_01,event_11,2023-11-11,2023-11-11,235.4,debit,settled,settled_cash,yes (recurrence source),historical/evidence source used to project recurring stream
request_01,event_68,2023-11-11,2023-11-11,347.86,debit,settled,settled_cash,no,outside request 90-day window
request_01,event_12,2023-11-13,2023-11-13,306.9,debit,settled,settled_cash,yes (recurrence source),historical/evidence source used to project recurring stream
request_01,event_43,2023-11-17,2023-11-17,803.55,debit,settled,settled_cash,no,outside request 90-day window
request_01,event_69,2023-11-18,2023-11-18,518.04,debit,settled,settled_cash,no,outside request 90-day window
request_01,event_90,2023-11-19,2023-11-19,956.7,debit,settled,settled_cash,no,outside request 90-day window
request_01,event_44,2023-11-24,2023-11-24,644.43,debit,settled,settled_cash,no,outside request 90-day window
request_01,event_70,2023-11-25,2023-11-25,444.56,debit,settled,settled_cash,no,outside request 90-day window
request_01,event_45,2023-12-01,2023-12-01,882.48,debit,settled,settled_cash,no,outside request 90-day window
request_01,event_13,2023-12-02,2023-12-02,5148,debit,settled,settled_cash,yes (recurrence source),historical/evidence source used to project recurring stream
request_01,event_71,2023-12-02,2023-12-02,323.58,debit,settled,settled_cash,no,outside request 90-day window
request_01,event_91,2023-12-03,2023-12-03,1160.42,debit,settled,settled_cash,no,outside request 90-day window
request_01,event_14,2023-12-06,2023-12-06,1541.75,debit,settled,settled_cash,yes (recurrence source),historical/evidence source used to project recurring stream
request_01,event_15,2023-12-08,2023-12-08,1821.6,debit,settled,settled_cash,yes (recurrence source),historical/evidence source used to project recurring stream
request_01,event_46,2023-12-08,2023-12-08,602.87,debit,settled,settled_cash,no,outside request 90-day window
request_01,event_72,2023-12-09,2023-12-09,478.16,debit,settled,settled_cash,no,outside request 90-day window
request_01,event_16,2023-12-11,2023-12-11,3487,debit,settled,settled_cash,yes (recurrence source),historical/evidence source used to project recurring stream
request_01,event_17,2023-12-11,2023-12-11,235.4,debit,settled,settled_cash,yes (recurrence source),historical/evidence source used to project recurring stream
request_01,event_18,2023-12-13,2023-12-13,306.9,debit,settled,settled_cash,yes (recurrence source),historical/evidence source used to project recurring stream
request_01,event_47,2023-12-15,2023-12-15,765.64,debit,settled,settled_cash,no,outside request 90-day window
request_01,event_73,2023-12-16,2023-12-16,534.56,debit,settled,settled_cash,no,outside request 90-day window
request_01,event_92,2023-12-17,2023-12-17,972.88,debit,settled,settled_cash,no,outside request 90-day window
request_01,event_48,2023-12-22,2023-12-22,651.12,debit,settled,settled_cash,no,outside request 90-day window
request_01,event_74,2023-12-23,2023-12-23,411.07,debit,settled,settled_cash,no,outside request 90-day window
request_01,event_49,2023-12-29,2023-12-29,899.04,debit,settled,settled_cash,no,outside request 90-day window
request_01,event_75,2023-12-30,2023-12-30,374.6,debit,settled,settled_cash,no,outside request 90-day window
request_01,event_93,2023-12-31,2023-12-31,914.64,debit,settled,settled_cash,no,outside request 90-day window
request_01,event_19,2024-01-02,2024-01-02,5148,debit,settled,settled_cash,yes (recurrence source),historical/evidence source used to project recurring stream
request_01,event_50,2024-01-05,2024-01-05,961.46,debit,settled,settled_cash,no,outside request 90-day window
request_01,event_20,2024-01-06,2024-01-06,1651.81,debit,settled,settled_cash,yes (recurrence source),historical/evidence source used to project recurring stream
request_01,event_76,2024-01-06,2024-01-06,358.85,debit,settled,settled_cash,no,outside request 90-day window
request_01,event_21,2024-01-08,2024-01-08,1821.6,debit,settled,settled_cash,yes (recurrence source),historical/evidence source used to project recurring stream
request_01,event_22,2024-01-11,2024-01-11,3487,debit,settled,settled_cash,yes (recurrence source),historical/evidence source used to project recurring stream
request_01,event_23,2024-01-11,2024-01-11,235.4,debit,settled,settled_cash,yes (recurrence source),historical/evidence source used to project recurring stream
request_01,event_51,2024-01-12,2024-01-12,875.35,debit,settled,settled_cash,yes (recurrence source),historical/evidence source used to project recurring stream
request_01,event_24,2024-01-13,2024-01-13,306.9,debit,settled,settled_cash,yes (recurrence source),historical/evidence source used to project recurring stream
request_01,event_77,2024-01-13,2024-01-13,434.69,debit,settled,settled_cash,no,outside request 90-day window
request_01,event_94,2024-01-14,2024-01-14,1017.11,debit,settled,settled_cash,no,outside request 90-day window
request_01,event_52,2024-01-19,2024-01-19,756.39,debit,settled,settled_cash,no,outside request 90-day window
request_01,event_78,2024-01-20,2024-01-20,375.73,debit,settled,settled_cash,no,outside request 90-day window
request_01,event_53,2024-01-26,2024-01-26,624.94,debit,settled,settled_cash,yes (recurrence source),historical/evidence source used to project recurring stream
request_01,event_98,2024-01-25,2024-01-26,583,debit,settled,settled_cash,no,outside request 90-day window
request_01,event_79,2024-01-27,2024-01-27,560.21,debit,settled,settled_cash,no,outside request 90-day window
request_01,event_95,2024-01-28,2024-01-28,1222.49,debit,settled,settled_cash,no,outside request 90-day window
request_01,event_99,2024-01-28,2024-01-29,583,credit,settled,settled_cash,no,outside request 90-day window
request_01,event_26,2024-02-02,2024-02-02,5148,debit,settled,settled_cash,yes (recurrence source),historical/evidence source used to project recurring stream
request_01,event_54,2024-02-02,2024-02-02,719.51,debit,settled,settled_cash,no,outside request 90-day window
request_01,event_80,2024-02-03,2024-02-03,406.54,debit,settled,settled_cash,no,outside request 90-day window
request_01,event_27,2024-02-06,2024-02-06,1386.17,debit,settled,settled_cash,yes (recurrence source),historical/evidence source used to project recurring stream
request_01,event_28,2024-02-08,2024-02-08,1821.6,debit,settled,settled_cash,yes (recurrence source),historical/evidence source used to project recurring stream
request_01,event_55,2024-02-09,2024-02-09,755.11,debit,settled,settled_cash,no,outside request 90-day window
request_01,event_81,2024-02-10,2024-02-10,488.36,debit,settled,settled_cash,no,outside request 90-day window
request_01,event_29,2024-02-11,2024-02-11,3487,debit,settled,settled_cash,yes (recurrence source),historical/evidence source used to project recurring stream
request_01,event_30,2024-02-11,2024-02-11,235.4,debit,settled,settled_cash,yes (recurrence source),historical/evidence source used to project recurring stream
request_01,event_96,2024-02-11,2024-02-11,1016.12,debit,settled,settled_cash,no,outside request 90-day window
request_01,event_31,2024-02-13,2024-02-13,306.9,debit,settled,settled_cash,yes (recurrence source),historical/evidence source used to project recurring stream
request_01,event_25,2024-02-15,2024-02-15,12826,credit,settled,settled_cash,no,outside request 90-day window
request_01,event_100,2024-02-14,2024-02-16,816.2,debit,cancelled,excluded_cancelled,no,outside request 90-day window
request_01,event_56,2024-02-16,2024-02-16,881.22,debit,settled,settled_cash,yes (recurrence source),historical/evidence source used to project recurring stream
request_01,event_101,2024-02-16,2024-02-17,816.2,debit,settled,settled_cash,no,outside request 90-day window
request_01,event_82,2024-02-17,2024-02-17,424.56,debit,settled,settled_cash,no,outside request 90-day window
request_01,event_57,2024-02-23,2024-02-23,626.01,debit,settled,settled_cash,no,outside request 90-day window
request_01,event_83,2024-02-24,2024-02-24,549.05,debit,settled,settled_cash,no,outside request 90-day window
request_01,event_97,2024-02-25,2024-02-25,1216.17,debit,settled,settled_cash,no,outside request 90-day window
request_01,event_58,2024-03-01,2024-03-01,964.05,debit,settled,settled_cash,no,outside request 90-day window
request_01,event_32,2024-03-02,2024-03-02,5148,debit,settled,settled_cash,yes (recurrence source),historical/evidence source used to project recurring stream
request_01,event_84,2024-03-02,2024-03-02,339.29,debit,settled,settled_cash,no,outside request 90-day window
request_01,event_102,2024-03-02,2024-03-05,567.6,debit,pending,reserve_pending_debit,yes (direct),eligible effective-date cash flow
request_01,event_103,2024-03-15,2024-03-15,23320,credit,scheduled,scheduled_cash,yes (direct),eligible effective-date cash flow
request_02,event_145,2025-02-10,2025-02-10,2477697.53,debit,settled,settled_cash,no,outside request 90-day window
request_02,event_163,2025-02-11,2025-02-11,1373039.34,debit,settled,settled_cash,no,outside request 90-day window
request_02,event_176,2025-02-12,2025-02-12,1166644.88,debit,settled,settled_cash,no,outside request 90-day window
request_02,event_146,2025-02-20,2025-02-20,1667911.86,debit,settled,settled_cash,no,outside request 90-day window
request_02,event_164,2025-02-25,2025-02-25,995704.83,debit,settled,settled_cash,no,outside request 90-day window
request_02,event_147,2025-03-02,2025-03-02,1418745.34,debit,settled,settled_cash,no,outside request 90-day window
request_02,event_105,2025-03-04,2025-03-04,3534000,debit,settled,settled_cash,yes (recurrence source),historical/evidence source used to project recurring stream
request_02,event_177,2025-03-05,2025-03-05,1101709.76,debit,settled,settled_cash,no,outside request 90-day window
request_02,event_106,2025-03-07,2025-03-07,2143659.02,debit,settled,settled_cash,yes (recurrence source),historical/evidence source used to project recurring stream
request_02,event_107,2025-03-08,2025-03-08,1132400,debit,settled,settled_cash,yes (recurrence source),historical/evidence source used to project recurring stream
request_02,event_108,2025-03-09,2025-03-09,3040000,debit,settled,settled_cash,yes (recurrence source),historical/evidence source used to project recurring stream
request_02,event_109,2025-03-11,2025-03-11,1594883.08,debit,settled,settled_cash,yes (recurrence source),historical/evidence source used to project recurring stream
request_02,event_165,2025-03-11,2025-03-11,1062246.98,debit,settled,settled_cash,no,outside request 90-day window
request_02,event_148,2025-03-12,2025-03-12,1455258.76,debit,settled,settled_cash,no,outside request 90-day window
request_02,event_111,2025-03-13,2025-03-13,369550,debit,settled,settled_cash,yes (recurrence source),historical/evidence source used to project recurring stream
request_02,event_104,2025-03-15,2025-03-15,33345000,credit,settled,settled_cash,yes (recurrence source),historical/evidence source used to project recurring stream
request_02,event_110,2025-03-15,2025-03-15,1289187.4,debit,settled,settled_cash,yes (recurrence source),historical/evidence source used to project recurring stream
request_02,event_149,2025-03-22,2025-03-22,1920485.7,debit,settled,settled_cash,no,outside request 90-day window
request_02,event_166,2025-03-25,2025-03-25,1053078.61,debit,settled,settled_cash,yes (recurrence source),historical/evidence source used to project recurring stream
request_02,event_178,2025-03-26,2025-03-26,935929.08,debit,settled,settled_cash,no,outside request 90-day window
request_02,event_150,2025-04-01,2025-04-01,1630631.42,debit,settled,settled_cash,no,outside request 90-day window
request_02,event_113,2025-04-04,2025-04-04,3534000,debit,settled,settled_cash,yes (recurrence source),historical/evidence source used to project recurring stream
request_02,event_114,2025-04-07,2025-04-07,2081730.85,debit,settled,settled_cash,yes (recurrence source),historical/evidence source used to project recurring stream
request_02,event_115,2025-04-08,2025-04-08,1132400,debit,settled,settled_cash,yes (recurrence source),historical/evidence source used to project recurring stream
request_02,event_167,2025-04-08,2025-04-08,1294200.86,debit,settled,settled_cash,yes (recurrence source),historical/evidence source used to project recurring stream
request_02,event_116,2025-04-09,2025-04-09,3040000,debit,settled,settled_cash,yes (recurrence source),historical/evidence source used to project recurring stream
request_02,event_117,2025-04-11,2025-04-11,1467514.81,debit,settled,settled_cash,yes (recurrence source),historical/evidence source used to project recurring stream
request_02,event_151,2025-04-11,2025-04-11,1664708.05,debit,settled,settled_cash,no,outside request 90-day window
request_02,event_119,2025-04-13,2025-04-13,369550,debit,settled,settled_cash,yes (recurrence source),historical/evidence source used to project recurring stream
request_02,event_112,2025-04-15,2025-04-15,33345000,credit,settled,settled_cash,yes (recurrence source),historical/evidence source used to project recurring stream
request_02,event_118,2025-04-15,2025-04-15,1367779.89,debit,settled,settled_cash,yes (recurrence source),historical/evidence source used to project recurring stream
request_02,event_179,2025-04-16,2025-04-16,1271076.93,debit,settled,settled_cash,no,outside request 90-day window
request_02,event_152,2025-04-21,2025-04-21,1478895.05,debit,settled,settled_cash,no,outside request 90-day window
request_02,event_168,2025-04-22,2025-04-22,1440242.94,debit,settled,settled_cash,yes (recurrence source),historical/evidence source used to project recurring stream
request_02,event_153,2025-05-01,2025-05-01,2192475.45,debit,settled,settled_cash,yes (recurrence source),historical/evidence source used to project recurring stream
request_02,event_121,2025-05-04,2025-05-04,3534000,debit,settled,settled_cash,yes (recurrence source),historical/evidence source used to project recurring stream
request_02,event_169,2025-05-06,2025-05-06,1021628.43,debit,settled,settled_cash,no,outside request 90-day window
request_02,event_122,2025-05-07,2025-05-07,1830311.06,debit,settled,settled_cash,yes (recurrence source),historical/evidence source used to project recurring stream
request_02,event_180,2025-05-07,2025-05-07,971169.92,debit,settled,settled_cash,no,outside request 90-day window
request_02,event_123,2025-05-08,2025-05-08,1132400,debit,settled,settled_cash,yes (recurrence source),historical/evidence source used to project recurring stream
request_02,event_124,2025-05-09,2025-05-09,3040000,debit,settled,settled_cash,yes (recurrence source),historical/evidence source used to project recurring stream
request_02,event_125,2025-05-11,2025-05-11,1452405.16,debit,settled,settled_cash,yes (recurrence source),historical/evidence source used to project recurring stream
request_02,event_154,2025-05-11,2025-05-11,1852958.27,debit,settled,settled_cash,no,outside request 90-day window
request_02,event_127,2025-05-13,2025-05-13,369550,debit,settled,settled_cash,yes (recurrence source),historical/evidence source used to project recurring stream
request_02,event_120,2025-05-15,2025-05-15,33345000,credit,settled,settled_cash,yes (recurrence source),historical/evidence source used to project recurring stream
request_02,event_126,2025-05-15,2025-05-15,1287628.28,debit,settled,settled_cash,yes (recurrence source),historical/evidence source used to project recurring stream
request_02,event_170,2025-05-20,2025-05-20,1374936.26,debit,settled,settled_cash,yes (recurrence source),historical/evidence source used to project recurring stream
request_02,event_155,2025-05-21,2025-05-21,2030400.43,debit,settled,settled_cash,no,outside request 90-day window
request_02,event_181,2025-05-28,2025-05-28,1111388.15,debit,settled,settled_cash,no,outside request 90-day window
request_02,event_156,2025-05-31,2025-05-31,1611886.08,debit,settled,settled_cash,yes (recurrence source),historical/evidence source used to project recurring stream
request_02,event_171,2025-06-03,2025-06-03,1329347.44,debit,settled,settled_cash,yes (recurrence source),historical/evidence source used to project recurring stream
request_02,event_129,2025-06-04,2025-06-04,3534000,debit,settled,settled_cash,yes (recurrence source),historical/evidence source used to project recurring stream
request_02,event_130,2025-06-07,2025-06-07,1981601.61,debit,settled,settled_cash,yes (recurrence source),historical/evidence source used to project recurring stream
request_02,event_131,2025-06-08,2025-06-08,1132400,debit,settled,settled_cash,yes (recurrence source),historical/evidence source used to project recurring stream
request_02,event_132,2025-06-09,2025-06-09,3040000,debit,settled,settled_cash,yes (recurrence source),historical/evidence source used to project recurring stream
request_02,event_157,2025-06-10,2025-06-10,2158165.32,debit,settled,settled_cash,no,outside request 90-day window
request_02,event_133,2025-06-11,2025-06-11,1641668.72,debit,settled,settled_cash,yes (recurrence source),historical/evidence source used to project recurring stream
request_02,event_135,2025-06-13,2025-06-13,369550,debit,settled,settled_cash,yes (recurrence source),historical/evidence source used to project recurring stream
request_02,event_128,2025-06-15,2025-06-15,33345000,credit,settled,settled_cash,yes (recurrence source),historical/evidence source used to project recurring stream
request_02,event_134,2025-06-15,2025-06-15,1193699.1,debit,settled,settled_cash,yes (recurrence source),historical/evidence source used to project recurring stream
request_02,event_172,2025-06-17,2025-06-17,1309608.46,debit,settled,settled_cash,yes (recurrence source),historical/evidence source used to project recurring stream
request_02,event_182,2025-06-18,2025-06-18,947892.35,debit,settled,settled_cash,no,outside request 90-day window
request_02,event_158,2025-06-20,2025-06-20,2222527.88,debit,settled,settled_cash,no,outside request 90-day window
request_02,event_159,2025-06-30,2025-06-30,2079368.25,debit,settled,settled_cash,no,outside request 90-day window
request_02,event_173,2025-07-01,2025-07-01,1111352.32,debit,settled,settled_cash,no,outside request 90-day window
request_02,event_137,2025-07-04,2025-07-04,3534000,debit,settled,settled_cash,yes (recurrence source),historical/evidence source used to project recurring stream
request_02,event_138,2025-07-07,2025-07-07,2141849.94,debit,settled,settled_cash,yes (recurrence source),historical/evidence source used to project recurring stream
request_02,event_139,2025-07-08,2025-07-08,1132400,debit,settled,settled_cash,yes (recurrence source),historical/evidence source used to project recurring stream
request_02,event_140,2025-07-09,2025-07-09,3040000,debit,settled,settled_cash,yes (recurrence source),historical/evidence source used to project recurring stream
request_02,event_183,2025-07-09,2025-07-09,1043758.65,debit,settled,settled_cash,no,outside request 90-day window
request_02,event_160,2025-07-10,2025-07-10,2218141.61,debit,settled,settled_cash,yes (recurrence source),historical/evidence source used to project recurring stream
request_02,event_141,2025-07-11,2025-07-11,1538498.1,debit,settled,settled_cash,yes (recurrence source),historical/evidence source used to project recurring stream
request_02,event_143,2025-07-13,2025-07-13,369550,debit,settled,settled_cash,yes (recurrence source),historical/evidence source used to project recurring stream
request_02,event_136,2025-07-15,2025-07-15,33345000,credit,settled,settled_cash,yes (recurrence source),historical/evidence source used to project recurring stream
request_02,event_142,2025-07-15,2025-07-15,1352563.79,debit,settled,settled_cash,yes (recurrence source),historical/evidence source used to project recurring stream
request_02,event_174,2025-07-15,2025-07-15,1327886.54,debit,settled,settled_cash,yes (recurrence source),historical/evidence source used to project recurring stream
request_02,event_161,2025-07-20,2025-07-20,2365919.6,debit,settled,settled_cash,no,outside request 90-day window
request_02,event_175,2025-07-29,2025-07-29,1062310.27,debit,settled,settled_cash,no,outside request 90-day window
request_02,event_162,2025-07-30,2025-07-30,1913686.86,debit,settled,settled_cash,no,outside request 90-day window
request_02,event_184,2025-07-30,2025-07-30,1204805.34,debit,settled,settled_cash,no,outside request 90-day window
request_02,event_144,2025-08-04,2025-08-04,3534000,debit,settled,settled_cash,yes (recurrence source),historical/evidence source used to project recurring stream
request_02,event_185,2025-08-04,2025-08-08,1651100,debit,pending,reserve_pending_debit,yes (direct),eligible effective-date cash flow
request_03,event_244,2019-03-09,2019-03-09,117456.78,debit,settled,settled_cash,no,outside request 90-day window
request_03,event_217,2019-03-12,2019-03-12,159576.52,debit,settled,settled_cash,yes (recurrence source),historical/evidence source used to project recurring stream
request_03,event_235,2019-03-13,2019-03-13,81510.25,debit,settled,settled_cash,no,outside request 90-day window
request_03,event_218,2019-03-22,2019-03-22,234390.87,debit,settled,settled_cash,yes (recurrence source),historical/evidence source used to project recurring stream
request_03,event_245,2019-03-30,2019-03-30,141412.46,debit,settled,settled_cash,no,outside request 90-day window
request_03,event_219,2019-04-01,2019-04-01,230312.98,debit,settled,settled_cash,yes (recurrence source),historical/evidence source used to project recurring stream
request_03,event_236,2019-04-03,2019-04-03,116319.21,debit,settled,settled_cash,no,outside request 90-day window
request_03,event_187,2019-04-04,2019-04-04,1140000,debit,settled,settled_cash,yes (recurrence source),historical/evidence source used to project recurring stream
request_03,event_188,2019-04-08,2019-04-08,295330.29,debit,settled,settled_cash,yes (recurrence source),historical/evidence source used to project recurring stream
request_03,event_190,2019-04-11,2019-04-11,117800,debit,settled,settled_cash,yes (recurrence source),historical/evidence source used to project recurring stream
request_03,event_220,2019-04-11,2019-04-11,234602.65,debit,settled,settled_cash,no,outside request 90-day window
request_03,event_189,2019-04-14,2019-04-14,20900,debit,settled,settled_cash,yes (recurrence source),historical/evidence source used to project recurring stream
request_03,event_191,2019-04-14,2019-04-14,151493.37,debit,settled,settled_cash,yes (recurrence source),historical/evidence source used to project recurring stream
request_03,event_186,2019-04-15,2019-04-15,4365000,credit,settled,settled_cash,yes (recurrence source),historical/evidence source used to project recurring stream
request_03,event_246,2019-04-20,2019-04-20,146236.28,debit,settled,settled_cash,no,outside request 90-day window
request_03,event_221,2019-04-21,2019-04-21,209875.85,debit,settled,settled_cash,no,outside request 90-day window
request_03,event_237,2019-04-24,2019-04-24,71790.29,debit,settled,settled_cash,no,outside request 90-day window
request_03,event_222,2019-05-01,2019-05-01,178469.49,debit,settled,settled_cash,no,outside request 90-day window
request_03,event_193,2019-05-04,2019-05-04,1140000,debit,settled,settled_cash,yes (recurrence source),historical/evidence source used to project recurring stream
request_03,event_194,2019-05-08,2019-05-08,290684.15,debit,settled,settled_cash,yes (recurrence source),historical/evidence source used to project recurring stream
request_03,event_196,2019-05-11,2019-05-11,117800,debit,settled,settled_cash,yes (recurrence source),historical/evidence source used to project recurring stream
request_03,event_223,2019-05-11,2019-05-11,180577.99,debit,settled,settled_cash,no,outside request 90-day window
request_03,event_247,2019-05-11,2019-05-11,132247.64,debit,settled,settled_cash,no,outside request 90-day window
request_03,event_195,2019-05-14,2019-05-14,20900,debit,settled,settled_cash,yes (recurrence source),historical/evidence source used to project recurring stream
request_03,event_197,2019-05-14,2019-05-14,184274.02,debit,settled,settled_cash,yes (recurrence source),historical/evidence source used to project recurring stream
request_03,event_192,2019-05-15,2019-05-15,4365000,credit,settled,settled_cash,yes (recurrence source),historical/evidence source used to project recurring stream
request_03,event_238,2019-05-15,2019-05-15,73531.06,debit,settled,settled_cash,no,outside request 90-day window
request_03,event_224,2019-05-21,2019-05-21,155851.46,debit,settled,settled_cash,no,outside request 90-day window
request_03,event_225,2019-05-31,2019-05-31,188355.72,debit,settled,settled_cash,no,outside request 90-day window
request_03,event_248,2019-06-01,2019-06-01,158476.5,debit,settled,settled_cash,no,outside request 90-day window
request_03,event_199,2019-06-04,2019-06-04,1140000,debit,settled,settled_cash,yes (recurrence source),historical/evidence source used to project recurring stream
request_03,event_239,2019-06-05,2019-06-05,106806.88,debit,settled,settled_cash,no,outside request 90-day window
request_03,event_200,2019-06-08,2019-06-08,270537.63,debit,settled,settled_cash,yes (recurrence source),historical/evidence source used to project recurring stream
request_03,event_226,2019-06-10,2019-06-10,166710.61,debit,settled,settled_cash,no,outside request 90-day window
request_03,event_202,2019-06-11,2019-06-11,117800,debit,settled,settled_cash,yes (recurrence source),historical/evidence source used to project recurring stream
request_03,event_201,2019-06-14,2019-06-14,20900,debit,settled,settled_cash,yes (recurrence source),historical/evidence source used to project recurring stream
request_03,event_203,2019-06-14,2019-06-14,153395.26,debit,settled,settled_cash,yes (recurrence source),historical/evidence source used to project recurring stream
request_03,event_198,2019-06-15,2019-06-15,4365000,credit,settled,settled_cash,yes (recurrence source),historical/evidence source used to project recurring stream
request_03,event_227,2019-06-20,2019-06-20,171495.67,debit,settled,settled_cash,no,outside request 90-day window
request_03,event_249,2019-06-22,2019-06-22,175170.67,debit,settled,settled_cash,no,outside request 90-day window
request_03,event_240,2019-06-26,2019-06-26,79693.97,debit,settled,settled_cash,no,outside request 90-day window
request_03,event_228,2019-06-30,2019-06-30,145691.38,debit,settled,settled_cash,no,outside request 90-day window
request_03,event_205,2019-07-04,2019-07-04,1140000,debit,settled,settled_cash,yes (recurrence source),historical/evidence source used to project recurring stream
request_03,event_206,2019-07-08,2019-07-08,303042.45,debit,settled,settled_cash,yes (recurrence source),historical/evidence source used to project recurring stream
request_03,event_229,2019-07-10,2019-07-10,171259.18,debit,settled,settled_cash,no,outside request 90-day window
request_03,event_208,2019-07-11,2019-07-11,117800,debit,settled,settled_cash,yes (recurrence source),historical/evidence source used to project recurring stream
request_03,event_250,2019-07-13,2019-07-13,171303.21,debit,settled,settled_cash,no,outside request 90-day window
request_03,event_207,2019-07-14,2019-07-14,20900,debit,settled,settled_cash,yes (recurrence source),historical/evidence source used to project recurring stream
request_03,event_209,2019-07-14,2019-07-14,173930.81,debit,settled,settled_cash,yes (recurrence source),historical/evidence source used to project recurring stream
request_03,event_204,2019-07-15,2019-07-15,4365000,credit,settled,settled_cash,yes (recurrence source),historical/evidence source used to project recurring stream
request_03,event_241,2019-07-17,2019-07-17,83523.33,debit,settled,settled_cash,no,outside request 90-day window
request_03,event_230,2019-07-20,2019-07-20,173004.74,debit,settled,settled_cash,no,outside request 90-day window
request_03,event_231,2019-07-30,2019-07-30,214266.98,debit,settled,settled_cash,no,outside request 90-day window
request_03,event_251,2019-08-03,2019-08-03,171191.99,debit,settled,settled_cash,no,outside request 90-day window
request_03,event_212,2019-08-04,2019-08-04,1140000,debit,settled,settled_cash,yes (recurrence source),historical/evidence source used to project recurring stream
request_03,event_242,2019-08-07,2019-08-07,99961.13,debit,settled,settled_cash,no,outside request 90-day window
request_03,event_213,2019-08-08,2019-08-08,262344.55,debit,settled,settled_cash,yes (recurrence source),historical/evidence source used to project recurring stream
request_03,event_232,2019-08-09,2019-08-09,221578.88,debit,settled,settled_cash,no,outside request 90-day window
request_03,event_215,2019-08-11,2019-08-11,117800,debit,settled,settled_cash,yes (recurrence source),historical/evidence source used to project recurring stream
request_03,event_214,2019-08-14,2019-08-14,20900,debit,settled,settled_cash,yes (recurrence source),historical/evidence source used to project recurring stream
request_03,event_216,2019-08-14,2019-08-14,180395.29,debit,settled,settled_cash,yes (recurrence source),historical/evidence source used to project recurring stream
request_03,event_210,2019-08-15,2019-08-15,4365000,credit,settled,settled_cash,yes (recurrence source),historical/evidence source used to project recurring stream
request_03,event_233,2019-08-19,2019-08-19,240706.45,debit,settled,settled_cash,no,outside request 90-day window
request_03,event_211,2019-08-20,2019-08-20,1964250,credit,settled,settled_cash,no,outside request 90-day window
request_03,event_252,2019-08-24,2019-08-24,135718.35,debit,settled,settled_cash,no,outside request 90-day window
request_03,event_243,2019-08-28,2019-08-28,106233.46,debit,settled,settled_cash,no,outside request 90-day window
request_03,event_234,2019-08-29,2019-08-29,200238.72,debit,settled,settled_cash,no,outside request 90-day window
request_03,event_253,2019-08-31,2019-08-31,,credit,settled,settled_cash,no,outside request 90-day window
request_03,event_254,2019-09-02,2019-09-07,95000,debit,pending,reserve_pending_debit,yes (direct),eligible effective-date cash flow
request_04,event_292,2023-12-09,2023-12-09,1685953.79,debit,settled,settled_cash,no,outside request 90-day window
request_04,event_318,2023-12-10,2023-12-10,649231.24,debit,settled,settled_cash,yes (recurrence source),historical/evidence source used to project recurring stream
request_04,event_344,2023-12-11,2023-12-11,2111827.25,debit,settled,settled_cash,no,outside request 90-day window
request_04,event_293,2023-12-16,2023-12-16,1749986.6,debit,settled,settled_cash,no,outside request 90-day window
request_04,event_319,2023-12-17,2023-12-17,876705.51,debit,settled,settled_cash,no,outside request 90-day window
request_04,event_294,2023-12-23,2023-12-23,1383275.31,debit,settled,settled_cash,no,outside request 90-day window
request_04,event_320,2023-12-24,2023-12-24,825832.49,debit,settled,settled_cash,no,outside request 90-day window
request_04,event_345,2023-12-25,2023-12-25,1839656.04,debit,settled,settled_cash,no,outside request 90-day window
request_04,event_295,2023-12-30,2023-12-30,1482897.31,debit,settled,settled_cash,no,outside request 90-day window
request_04,event_321,2023-12-31,2023-12-31,769694.2,debit,settled,settled_cash,no,outside request 90-day window
request_04,event_256,2024-01-01,2024-01-01,12293000,debit,settled,settled_cash,yes (recurrence source),historical/evidence source used to project recurring stream
request_04,event_257,2024-01-05,2024-01-05,2017103.37,debit,settled,settled_cash,yes (recurrence source),historical/evidence source used to project recurring stream
request_04,event_296,2024-01-06,2024-01-06,1818044.76,debit,settled,settled_cash,yes (recurrence source),historical/evidence source used to project recurring stream
request_04,event_322,2024-01-07,2024-01-07,841811.01,debit,settled,settled_cash,no,outside request 90-day window
request_04,event_346,2024-01-08,2024-01-08,1279029.86,debit,settled,settled_cash,no,outside request 90-day window
request_04,event_260,2024-01-09,2024-01-09,1027900,debit,settled,settled_cash,yes (recurrence source),historical/evidence source used to project recurring stream
request_04,event_258,2024-01-10,2024-01-10,332500,debit,settled,settled_cash,yes (recurrence source),historical/evidence source used to project recurring stream
request_04,event_259,2024-01-12,2024-01-12,377150,debit,settled,settled_cash,yes (recurrence source),historical/evidence source used to project recurring stream
request_04,event_261,2024-01-13,2024-01-13,1484369.68,debit,settled,settled_cash,yes (recurrence source),historical/evidence source used to project recurring stream
request_04,event_297,2024-01-13,2024-01-13,1413898.4,debit,settled,settled_cash,no,outside request 90-day window
request_04,event_323,2024-01-14,2024-01-14,820888.17,debit,settled,settled_cash,yes (recurrence source),historical/evidence source used to project recurring stream
request_04,event_255,2024-01-15,2024-01-15,38190000,credit,settled,settled_cash,yes (recurrence source),historical/evidence source used to project recurring stream
request_04,event_298,2024-01-20,2024-01-20,1351288.83,debit,settled,settled_cash,no,outside request 90-day window
request_04,event_324,2024-01-21,2024-01-21,870102.58,debit,settled,settled_cash,yes (recurrence source),historical/evidence source used to project recurring stream
request_04,event_347,2024-01-22,2024-01-22,2067659.14,debit,settled,settled_cash,no,outside request 90-day window
request_04,event_299,2024-01-27,2024-01-27,1178544.55,debit,settled,settled_cash,yes (recurrence source),historical/evidence source used to project recurring stream
request_04,event_325,2024-01-28,2024-01-28,1011616.29,debit,settled,settled_cash,yes (recurrence source),historical/evidence source used to project recurring stream
request_04,event_263,2024-02-01,2024-02-01,12293000,debit,settled,settled_cash,yes (recurrence source),historical/evidence source used to project recurring stream
request_04,event_300,2024-02-03,2024-02-03,1697006.55,debit,settled,settled_cash,no,outside request 90-day window
request_04,event_326,2024-02-04,2024-02-04,596927.82,debit,settled,settled_cash,no,outside request 90-day window
request_04,event_264,2024-02-05,2024-02-05,1981052.47,debit,settled,settled_cash,yes (recurrence source),historical/evidence source used to project recurring stream
request_04,event_348,2024-02-05,2024-02-05,1650545.96,debit,settled,settled_cash,no,outside request 90-day window
request_04,event_267,2024-02-09,2024-02-09,1027900,debit,settled,settled_cash,yes (recurrence source),historical/evidence source used to project recurring stream
request_04,event_265,2024-02-10,2024-02-10,332500,debit,settled,settled_cash,yes (recurrence source),historical/evidence source used to project recurring stream
request_04,event_301,2024-02-10,2024-02-10,1087788.82,debit,settled,settled_cash,yes (recurrence source),historical/evidence source used to project recurring stream
request_04,event_327,2024-02-11,2024-02-11,595968.94,debit,settled,settled_cash,yes (recurrence source),historical/evidence source used to project recurring stream
request_04,event_266,2024-02-12,2024-02-12,377150,debit,settled,settled_cash,yes (recurrence source),historical/evidence source used to project recurring stream
request_04,event_268,2024-02-13,2024-02-13,1375854.05,debit,settled,settled_cash,yes (recurrence source),historical/evidence source used to project recurring stream
request_04,event_262,2024-02-15,2024-02-15,38190000,credit,settled,settled_cash,yes (recurrence source),historical/evidence source used to project recurring stream
request_04,event_302,2024-02-17,2024-02-17,1753801.95,debit,settled,settled_cash,no,outside request 90-day window
request_04,event_328,2024-02-18,2024-02-18,954666.65,debit,settled,settled_cash,yes (recurrence source),historical/evidence source used to project recurring stream
request_04,event_349,2024-02-19,2024-02-19,1931412.81,debit,settled,settled_cash,yes (recurrence source),historical/evidence source used to project recurring stream
request_04,event_303,2024-02-24,2024-02-24,1203621.92,debit,settled,settled_cash,no,outside request 90-day window
request_04,event_329,2024-02-25,2024-02-25,843406.32,debit,settled,settled_cash,yes (recurrence source),historical/evidence source used to project recurring stream
request_04,event_271,2024-03-01,2024-03-01,12293000,debit,settled,settled_cash,yes (recurrence source),historical/evidence source used to project recurring stream
request_04,event_304,2024-03-02,2024-03-02,1674003.66,debit,settled,settled_cash,no,outside request 90-day window
request_04,event_330,2024-03-03,2024-03-03,589707.32,debit,settled,settled_cash,no,outside request 90-day window
request_04,event_350,2024-03-04,2024-03-04,1551598.07,debit,settled,settled_cash,no,outside request 90-day window
request_04,event_272,2024-03-05,2024-03-05,2033868.83,debit,settled,settled_cash,yes (recurrence source),historical/evidence source used to project recurring stream
request_04,event_275,2024-03-09,2024-03-09,1027900,debit,settled,settled_cash,yes (recurrence source),historical/evidence source used to project recurring stream
request_04,event_305,2024-03-09,2024-03-09,1347842.61,debit,settled,settled_cash,no,outside request 90-day window
request_04,event_273,2024-03-10,2024-03-10,332500,debit,settled,settled_cash,yes (recurrence source),historical/evidence source used to project recurring stream
request_04,event_331,2024-03-10,2024-03-10,997182.25,debit,settled,settled_cash,no,outside request 90-day window
request_04,event_274,2024-03-12,2024-03-12,377150,debit,settled,settled_cash,yes (recurrence source),historical/evidence source used to project recurring stream
request_04,event_276,2024-03-13,2024-03-13,1542620,debit,settled,settled_cash,yes (recurrence source),historical/evidence source used to project recurring stream
request_04,event_269,2024-03-15,2024-03-15,38190000,credit,settled,settled_cash,yes (recurrence source),historical/evidence source used to project recurring stream
request_04,event_306,2024-03-16,2024-03-16,1453711.32,debit,settled,settled_cash,no,outside request 90-day window
request_04,event_332,2024-03-17,2024-03-17,677221.86,debit,settled,settled_cash,yes (recurrence source),historical/evidence source used to project recurring stream
request_04,event_351,2024-03-18,2024-03-18,2102251.18,debit,settled,settled_cash,yes (recurrence source),historical/evidence source used to project recurring stream
request_04,event_270,2024-03-22,2024-03-22,10498464.28,credit,settled,settled_cash,no,outside request 90-day window
request_04,event_307,2024-03-23,2024-03-23,1447770.09,debit,settled,settled_cash,no,outside request 90-day window
request_04,event_333,2024-03-24,2024-03-24,889762.96,debit,settled,settled_cash,no,outside request 90-day window
request_04,event_308,2024-03-30,2024-03-30,1261462.72,debit,settled,settled_cash,yes (recurrence source),historical/evidence source used to project recurring stream
request_04,event_334,2024-03-31,2024-03-31,842011.07,debit,settled,settled_cash,no,outside request 90-day window
request_04,event_278,2024-04-01,2024-04-01,12293000,debit,settled,settled_cash,yes (recurrence source),historical/evidence source used to project recurring stream
request_04,event_352,2024-04-01,2024-04-01,1282286.6,debit,settled,settled_cash,no,outside request 90-day window
request_04,event_279,2024-04-05,2024-04-05,1980834.82,debit,settled,settled_cash,yes (recurrence source),historical/evidence source used to project recurring stream
request_04,event_309,2024-04-06,2024-04-06,1825667.28,debit,settled,settled_cash,yes (recurrence source),historical/evidence source used to project recurring stream
request_04,event_335,2024-04-07,2024-04-07,1000668.29,debit,settled,settled_cash,no,outside request 90-day window
request_04,event_282,2024-04-09,2024-04-09,1027900,debit,settled,settled_cash,yes (recurrence source),historical/evidence source used to project recurring stream
request_04,event_280,2024-04-10,2024-04-10,332500,debit,settled,settled_cash,yes (recurrence source),historical/evidence source used to project recurring stream
request_04,event_281,2024-04-12,2024-04-12,377150,debit,settled,settled_cash,yes (recurrence source),historical/evidence source used to project recurring stream
request_04,event_283,2024-04-13,2024-04-13,1291303.65,debit,settled,settled_cash,yes (recurrence source),historical/evidence source used to project recurring stream
request_04,event_310,2024-04-13,2024-04-13,1184189.4,debit,settled,settled_cash,no,outside request 90-day window
request_04,event_336,2024-04-14,2024-04-14,935850.82,debit,settled,settled_cash,no,outside request 90-day window
request_04,event_277,2024-04-15,2024-04-15,38190000,credit,settled,settled_cash,yes (recurrence source),historical/evidence source used to project recurring stream
request_04,event_353,2024-04-15,2024-04-15,1259307.64,debit,settled,settled_cash,no,outside request 90-day window
request_04,event_311,2024-04-20,2024-04-20,1617937.79,debit,settled,settled_cash,no,outside request 90-day window
request_04,event_337,2024-04-21,2024-04-21,874634.88,debit,settled,settled_cash,no,outside request 90-day window
request_04,event_312,2024-04-27,2024-04-27,1519414.73,debit,settled,settled_cash,no,outside request 90-day window
request_04,event_338,2024-04-28,2024-04-28,766019.04,debit,settled,settled_cash,no,outside request 90-day window
request_04,event_354,2024-04-29,2024-04-29,1661337.11,debit,settled,settled_cash,yes (recurrence source),historical/evidence source used to project recurring stream
request_04,event_285,2024-05-01,2024-05-01,12293000,debit,settled,settled_cash,yes (recurrence source),historical/evidence source used to project recurring stream
request_04,event_313,2024-05-04,2024-05-04,1831437.58,debit,settled,settled_cash,no,outside request 90-day window
request_04,event_286,2024-05-05,2024-05-05,2004118.6,debit,settled,settled_cash,yes (recurrence source),historical/evidence source used to project recurring stream
request_04,event_339,2024-05-05,2024-05-05,1030376.9,debit,settled,settled_cash,no,outside request 90-day window
request_04,event_289,2024-05-09,2024-05-09,1027900,debit,settled,settled_cash,yes (recurrence source),historical/evidence source used to project recurring stream
request_04,event_287,2024-05-10,2024-05-10,332500,debit,settled,settled_cash,yes (recurrence source),historical/evidence source used to project recurring stream
request_04,event_314,2024-05-11,2024-05-11,1698278.31,debit,settled,settled_cash,no,outside request 90-day window
request_04,event_288,2024-05-12,2024-05-12,377150,debit,settled,settled_cash,yes (recurrence source),historical/evidence source used to project recurring stream
request_04,event_340,2024-05-12,2024-05-12,912938.95,debit,settled,settled_cash,no,outside request 90-day window
request_04,event_290,2024-05-13,2024-05-13,1231859.39,debit,settled,settled_cash,yes (recurrence source),historical/evidence source used to project recurring stream
request_04,event_355,2024-05-13,2024-05-13,1886856.1,debit,settled,settled_cash,no,outside request 90-day window
request_04,event_284,2024-05-15,2024-05-15,38190000,credit,settled,settled_cash,yes (recurrence source),historical/evidence source used to project recurring stream
request_04,event_315,2024-05-18,2024-05-18,1075064.04,debit,settled,settled_cash,yes (recurrence source),historical/evidence source used to project recurring stream
request_04,event_341,2024-05-19,2024-05-19,853091.62,debit,settled,settled_cash,no,outside request 90-day window
request_04,event_316,2024-05-25,2024-05-25,1809752.54,debit,settled,settled_cash,no,outside request 90-day window
request_04,event_342,2024-05-26,2024-05-26,602450.01,debit,settled,settled_cash,no,outside request 90-day window
request_04,event_356,2024-05-27,2024-05-27,2108488.15,debit,settled,settled_cash,no,outside request 90-day window
request_04,event_291,2024-06-01,2024-06-01,12293000,debit,settled,settled_cash,yes (recurrence source),historical/evidence source used to project recurring stream
request_04,event_317,2024-06-01,2024-06-01,1433695.5,debit,settled,settled_cash,no,outside request 90-day window
request_04,event_343,2024-06-02,2024-06-02,1016425.58,debit,settled,settled_cash,no,outside request 90-day window
request_04,event_357,2024-06-04,2024-06-11,1704300,debit,scheduled,scheduled_cash,yes (direct),eligible effective-date cash flow
request_05,event_399,2025-05-13,2025-05-13,784.81,debit,settled,settled_cash,no,outside request 90-day window
request_05,event_425,2025-05-14,2025-05-14,489.31,debit,settled,settled_cash,no,outside request 90-day window
request_05,event_400,2025-05-20,2025-05-20,818.16,debit,settled,settled_cash,no,outside request 90-day window
request_05,event_401,2025-05-27,2025-05-27,680.15,debit,settled,settled_cash,no,outside request 90-day window
request_05,event_426,2025-05-28,2025-05-28,424.26,debit,settled,settled_cash,no,outside request 90-day window
request_05,event_359,2025-06-02,2025-06-02,4972,debit,settled,settled_cash,yes (recurrence source),historical/evidence source used to project recurring stream
request_05,event_402,2025-06-03,2025-06-03,530.44,debit,settled,settled_cash,no,outside request 90-day window
request_05,event_360,2025-06-06,2025-06-06,604.15,debit,settled,settled_cash,yes (recurrence source),historical/evidence source used to project recurring stream
request_05,event_362,2025-06-10,2025-06-10,777.27,debit,settled,settled_cash,yes (recurrence source),historical/evidence source used to project recurring stream
request_05,event_403,2025-06-10,2025-06-10,695.96,debit,settled,settled_cash,no,outside request 90-day window
request_05,event_361,2025-06-11,2025-06-11,968,debit,settled,settled_cash,yes (recurrence source),historical/evidence source used to project recurring stream
request_05,event_427,2025-06-11,2025-06-11,504.23,debit,settled,settled_cash,no,outside request 90-day window
request_05,event_364,2025-06-12,2025-06-12,113.3,debit,settled,settled_cash,yes (recurrence source),historical/evidence source used to project recurring stream
request_05,event_365,2025-06-12,2025-06-12,379.94,debit,settled,settled_cash,yes (recurrence source),historical/evidence source used to project recurring stream
request_05,event_363,2025-06-13,2025-06-13,840.4,debit,settled,settled_cash,yes (recurrence source),historical/evidence source used to project recurring stream
request_05,event_358,2025-06-15,2025-06-15,14740,credit,settled,settled_cash,no,outside request 90-day window
request_05,event_404,2025-06-17,2025-06-17,835,debit,settled,settled_cash,no,outside request 90-day window
request_05,event_405,2025-06-24,2025-06-24,635.23,debit,settled,settled_cash,no,outside request 90-day window
request_05,event_428,2025-06-25,2025-06-25,492.86,debit,settled,settled_cash,no,outside request 90-day window
request_05,event_406,2025-07-01,2025-07-01,661.93,debit,settled,settled_cash,no,outside request 90-day window
request_05,event_367,2025-07-02,2025-07-02,4972,debit,settled,settled_cash,yes (recurrence source),historical/evidence source used to project recurring stream
request_05,event_368,2025-07-06,2025-07-06,658.41,debit,settled,settled_cash,yes (recurrence source),historical/evidence source used to project recurring stream
request_05,event_407,2025-07-08,2025-07-08,567.19,debit,settled,settled_cash,no,outside request 90-day window
request_05,event_429,2025-07-09,2025-07-09,363.28,debit,settled,settled_cash,no,outside request 90-day window
request_05,event_370,2025-07-10,2025-07-10,641.37,debit,settled,settled_cash,yes (recurrence source),historical/evidence source used to project recurring stream
request_05,event_369,2025-07-11,2025-07-11,968,debit,settled,settled_cash,yes (recurrence source),historical/evidence source used to project recurring stream
request_05,event_372,2025-07-12,2025-07-12,113.3,debit,settled,settled_cash,yes (recurrence source),historical/evidence source used to project recurring stream
request_05,event_373,2025-07-12,2025-07-12,404.24,debit,settled,settled_cash,yes (recurrence source),historical/evidence source used to project recurring stream
request_05,event_371,2025-07-13,2025-07-13,840.4,debit,settled,settled_cash,yes (recurrence source),historical/evidence source used to project recurring stream
request_05,event_366,2025-07-15,2025-07-15,14740,credit,settled,settled_cash,no,outside request 90-day window
request_05,event_408,2025-07-15,2025-07-15,767.92,debit,settled,settled_cash,no,outside request 90-day window
request_05,event_409,2025-07-22,2025-07-22,807.31,debit,settled,settled_cash,no,outside request 90-day window
request_05,event_430,2025-07-23,2025-07-23,311,debit,settled,settled_cash,no,outside request 90-day window
request_05,event_410,2025-07-29,2025-07-29,800.63,debit,settled,settled_cash,no,outside request 90-day window
request_05,event_375,2025-08-02,2025-08-02,4972,debit,settled,settled_cash,yes (recurrence source),historical/evidence source used to project recurring stream
request_05,event_411,2025-08-05,2025-08-05,813.64,debit,settled,settled_cash,no,outside request 90-day window
request_05,event_376,2025-08-06,2025-08-06,750.89,debit,settled,settled_cash,yes (recurrence source),historical/evidence source used to project recurring stream
request_05,event_431,2025-08-06,2025-08-06,431.81,debit,settled,settled_cash,no,outside request 90-day window
request_05,event_378,2025-08-10,2025-08-10,632.59,debit,settled,settled_cash,yes (recurrence source),historical/evidence source used to project recurring stream
request_05,event_377,2025-08-11,2025-08-11,968,debit,settled,settled_cash,yes (recurrence source),historical/evidence source used to project recurring stream
request_05,event_380,2025-08-12,2025-08-12,113.3,debit,settled,settled_cash,yes (recurrence source),historical/evidence source used to project recurring stream
request_05,event_381,2025-08-12,2025-08-12,422.67,debit,settled,settled_cash,yes (recurrence source),historical/evidence source used to project recurring stream
request_05,event_412,2025-08-12,2025-08-12,853.42,debit,settled,settled_cash,no,outside request 90-day window
request_05,event_379,2025-08-13,2025-08-13,840.4,debit,settled,settled_cash,yes (recurrence source),historical/evidence source used to project recurring stream
request_05,event_374,2025-08-15,2025-08-15,14740,credit,settled,settled_cash,no,outside request 90-day window
request_05,event_413,2025-08-19,2025-08-19,773.83,debit,settled,settled_cash,no,outside request 90-day window
request_05,event_432,2025-08-20,2025-08-20,354.2,debit,settled,settled_cash,no,outside request 90-day window
request_05,event_414,2025-08-26,2025-08-26,845.02,debit,settled,settled_cash,no,outside request 90-day window
request_05,event_383,2025-09-02,2025-09-02,4972,debit,settled,settled_cash,yes (recurrence source),historical/evidence source used to project recurring stream
request_05,event_415,2025-09-02,2025-09-02,762.65,debit,settled,settled_cash,no,outside request 90-day window
request_05,event_433,2025-09-03,2025-09-03,485.59,debit,settled,settled_cash,no,outside request 90-day window
request_05,event_384,2025-09-06,2025-09-06,706.37,debit,settled,settled_cash,yes (recurrence source),historical/evidence source used to project recurring stream
request_05,event_416,2025-09-09,2025-09-09,515.4,debit,settled,settled_cash,no,outside request 90-day window
request_05,event_386,2025-09-10,2025-09-10,721.44,debit,settled,settled_cash,yes (recurrence source),historical/evidence source used to project recurring stream
request_05,event_385,2025-09-11,2025-09-11,968,debit,settled,settled_cash,yes (recurrence source),historical/evidence source used to project recurring stream
request_05,event_388,2025-09-12,2025-09-12,113.3,debit,settled,settled_cash,yes (recurrence source),historical/evidence source used to project recurring stream
request_05,event_389,2025-09-12,2025-09-12,420.31,debit,settled,settled_cash,yes (recurrence source),historical/evidence source used to project recurring stream
request_05,event_387,2025-09-13,2025-09-13,840.4,debit,settled,settled_cash,yes (recurrence source),historical/evidence source used to project recurring stream
request_05,event_382,2025-09-15,2025-09-15,14740,credit,settled,settled_cash,no,outside request 90-day window
request_05,event_417,2025-09-16,2025-09-16,682.39,debit,settled,settled_cash,no,outside request 90-day window
request_05,event_434,2025-09-17,2025-09-17,411.47,debit,settled,settled_cash,no,outside request 90-day window
request_05,event_418,2025-09-23,2025-09-23,675.81,debit,settled,settled_cash,no,outside request 90-day window
request_05,event_419,2025-09-30,2025-09-30,547.6,debit,settled,settled_cash,no,outside request 90-day window
request_05,event_435,2025-10-01,2025-10-01,377.26,debit,settled,settled_cash,no,outside request 90-day window
request_05,event_391,2025-10-02,2025-10-02,4972,debit,settled,settled_cash,yes (recurrence source),historical/evidence source used to project recurring stream
request_05,event_392,2025-10-06,2025-10-06,713.71,debit,settled,settled_cash,yes (recurrence source),historical/evidence source used to project recurring stream
request_05,event_420,2025-10-07,2025-10-07,826.66,debit,settled,settled_cash,no,outside request 90-day window
request_05,event_394,2025-10-10,2025-10-10,722.37,debit,settled,settled_cash,yes (recurrence source),historical/evidence source used to project recurring stream
request_05,event_393,2025-10-11,2025-10-11,968,debit,settled,settled_cash,yes (recurrence source),historical/evidence source used to project recurring stream
request_05,event_396,2025-10-12,2025-10-12,113.3,debit,settled,settled_cash,yes (recurrence source),historical/evidence source used to project recurring stream
request_05,event_397,2025-10-12,2025-10-12,362.09,debit,settled,settled_cash,yes (recurrence source),historical/evidence source used to project recurring stream
request_05,event_395,2025-10-13,2025-10-13,840.4,debit,settled,settled_cash,yes (recurrence source),historical/evidence source used to project recurring stream
request_05,event_421,2025-10-14,2025-10-14,768.64,debit,settled,settled_cash,no,outside request 90-day window
request_05,event_390,2025-10-15,2025-10-15,14740,credit,settled,settled_cash,no,outside request 90-day window
request_05,event_436,2025-10-15,2025-10-15,352.46,debit,settled,settled_cash,no,outside request 90-day window
request_05,event_422,2025-10-21,2025-10-21,709.62,debit,settled,settled_cash,no,outside request 90-day window
request_05,event_423,2025-10-28,2025-10-28,684.39,debit,settled,settled_cash,no,outside request 90-day window
request_05,event_437,2025-10-29,2025-10-29,388.74,debit,settled,settled_cash,no,outside request 90-day window
request_05,event_398,2025-11-02,2025-11-02,4972,debit,settled,settled_cash,yes (recurrence source),historical/evidence source used to project recurring stream
request_05,event_424,2025-11-04,2025-11-04,720.51,debit,settled,settled_cash,no,outside request 90-day window
request_05,event_438,2025-11-04,2025-11-04,389.4,debit,failed,excluded_failed,no,outside request 90-day window
request_06,event_479,2025-07-11,2025-07-11,43.16,debit,settled,settled_cash,no,outside request 90-day window
request_06,event_497,2025-07-12,2025-07-12,23.68,debit,settled,settled_cash,yes (recurrence source),historical/evidence source used to project recurring stream
request_06,event_532,2025-07-13,2025-07-13,53.26,debit,settled,settled_cash,no,outside request 90-day window
request_06,event_498,2025-07-17,2025-07-17,23.83,debit,settled,settled_cash,no,outside request 90-day window
request_06,event_533,2025-07-20,2025-07-20,50.79,debit,settled,settled_cash,no,outside request 90-day window
request_06,event_480,2025-07-21,2025-07-21,53.56,debit,settled,settled_cash,no,outside request 90-day window
request_06,event_499,2025-07-22,2025-07-22,24.21,debit,settled,settled_cash,yes (recurrence source),historical/evidence source used to project recurring stream
request_06,event_500,2025-07-27,2025-07-27,19.73,debit,settled,settled_cash,yes (recurrence source),historical/evidence source used to project recurring stream
request_06,event_534,2025-07-27,2025-07-27,34.99,debit,settled,settled_cash,no,outside request 90-day window
request_06,event_481,2025-07-31,2025-07-31,49.49,debit,settled,settled_cash,no,outside request 90-day window
request_06,event_501,2025-08-01,2025-08-01,32.17,debit,settled,settled_cash,no,outside request 90-day window
request_06,event_440,2025-08-03,2025-08-03,254.1,debit,settled,settled_cash,yes (recurrence source),historical/evidence source used to project recurring stream
request_06,event_535,2025-08-03,2025-08-03,42.1,debit,settled,settled_cash,no,outside request 90-day window
request_06,event_502,2025-08-06,2025-08-06,27.8,debit,settled,settled_cash,no,outside request 90-day window
request_06,event_441,2025-08-07,2025-08-07,58.34,debit,settled,settled_cash,yes (recurrence source),historical/evidence source used to project recurring stream
request_06,event_442,2025-08-08,2025-08-08,26,debit,settled,settled_cash,yes (recurrence source),historical/evidence source used to project recurring stream
request_06,event_444,2025-08-10,2025-08-10,19,debit,settled,settled_cash,yes (recurrence source),historical/evidence source used to project recurring stream
request_06,event_482,2025-08-10,2025-08-10,43.57,debit,settled,settled_cash,no,outside request 90-day window
request_06,event_536,2025-08-10,2025-08-10,48.98,debit,settled,settled_cash,no,outside request 90-day window
request_06,event_503,2025-08-11,2025-08-11,28.03,debit,settled,settled_cash,no,outside request 90-day window
request_06,event_443,2025-08-13,2025-08-13,5,debit,settled,settled_cash,yes (recurrence source),historical/evidence source used to project recurring stream
request_06,event_445,2025-08-13,2025-08-13,41.44,debit,settled,settled_cash,yes (recurrence source),historical/evidence source used to project recurring stream
request_06,event_439,2025-08-15,2025-08-15,1441,credit,settled,settled_cash,yes (recurrence source),historical/evidence source used to project recurring stream
request_06,event_446,2025-08-15,2025-08-15,32.1,debit,settled,settled_cash,yes (recurrence source),historical/evidence source used to project recurring stream
request_06,event_504,2025-08-16,2025-08-16,26.82,debit,settled,settled_cash,yes (recurrence source),historical/evidence source used to project recurring stream
request_06,event_537,2025-08-17,2025-08-17,46.84,debit,settled,settled_cash,no,outside request 90-day window
request_06,event_483,2025-08-20,2025-08-20,31.69,debit,settled,settled_cash,no,outside request 90-day window
request_06,event_505,2025-08-21,2025-08-21,27.29,debit,settled,settled_cash,yes (recurrence source),historical/evidence source used to project recurring stream
request_06,event_538,2025-08-24,2025-08-24,38.44,debit,settled,settled_cash,no,outside request 90-day window
request_06,event_506,2025-08-26,2025-08-26,31.89,debit,settled,settled_cash,yes (recurrence source),historical/evidence source used to project recurring stream
request_06,event_484,2025-08-30,2025-08-30,50.53,debit,settled,settled_cash,no,outside request 90-day window
request_06,event_507,2025-08-31,2025-08-31,27.65,debit,settled,settled_cash,yes (recurrence source),historical/evidence source used to project recurring stream
request_06,event_539,2025-08-31,2025-08-31,37.25,debit,settled,settled_cash,no,outside request 90-day window
request_06,event_448,2025-09-03,2025-09-03,254.1,debit,settled,settled_cash,yes (recurrence source),historical/evidence source used to project recurring stream
request_06,event_508,2025-09-05,2025-09-05,29.46,debit,settled,settled_cash,no,outside request 90-day window
request_06,event_449,2025-09-07,2025-09-07,52.62,debit,settled,settled_cash,yes (recurrence source),historical/evidence source used to project recurring stream
request_06,event_540,2025-09-07,2025-09-07,40.23,debit,settled,settled_cash,no,outside request 90-day window
request_06,event_450,2025-09-08,2025-09-08,26,debit,settled,settled_cash,yes (recurrence source),historical/evidence source used to project recurring stream
request_06,event_485,2025-09-09,2025-09-09,51.97,debit,settled,settled_cash,no,outside request 90-day window
request_06,event_452,2025-09-10,2025-09-10,19,debit,settled,settled_cash,yes (recurrence source),historical/evidence source used to project recurring stream
request_06,event_509,2025-09-10,2025-09-10,21.32,debit,settled,settled_cash,yes (recurrence source),historical/evidence source used to project recurring stream
request_06,event_451,2025-09-13,2025-09-13,5,debit,settled,settled_cash,yes (recurrence source),historical/evidence source used to project recurring stream
request_06,event_453,2025-09-13,2025-09-13,46.25,debit,settled,settled_cash,yes (recurrence source),historical/evidence source used to project recurring stream
request_06,event_541,2025-09-14,2025-09-14,43.95,debit,settled,settled_cash,no,outside request 90-day window
request_06,event_447,2025-09-15,2025-09-15,1441,credit,settled,settled_cash,yes (recurrence source),historical/evidence source used to project recurring stream
request_06,event_454,2025-09-15,2025-09-15,35.1,debit,settled,settled_cash,yes (recurrence source),historical/evidence source used to project recurring stream
request_06,event_510,2025-09-15,2025-09-15,29.47,debit,settled,settled_cash,no,outside request 90-day window
request_06,event_486,2025-09-19,2025-09-19,48.32,debit,settled,settled_cash,no,outside request 90-day window
request_06,event_511,2025-09-20,2025-09-20,28.08,debit,settled,settled_cash,yes (recurrence source),historical/evidence source used to project recurring stream
request_06,event_542,2025-09-21,2025-09-21,56.6,debit,settled,settled_cash,no,outside request 90-day window
request_06,event_512,2025-09-25,2025-09-25,31.87,debit,settled,settled_cash,no,outside request 90-day window
request_06,event_543,2025-09-28,2025-09-28,48.14,debit,settled,settled_cash,no,outside request 90-day window
request_06,event_487,2025-09-29,2025-09-29,51.55,debit,settled,settled_cash,yes (recurrence source),historical/evidence source used to project recurring stream
request_06,event_513,2025-09-30,2025-09-30,21.1,debit,settled,settled_cash,yes (recurrence source),historical/evidence source used to project recurring stream
request_06,event_456,2025-10-03,2025-10-03,254.1,debit,settled,settled_cash,yes (recurrence source),historical/evidence source used to project recurring stream
request_06,event_514,2025-10-05,2025-10-05,28.87,debit,settled,settled_cash,yes (recurrence source),historical/evidence source used to project recurring stream
request_06,event_544,2025-10-05,2025-10-05,37.02,debit,settled,settled_cash,no,outside request 90-day window
request_06,event_457,2025-10-07,2025-10-07,58.98,debit,settled,settled_cash,yes (recurrence source),historical/evidence source used to project recurring stream
request_06,event_458,2025-10-08,2025-10-08,26,debit,settled,settled_cash,yes (recurrence source),historical/evidence source used to project recurring stream
request_06,event_488,2025-10-09,2025-10-09,46.22,debit,settled,settled_cash,yes (recurrence source),historical/evidence source used to project recurring stream
request_06,event_460,2025-10-10,2025-10-10,19,debit,settled,settled_cash,yes (recurrence source),historical/evidence source used to project recurring stream
request_06,event_515,2025-10-10,2025-10-10,28.61,debit,settled,settled_cash,yes (recurrence source),historical/evidence source used to project recurring stream
request_06,event_545,2025-10-12,2025-10-12,47.33,debit,settled,settled_cash,no,outside request 90-day window
request_06,event_459,2025-10-13,2025-10-13,5,debit,settled,settled_cash,yes (recurrence source),historical/evidence source used to project recurring stream
request_06,event_461,2025-10-13,2025-10-13,39.46,debit,settled,settled_cash,yes (recurrence source),historical/evidence source used to project recurring stream
request_06,event_455,2025-10-15,2025-10-15,1441,credit,settled,settled_cash,yes (recurrence source),historical/evidence source used to project recurring stream
request_06,event_462,2025-10-15,2025-10-15,32.18,debit,settled,settled_cash,yes (recurrence source),historical/evidence source used to project recurring stream
request_06,event_516,2025-10-15,2025-10-15,22.14,debit,settled,settled_cash,no,outside request 90-day window
request_06,event_489,2025-10-19,2025-10-19,32.96,debit,settled,settled_cash,yes (recurrence source),historical/evidence source used to project recurring stream
request_06,event_546,2025-10-19,2025-10-19,54.09,debit,settled,settled_cash,no,outside request 90-day window
request_06,event_517,2025-10-20,2025-10-20,28.65,debit,settled,settled_cash,yes (recurrence source),historical/evidence source used to project recurring stream
request_06,event_518,2025-10-25,2025-10-25,23.31,debit,settled,settled_cash,no,outside request 90-day window
request_06,event_547,2025-10-26,2025-10-26,53.71,debit,settled,settled_cash,no,outside request 90-day window
request_06,event_490,2025-10-29,2025-10-29,51.4,debit,settled,settled_cash,no,outside request 90-day window
request_06,event_519,2025-10-30,2025-10-30,29.32,debit,settled,settled_cash,no,outside request 90-day window
request_06,event_548,2025-11-02,2025-11-02,32.9,debit,settled,settled_cash,no,outside request 90-day window
request_06,event_464,2025-11-03,2025-11-03,254.1,debit,settled,settled_cash,yes (recurrence source),historical/evidence source used to project recurring stream
request_06,event_520,2025-11-04,2025-11-04,24.5,debit,settled,settled_cash,no,outside request 90-day window
request_06,event_465,2025-11-07,2025-11-07,56.71,debit,settled,settled_cash,yes (recurrence source),historical/evidence source used to project recurring stream
request_06,event_466,2025-11-08,2025-11-08,26,debit,settled,settled_cash,yes (recurrence source),historical/evidence source used to project recurring stream
request_06,event_491,2025-11-08,2025-11-08,34,debit,settled,settled_cash,no,outside request 90-day window
request_06,event_521,2025-11-09,2025-11-09,31.69,debit,settled,settled_cash,yes (recurrence source),historical/evidence source used to project recurring stream
request_06,event_549,2025-11-09,2025-11-09,43.17,debit,settled,settled_cash,no,outside request 90-day window
request_06,event_468,2025-11-10,2025-11-10,19,debit,settled,settled_cash,yes (recurrence source),historical/evidence source used to project recurring stream
request_06,event_467,2025-11-13,2025-11-13,5,debit,settled,settled_cash,yes (recurrence source),historical/evidence source used to project recurring stream
request_06,event_469,2025-11-13,2025-11-13,37.96,debit,settled,settled_cash,yes (recurrence source),historical/evidence source used to project recurring stream
request_06,event_522,2025-11-14,2025-11-14,30.82,debit,settled,settled_cash,no,outside request 90-day window
request_06,event_463,2025-11-15,2025-11-15,1037.52,credit,settled,settled_cash,yes (recurrence source),historical/evidence source used to project recurring stream
request_06,event_470,2025-11-15,2025-11-15,37.36,debit,settled,settled_cash,yes (recurrence source),historical/evidence source used to project recurring stream
request_06,event_550,2025-11-16,2025-11-16,37.42,debit,settled,settled_cash,no,outside request 90-day window
request_06,event_492,2025-11-18,2025-11-18,45.4,debit,settled,settled_cash,no,outside request 90-day window
request_06,event_523,2025-11-19,2025-11-19,27.59,debit,settled,settled_cash,no,outside request 90-day window
request_06,event_551,2025-11-23,2025-11-23,55.16,debit,settled,settled_cash,no,outside request 90-day window
request_06,event_524,2025-11-24,2025-11-24,32.36,debit,settled,settled_cash,yes (recurrence source),historical/evidence source used to project recurring stream
request_06,event_493,2025-11-28,2025-11-28,51.23,debit,settled,settled_cash,no,outside request 90-day window
request_06,event_525,2025-11-29,2025-11-29,27.97,debit,settled,settled_cash,no,outside request 90-day window
request_06,event_552,2025-11-30,2025-11-30,57.57,debit,settled,settled_cash,no,outside request 90-day window
request_06,event_472,2025-12-03,2025-12-03,254.1,debit,settled,settled_cash,yes (recurrence source),historical/evidence source used to project recurring stream
request_06,event_526,2025-12-04,2025-12-04,29.57,debit,settled,settled_cash,no,outside request 90-day window
request_06,event_473,2025-12-07,2025-12-07,51.86,debit,settled,settled_cash,yes (recurrence source),historical/evidence source used to project recurring stream
request_06,event_553,2025-12-07,2025-12-07,45.39,debit,settled,settled_cash,no,outside request 90-day window
request_06,event_474,2025-12-08,2025-12-08,26,debit,settled,settled_cash,yes (recurrence source),historical/evidence source used to project recurring stream
request_06,event_494,2025-12-08,2025-12-08,40.91,debit,settled,settled_cash,no,outside request 90-day window
request_06,event_527,2025-12-09,2025-12-09,19.18,debit,settled,settled_cash,no,outside request 90-day window
request_06,event_476,2025-12-10,2025-12-10,19,debit,settled,settled_cash,yes (recurrence source),historical/evidence source used to project recurring stream
request_06,event_475,2025-12-13,2025-12-13,5,debit,settled,settled_cash,yes (recurrence source),historical/evidence source used to project recurring stream
request_06,event_477,2025-12-13,2025-12-13,39.88,debit,settled,settled_cash,yes (recurrence source),historical/evidence source used to project recurring stream
request_06,event_528,2025-12-14,2025-12-14,25.9,debit,settled,settled_cash,yes (recurrence source),historical/evidence source used to project recurring stream
request_06,event_554,2025-12-14,2025-12-14,36,debit,settled,settled_cash,no,outside request 90-day window
request_06,event_471,2025-12-15,2025-12-15,1037.52,credit,settled,settled_cash,yes (recurrence source),historical/evidence source used to project recurring stream
request_06,event_478,2025-12-15,2025-12-15,38.33,debit,settled,settled_cash,yes (recurrence source),historical/evidence source used to project recurring stream
request_06,event_495,2025-12-18,2025-12-18,52.76,debit,settled,settled_cash,no,outside request 90-day window
request_06,event_529,2025-12-19,2025-12-19,24.92,debit,settled,settled_cash,no,outside request 90-day window
request_06,event_555,2025-12-21,2025-12-21,57.28,debit,settled,settled_cash,no,outside request 90-day window
request_06,event_530,2025-12-24,2025-12-24,21.46,debit,settled,settled_cash,no,outside request 90-day window
request_06,event_496,2025-12-28,2025-12-28,32.69,debit,settled,settled_cash,no,outside request 90-day window
request_06,event_556,2025-12-28,2025-12-28,48.36,debit,settled,settled_cash,no,outside request 90-day window
request_06,event_531,2025-12-29,2025-12-29,32.9,debit,settled,settled_cash,yes (recurrence source),historical/evidence source used to project recurring stream
request_06,event_557,2025-12-30,2025-12-31,66,debit,cancelled,excluded_cancelled,no,outside request 90-day window
request_07,event_606,2024-03-11,2024-03-11,7246.72,debit,settled,settled_cash,no,outside request 90-day window
request_07,event_584,2024-03-14,2024-03-14,8380.73,debit,settled,settled_cash,no,outside request 90-day window
request_07,event_597,2024-03-15,2024-03-15,3690.82,debit,settled,settled_cash,no,outside request 90-day window
request_07,event_585,2024-03-28,2024-03-28,6433.29,debit,settled,settled_cash,no,outside request 90-day window
request_07,event_607,2024-04-01,2024-04-01,4111.12,debit,settled,settled_cash,no,outside request 90-day window
request_07,event_559,2024-04-04,2024-04-04,34200,debit,settled,settled_cash,yes (recurrence source),historical/evidence source used to project recurring stream
request_07,event_598,2024-04-05,2024-04-05,3465.99,debit,settled,settled_cash,no,outside request 90-day window
request_07,event_560,2024-04-08,2024-04-08,7219.31,debit,settled,settled_cash,yes (recurrence source),historical/evidence source used to project recurring stream
request_07,event_586,2024-04-11,2024-04-11,6022.17,debit,settled,settled_cash,no,outside request 90-day window
request_07,event_561,2024-04-13,2024-04-13,15650,debit,settled,settled_cash,yes (recurrence source),historical/evidence source used to project recurring stream
request_07,event_562,2024-04-13,2024-04-13,1005,debit,settled,settled_cash,yes (recurrence source),historical/evidence source used to project recurring stream
request_07,event_558,2024-04-15,2024-04-15,149000,credit,settled,settled_cash,yes (recurrence source),historical/evidence source used to project recurring stream
request_07,event_608,2024-04-22,2024-04-22,6371.55,debit,settled,settled_cash,yes (recurrence source),historical/evidence source used to project recurring stream
request_07,event_587,2024-04-25,2024-04-25,6789.05,debit,settled,settled_cash,no,outside request 90-day window
request_07,event_599,2024-04-26,2024-04-26,2786.58,debit,settled,settled_cash,no,outside request 90-day window
request_07,event_564,2024-05-04,2024-05-04,34200,debit,settled,settled_cash,yes (recurrence source),historical/evidence source used to project recurring stream
request_07,event_565,2024-05-08,2024-05-08,7049.68,debit,settled,settled_cash,yes (recurrence source),historical/evidence source used to project recurring stream
request_07,event_588,2024-05-09,2024-05-09,8280.58,debit,settled,settled_cash,no,outside request 90-day window
request_07,event_566,2024-05-13,2024-05-13,15650,debit,settled,settled_cash,yes (recurrence source),historical/evidence source used to project recurring stream
request_07,event_567,2024-05-13,2024-05-13,1005,debit,settled,settled_cash,yes (recurrence source),historical/evidence source used to project recurring stream
request_07,event_609,2024-05-13,2024-05-13,6313.91,debit,settled,settled_cash,no,outside request 90-day window
request_07,event_563,2024-05-15,2024-05-15,149000,credit,settled,settled_cash,yes (recurrence source),historical/evidence source used to project recurring stream
request_07,event_600,2024-05-17,2024-05-17,3104.36,debit,settled,settled_cash,no,outside request 90-day window
request_07,event_589,2024-05-23,2024-05-23,7329.91,debit,settled,settled_cash,no,outside request 90-day window
request_07,event_610,2024-06-03,2024-06-03,5802.49,debit,settled,settled_cash,yes (recurrence source),historical/evidence source used to project recurring stream
request_07,event_569,2024-06-04,2024-06-04,34200,debit,settled,settled_cash,yes (recurrence source),historical/evidence source used to project recurring stream
request_07,event_590,2024-06-06,2024-06-06,7849.54,debit,settled,settled_cash,no,outside request 90-day window
request_07,event_601,2024-06-07,2024-06-07,2439.43,debit,settled,settled_cash,no,outside request 90-day window
request_07,event_570,2024-06-08,2024-06-08,7387.41,debit,settled,settled_cash,yes (recurrence source),historical/evidence source used to project recurring stream
request_07,event_571,2024-06-13,2024-06-13,15650,debit,settled,settled_cash,yes (recurrence source),historical/evidence source used to project recurring stream
request_07,event_572,2024-06-13,2024-06-13,1005,debit,settled,settled_cash,yes (recurrence source),historical/evidence source used to project recurring stream
request_07,event_568,2024-06-15,2024-06-15,149000,credit,settled,settled_cash,yes (recurrence source),historical/evidence source used to project recurring stream
request_07,event_591,2024-06-20,2024-06-20,7968.39,debit,settled,settled_cash,no,outside request 90-day window
request_07,event_611,2024-06-24,2024-06-24,4541.62,debit,settled,settled_cash,yes (recurrence source),historical/evidence source used to project recurring stream
request_07,event_602,2024-06-28,2024-06-28,3822.62,debit,settled,settled_cash,yes (recurrence source),historical/evidence source used to project recurring stream
request_07,event_574,2024-07-04,2024-07-04,34200,debit,settled,settled_cash,yes (recurrence source),historical/evidence source used to project recurring stream
request_07,event_592,2024-07-04,2024-07-04,6889.87,debit,settled,settled_cash,no,outside request 90-day window
request_07,event_575,2024-07-08,2024-07-08,6081.25,debit,settled,settled_cash,yes (recurrence source),historical/evidence source used to project recurring stream
request_07,event_576,2024-07-13,2024-07-13,15650,debit,settled,settled_cash,yes (recurrence source),historical/evidence source used to project recurring stream
request_07,event_577,2024-07-13,2024-07-13,1005,debit,settled,settled_cash,yes (recurrence source),historical/evidence source used to project recurring stream
request_07,event_573,2024-07-15,2024-07-15,149000,credit,settled,settled_cash,yes (recurrence source),historical/evidence source used to project recurring stream
request_07,event_612,2024-07-15,2024-07-15,6664.9,debit,settled,settled_cash,no,outside request 90-day window
request_07,event_593,2024-07-18,2024-07-18,5665.77,debit,settled,settled_cash,no,outside request 90-day window
request_07,event_603,2024-07-19,2024-07-19,2751.86,debit,settled,settled_cash,yes (recurrence source),historical/evidence source used to project recurring stream
request_07,event_594,2024-08-01,2024-08-01,7913.81,debit,settled,settled_cash,no,outside request 90-day window
request_07,event_579,2024-08-04,2024-08-04,34200,debit,settled,settled_cash,yes (recurrence source),historical/evidence source used to project recurring stream
request_07,event_613,2024-08-05,2024-08-05,5799.66,debit,settled,settled_cash,no,outside request 90-day window
request_07,event_580,2024-08-08,2024-08-08,6209.57,debit,settled,settled_cash,yes (recurrence source),historical/evidence source used to project recurring stream
request_07,event_604,2024-08-09,2024-08-09,3773.92,debit,settled,settled_cash,yes (recurrence source),historical/evidence source used to project recurring stream
request_07,event_581,2024-08-13,2024-08-13,15650,debit,settled,settled_cash,yes (recurrence source),historical/evidence source used to project recurring stream
request_07,event_582,2024-08-13,2024-08-13,1005,debit,settled,settled_cash,yes (recurrence source),historical/evidence source used to project recurring stream
request_07,event_595,2024-08-15,2024-08-15,7280.22,debit,settled,settled_cash,no,outside request 90-day window
request_07,event_578,2024-08-15,2024-08-23,149000,credit,settled,settled_cash,yes (recurrence source),historical/evidence source used to project recurring stream
request_07,event_614,2024-08-26,2024-08-26,6493.86,debit,settled,settled_cash,no,outside request 90-day window
request_07,event_596,2024-08-29,2024-08-29,5710.65,debit,settled,settled_cash,no,outside request 90-day window
request_07,event_605,2024-08-30,2024-08-30,3145.62,debit,settled,settled_cash,no,outside request 90-day window
request_07,event_583,2024-09-04,2024-09-04,34200,debit,settled,settled_cash,yes (recurrence source),historical/evidence source used to project recurring stream
request_08,event_652,2024-08-13,2024-08-13,78.42,debit,settled,settled_cash,yes (recurrence source),historical/evidence source used to project recurring stream
request_08,event_678,2024-08-14,2024-08-14,34.09,debit,settled,settled_cash,no,outside request 90-day window
request_08,event_704,2024-08-15,2024-08-15,51.75,debit,settled,settled_cash,no,outside request 90-day window
request_08,event_653,2024-08-20,2024-08-20,77.07,debit,settled,settled_cash,no,outside request 90-day window
request_08,event_679,2024-08-21,2024-08-21,36.65,debit,settled,settled_cash,no,outside request 90-day window
request_08,event_654,2024-08-27,2024-08-27,51.01,debit,settled,settled_cash,no,outside request 90-day window
request_08,event_680,2024-08-28,2024-08-28,41.53,debit,settled,settled_cash,no,outside request 90-day window
request_08,event_705,2024-08-29,2024-08-29,59.94,debit,settled,settled_cash,no,outside request 90-day window
request_08,event_616,2024-09-01,2024-09-01,467.5,debit,settled,settled_cash,yes (recurrence source),historical/evidence source used to project recurring stream
request_08,event_655,2024-09-03,2024-09-03,52.28,debit,settled,settled_cash,no,outside request 90-day window
request_08,event_681,2024-09-04,2024-09-04,40.21,debit,settled,settled_cash,no,outside request 90-day window
request_08,event_617,2024-09-05,2024-09-05,79.19,debit,settled,settled_cash,yes (recurrence source),historical/evidence source used to project recurring stream
request_08,event_618,2024-09-07,2024-09-07,89,debit,settled,settled_cash,yes (recurrence source),historical/evidence source used to project recurring stream
request_08,event_619,2024-09-10,2024-09-10,177,debit,settled,settled_cash,yes (recurrence source),historical/evidence source used to project recurring stream
request_08,event_620,2024-09-10,2024-09-10,14,debit,settled,settled_cash,yes (recurrence source),historical/evidence source used to project recurring stream
request_08,event_656,2024-09-10,2024-09-10,68,debit,settled,settled_cash,yes (recurrence source),historical/evidence source used to project recurring stream
request_08,event_682,2024-09-11,2024-09-11,37.62,debit,settled,settled_cash,no,outside request 90-day window
request_08,event_621,2024-09-12,2024-09-12,24,debit,settled,settled_cash,yes (recurrence source),historical/evidence source used to project recurring stream
request_08,event_706,2024-09-12,2024-09-12,46.25,debit,settled,settled_cash,no,outside request 90-day window
request_08,event_615,2024-09-15,2024-09-15,1422.85,credit,settled,settled_cash,yes (recurrence source),historical/evidence source used to project recurring stream
request_08,event_657,2024-09-17,2024-09-17,54.35,debit,settled,settled_cash,yes (recurrence source),historical/evidence source used to project recurring stream
request_08,event_683,2024-09-18,2024-09-18,43.53,debit,settled,settled_cash,no,outside request 90-day window
request_08,event_658,2024-09-24,2024-09-24,46.71,debit,settled,settled_cash,no,outside request 90-day window
request_08,event_684,2024-09-25,2024-09-25,30.47,debit,settled,settled_cash,no,outside request 90-day window
request_08,event_707,2024-09-26,2024-09-26,60.66,debit,settled,settled_cash,no,outside request 90-day window
request_08,event_623,2024-10-01,2024-10-01,467.5,debit,settled,settled_cash,yes (recurrence source),historical/evidence source used to project recurring stream
request_08,event_659,2024-10-01,2024-10-01,74.35,debit,settled,settled_cash,yes (recurrence source),historical/evidence source used to project recurring stream
request_08,event_685,2024-10-02,2024-10-02,36.94,debit,settled,settled_cash,no,outside request 90-day window
request_08,event_624,2024-10-05,2024-10-05,80.9,debit,settled,settled_cash,yes (recurrence source),historical/evidence source used to project recurring stream
request_08,event_625,2024-10-07,2024-10-07,89,debit,settled,settled_cash,yes (recurrence source),historical/evidence source used to project recurring stream
request_08,event_660,2024-10-08,2024-10-08,48.16,debit,settled,settled_cash,no,outside request 90-day window
request_08,event_686,2024-10-09,2024-10-09,38.07,debit,settled,settled_cash,no,outside request 90-day window
request_08,event_626,2024-10-10,2024-10-10,177,debit,settled,settled_cash,yes (recurrence source),historical/evidence source used to project recurring stream
request_08,event_627,2024-10-10,2024-10-10,14,debit,settled,settled_cash,yes (recurrence source),historical/evidence source used to project recurring stream
request_08,event_708,2024-10-10,2024-10-10,48.98,debit,settled,settled_cash,no,outside request 90-day window
request_08,event_628,2024-10-12,2024-10-12,24,debit,settled,settled_cash,yes (recurrence source),historical/evidence source used to project recurring stream
request_08,event_622,2024-10-15,2024-10-15,1422.85,credit,settled,settled_cash,yes (recurrence source),historical/evidence source used to project recurring stream
request_08,event_661,2024-10-15,2024-10-15,68.99,debit,settled,settled_cash,yes (recurrence source),historical/evidence source used to project recurring stream
request_08,event_687,2024-10-16,2024-10-16,26.69,debit,settled,settled_cash,no,outside request 90-day window
request_08,event_662,2024-10-22,2024-10-22,57.01,debit,settled,settled_cash,yes (recurrence source),historical/evidence source used to project recurring stream
request_08,event_688,2024-10-23,2024-10-23,46.08,debit,settled,settled_cash,no,outside request 90-day window
request_08,event_709,2024-10-24,2024-10-24,41.5,debit,settled,settled_cash,no,outside request 90-day window
request_08,event_663,2024-10-29,2024-10-29,47.78,debit,settled,settled_cash,no,outside request 90-day window
request_08,event_689,2024-10-30,2024-10-30,45.56,debit,settled,settled_cash,no,outside request 90-day window
request_08,event_630,2024-11-01,2024-11-01,467.5,debit,settled,settled_cash,yes (recurrence source),historical/evidence source used to project recurring stream
request_08,event_631,2024-11-05,2024-11-05,68.44,debit,settled,settled_cash,yes (recurrence source),historical/evidence source used to project recurring stream
request_08,event_664,2024-11-05,2024-11-05,51.6,debit,settled,settled_cash,yes (recurrence source),historical/evidence source used to project recurring stream
request_08,event_690,2024-11-06,2024-11-06,39.38,debit,settled,settled_cash,no,outside request 90-day window
request_08,event_632,2024-11-07,2024-11-07,89,debit,settled,settled_cash,yes (recurrence source),historical/evidence source used to project recurring stream
request_08,event_710,2024-11-07,2024-11-07,58.15,debit,settled,settled_cash,no,outside request 90-day window
request_08,event_633,2024-11-10,2024-11-10,177,debit,settled,settled_cash,yes (recurrence source),historical/evidence source used to project recurring stream
request_08,event_634,2024-11-10,2024-11-10,14,debit,settled,settled_cash,yes (recurrence source),historical/evidence source used to project recurring stream
request_08,event_635,2024-11-12,2024-11-12,24,debit,settled,settled_cash,yes (recurrence source),historical/evidence source used to project recurring stream
request_08,event_665,2024-11-12,2024-11-12,76.07,debit,settled,settled_cash,yes (recurrence source),historical/evidence source used to project recurring stream
request_08,event_691,2024-11-13,2024-11-13,37,debit,settled,settled_cash,no,outside request 90-day window
request_08,event_629,2024-11-15,2024-11-15,1422.85,credit,settled,settled_cash,yes (recurrence source),historical/evidence source used to project recurring stream
request_08,event_666,2024-11-19,2024-11-19,69.32,debit,settled,settled_cash,no,outside request 90-day window
request_08,event_692,2024-11-20,2024-11-20,40.22,debit,settled,settled_cash,no,outside request 90-day window
request_08,event_711,2024-11-21,2024-11-21,45.5,debit,settled,settled_cash,no,outside request 90-day window
request_08,event_667,2024-11-26,2024-11-26,60.11,debit,settled,settled_cash,yes (recurrence source),historical/evidence source used to project recurring stream
request_08,event_693,2024-11-27,2024-11-27,35.69,debit,settled,settled_cash,no,outside request 90-day window
request_08,event_637,2024-12-01,2024-12-01,467.5,debit,settled,settled_cash,yes (recurrence source),historical/evidence source used to project recurring stream
request_08,event_668,2024-12-03,2024-12-03,51,debit,settled,settled_cash,yes (recurrence source),historical/evidence source used to project recurring stream
request_08,event_694,2024-12-04,2024-12-04,29.03,debit,settled,settled_cash,no,outside request 90-day window
request_08,event_638,2024-12-05,2024-12-05,82.61,debit,settled,settled_cash,yes (recurrence source),historical/evidence source used to project recurring stream
request_08,event_712,2024-12-05,2024-12-05,46.75,debit,settled,settled_cash,no,outside request 90-day window
request_08,event_639,2024-12-07,2024-12-07,89,debit,settled,settled_cash,yes (recurrence source),historical/evidence source used to project recurring stream
request_08,event_640,2024-12-10,2024-12-10,177,debit,settled,settled_cash,yes (recurrence source),historical/evidence source used to project recurring stream
request_08,event_641,2024-12-10,2024-12-10,14,debit,settled,settled_cash,yes (recurrence source),historical/evidence source used to project recurring stream
request_08,event_669,2024-12-10,2024-12-10,56.62,debit,settled,settled_cash,yes (recurrence source),historical/evidence source used to project recurring stream
request_08,event_695,2024-12-11,2024-12-11,35.98,debit,settled,settled_cash,no,outside request 90-day window
request_08,event_642,2024-12-12,2024-12-12,24,debit,settled,settled_cash,yes (recurrence source),historical/evidence source used to project recurring stream
request_08,event_636,2024-12-15,2024-12-15,1422.85,credit,settled,settled_cash,yes (recurrence source),historical/evidence source used to project recurring stream
request_08,event_670,2024-12-17,2024-12-17,55.02,debit,settled,settled_cash,yes (recurrence source),historical/evidence source used to project recurring stream
request_08,event_696,2024-12-18,2024-12-18,43.51,debit,settled,settled_cash,no,outside request 90-day window
request_08,event_713,2024-12-19,2024-12-19,49.45,debit,settled,settled_cash,no,outside request 90-day window
request_08,event_671,2024-12-24,2024-12-24,53.11,debit,settled,settled_cash,no,outside request 90-day window
request_08,event_697,2024-12-25,2024-12-25,43.2,debit,settled,settled_cash,no,outside request 90-day window
request_08,event_672,2024-12-31,2024-12-31,51.85,debit,settled,settled_cash,yes (recurrence source),historical/evidence source used to project recurring stream
request_08,event_644,2025-01-01,2025-01-01,467.5,debit,settled,settled_cash,yes (recurrence source),historical/evidence source used to project recurring stream
request_08,event_698,2025-01-01,2025-01-01,31.5,debit,settled,settled_cash,no,outside request 90-day window
request_08,event_714,2025-01-02,2025-01-02,56.05,debit,settled,settled_cash,no,outside request 90-day window
request_08,event_645,2025-01-05,2025-01-05,69.28,debit,settled,settled_cash,yes (recurrence source),historical/evidence source used to project recurring stream
request_08,event_646,2025-01-07,2025-01-07,89,debit,settled,settled_cash,yes (recurrence source),historical/evidence source used to project recurring stream
request_08,event_673,2025-01-07,2025-01-07,48,debit,settled,settled_cash,no,outside request 90-day window
request_08,event_699,2025-01-08,2025-01-08,41.57,debit,settled,settled_cash,no,outside request 90-day window
request_08,event_647,2025-01-10,2025-01-10,177,debit,settled,settled_cash,yes (recurrence source),historical/evidence source used to project recurring stream
request_08,event_648,2025-01-10,2025-01-10,14,debit,settled,settled_cash,yes (recurrence source),historical/evidence source used to project recurring stream
request_08,event_649,2025-01-12,2025-01-12,24,debit,settled,settled_cash,yes (recurrence source),historical/evidence source used to project recurring stream
request_08,event_674,2025-01-14,2025-01-14,45.99,debit,settled,settled_cash,yes (recurrence source),historical/evidence source used to project recurring stream
request_08,event_643,2025-01-15,2025-01-15,1422.85,credit,settled,settled_cash,yes (recurrence source),historical/evidence source used to project recurring stream
request_08,event_700,2025-01-15,2025-01-15,32.95,debit,settled,settled_cash,no,outside request 90-day window
request_08,event_715,2025-01-16,2025-01-16,53.65,debit,settled,settled_cash,no,outside request 90-day window
request_08,event_675,2025-01-21,2025-01-21,53.96,debit,settled,settled_cash,yes (recurrence source),historical/evidence source used to project recurring stream
request_08,event_701,2025-01-22,2025-01-22,31.67,debit,settled,settled_cash,no,outside request 90-day window
request_08,event_676,2025-01-28,2025-01-28,65.92,debit,settled,settled_cash,yes (recurrence source),historical/evidence source used to project recurring stream
request_08,event_702,2025-01-29,2025-01-29,28.33,debit,settled,settled_cash,no,outside request 90-day window
request_08,event_716,2025-01-30,2025-01-30,42.33,debit,settled,settled_cash,no,outside request 90-day window
request_08,event_650,2025-02-01,2025-02-01,467.5,debit,settled,settled_cash,yes (recurrence source),historical/evidence source used to project recurring stream
request_08,event_677,2025-02-04,2025-02-04,72.38,debit,settled,settled_cash,no,outside request 90-day window
request_08,event_651,2025-02-05,2025-02-05,80.55,debit,settled,settled_cash,yes (recurrence source),historical/evidence source used to project recurring stream
request_08,event_703,2025-02-05,2025-02-05,47.21,debit,settled,settled_cash,no,outside request 90-day window
request_09,event_753,2026-01-08,2026-01-08,47.44,debit,settled,settled_cash,no,outside request 90-day window
request_09,event_771,2026-01-09,2026-01-09,18.44,debit,settled,settled_cash,no,outside request 90-day window
request_09,event_780,2026-01-10,2026-01-10,34.84,debit,settled,settled_cash,no,outside request 90-day window
request_09,event_754,2026-01-18,2026-01-18,38.34,debit,settled,settled_cash,no,outside request 90-day window
request_09,event_755,2026-01-28,2026-01-28,47.6,debit,settled,settled_cash,no,outside request 90-day window
request_09,event_772,2026-01-30,2026-01-30,16.59,debit,settled,settled_cash,no,outside request 90-day window
request_09,event_781,2026-01-31,2026-01-31,32.86,debit,settled,settled_cash,no,outside request 90-day window
request_09,event_719,2026-02-02,2026-02-02,211.2,debit,settled,settled_cash,yes (recurrence source),historical/evidence source used to project recurring stream
request_09,event_720,2026-02-06,2026-02-06,66.84,debit,settled,settled_cash,yes (recurrence source),historical/evidence source used to project recurring stream
request_09,event_717,2026-02-07,2026-02-07,488.8,credit,settled,settled_cash,no,outside request 90-day window
request_09,event_756,2026-02-07,2026-02-07,41.29,debit,settled,settled_cash,no,outside request 90-day window
request_09,event_722,2026-02-09,2026-02-09,20,debit,settled,settled_cash,yes (recurrence source),historical/evidence source used to project recurring stream
request_09,event_721,2026-02-12,2026-02-12,5,debit,settled,settled_cash,yes (recurrence source),historical/evidence source used to project recurring stream
request_09,event_723,2026-02-12,2026-02-12,25.5,debit,settled,settled_cash,yes (recurrence source),historical/evidence source used to project recurring stream
request_09,event_757,2026-02-17,2026-02-17,54.9,debit,settled,settled_cash,no,outside request 90-day window
request_09,event_718,2026-02-20,2026-02-20,514.25,credit,settled,settled_cash,no,outside request 90-day window
request_09,event_773,2026-02-20,2026-02-20,23.57,debit,settled,settled_cash,no,outside request 90-day window
request_09,event_782,2026-02-21,2026-02-21,29.97,debit,settled,settled_cash,no,outside request 90-day window
request_09,event_758,2026-02-27,2026-02-27,37.29,debit,settled,settled_cash,no,outside request 90-day window
request_09,event_726,2026-03-02,2026-03-02,211.2,debit,settled,settled_cash,yes (recurrence source),historical/evidence source used to project recurring stream
request_09,event_727,2026-03-06,2026-03-06,59.39,debit,settled,settled_cash,yes (recurrence source),historical/evidence source used to project recurring stream
request_09,event_724,2026-03-07,2026-03-07,485.55,credit,settled,settled_cash,no,outside request 90-day window
request_09,event_729,2026-03-09,2026-03-09,20,debit,settled,settled_cash,yes (recurrence source),historical/evidence source used to project recurring stream
request_09,event_759,2026-03-09,2026-03-09,36.79,debit,settled,settled_cash,no,outside request 90-day window
request_09,event_728,2026-03-12,2026-03-12,5,debit,settled,settled_cash,yes (recurrence source),historical/evidence source used to project recurring stream
request_09,event_730,2026-03-12,2026-03-12,29.14,debit,settled,settled_cash,yes (recurrence source),historical/evidence source used to project recurring stream
request_09,event_774,2026-03-13,2026-03-13,27.94,debit,settled,settled_cash,no,outside request 90-day window
request_09,event_783,2026-03-14,2026-03-14,31.15,debit,settled,settled_cash,no,outside request 90-day window
request_09,event_760,2026-03-19,2026-03-19,53.14,debit,settled,settled_cash,no,outside request 90-day window
request_09,event_725,2026-03-20,2026-03-20,527.63,credit,settled,settled_cash,no,outside request 90-day window
request_09,event_761,2026-03-29,2026-03-29,50.12,debit,settled,settled_cash,no,outside request 90-day window
request_09,event_733,2026-04-02,2026-04-02,211.2,debit,settled,settled_cash,yes (recurrence source),historical/evidence source used to project recurring stream
request_09,event_775,2026-04-03,2026-04-03,26.23,debit,settled,settled_cash,no,outside request 90-day window
request_09,event_784,2026-04-04,2026-04-04,23.42,debit,settled,settled_cash,no,outside request 90-day window
request_09,event_734,2026-04-06,2026-04-06,71.04,debit,settled,settled_cash,yes (recurrence source),historical/evidence source used to project recurring stream
request_09,event_731,2026-04-07,2026-04-07,582.12,credit,settled,settled_cash,no,outside request 90-day window
request_09,event_762,2026-04-08,2026-04-08,31.82,debit,settled,settled_cash,no,outside request 90-day window
request_09,event_736,2026-04-09,2026-04-09,20,debit,settled,settled_cash,yes (recurrence source),historical/evidence source used to project recurring stream
request_09,event_735,2026-04-12,2026-04-12,5,debit,settled,settled_cash,yes (recurrence source),historical/evidence source used to project recurring stream
request_09,event_737,2026-04-12,2026-04-12,28.32,debit,settled,settled_cash,yes (recurrence source),historical/evidence source used to project recurring stream
request_09,event_763,2026-04-18,2026-04-18,48.93,debit,settled,settled_cash,no,outside request 90-day window
request_09,event_732,2026-04-20,2026-04-20,355.99,credit,settled,settled_cash,no,outside request 90-day window
request_09,event_776,2026-04-24,2026-04-24,24.59,debit,settled,settled_cash,no,outside request 90-day window
request_09,event_785,2026-04-25,2026-04-25,28.41,debit,settled,settled_cash,no,outside request 90-day window
request_09,event_764,2026-04-28,2026-04-28,34.17,debit,settled,settled_cash,no,outside request 90-day window
request_09,event_740,2026-05-02,2026-05-02,211.2,debit,settled,settled_cash,yes (recurrence source),historical/evidence source used to project recurring stream
request_09,event_741,2026-05-06,2026-05-06,63.66,debit,settled,settled_cash,yes (recurrence source),historical/evidence source used to project recurring stream
request_09,event_738,2026-05-07,2026-05-07,506.35,credit,settled,settled_cash,no,outside request 90-day window
request_09,event_765,2026-05-08,2026-05-08,53.82,debit,settled,settled_cash,no,outside request 90-day window
request_09,event_743,2026-05-09,2026-05-09,20,debit,settled,settled_cash,yes (recurrence source),historical/evidence source used to project recurring stream
request_09,event_742,2026-05-12,2026-05-12,5,debit,settled,settled_cash,yes (recurrence source),historical/evidence source used to project recurring stream
request_09,event_744,2026-05-12,2026-05-12,24.68,debit,settled,settled_cash,yes (recurrence source),historical/evidence source used to project recurring stream
request_09,event_777,2026-05-15,2026-05-15,28.34,debit,settled,settled_cash,no,outside request 90-day window
request_09,event_786,2026-05-16,2026-05-16,35.49,debit,settled,settled_cash,no,outside request 90-day window
request_09,event_766,2026-05-18,2026-05-18,34.74,debit,settled,settled_cash,no,outside request 90-day window
request_09,event_739,2026-05-20,2026-05-20,441.96,credit,settled,settled_cash,no,outside request 90-day window
request_09,event_767,2026-05-28,2026-05-28,46.49,debit,settled,settled_cash,no,outside request 90-day window
request_09,event_747,2026-06-02,2026-06-02,211.2,debit,settled,settled_cash,yes (recurrence source),historical/evidence source used to project recurring stream
request_09,event_778,2026-06-05,2026-06-05,27.2,debit,settled,settled_cash,no,outside request 90-day window
request_09,event_748,2026-06-06,2026-06-06,60.88,debit,settled,settled_cash,yes (recurrence source),historical/evidence source used to project recurring stream
request_09,event_787,2026-06-06,2026-06-06,27.38,debit,settled,settled_cash,no,outside request 90-day window
request_09,event_745,2026-06-07,2026-06-07,547.55,credit,settled,settled_cash,no,outside request 90-day window
request_09,event_768,2026-06-07,2026-06-07,51.03,debit,settled,settled_cash,no,outside request 90-day window
request_09,event_750,2026-06-09,2026-06-09,20,debit,settled,settled_cash,yes (recurrence source),historical/evidence source used to project recurring stream
request_09,event_749,2026-06-12,2026-06-12,5,debit,settled,settled_cash,yes (recurrence source),historical/evidence source used to project recurring stream
request_09,event_751,2026-06-12,2026-06-12,25.52,debit,settled,settled_cash,yes (recurrence source),historical/evidence source used to project recurring stream
request_09,event_769,2026-06-17,2026-06-17,43,debit,settled,settled_cash,no,outside request 90-day window
request_09,event_746,2026-06-20,2026-06-20,361.45,credit,settled,settled_cash,no,outside request 90-day window
request_09,event_779,2026-06-26,2026-06-26,24.13,debit,settled,settled_cash,no,outside request 90-day window
request_09,event_770,2026-06-27,2026-06-27,51.3,debit,settled,settled_cash,no,outside request 90-day window
request_09,event_788,2026-06-27,2026-06-27,29.16,debit,settled,settled_cash,no,outside request 90-day window
request_09,event_752,2026-07-02,2026-07-02,211.2,debit,settled,settled_cash,yes (recurrence source),historical/evidence source used to project recurring stream
request_10,event_841,2024-06-13,2024-06-13,10089.49,debit,settled,settled_cash,no,outside request 90-day window
request_10,event_867,2024-06-14,2024-06-14,6859.81,debit,settled,settled_cash,no,outside request 90-day window
request_10,event_892,2024-06-15,2024-06-15,8813.96,debit,settled,settled_cash,no,outside request 90-day window
request_10,event_842,2024-06-20,2024-06-20,12216.63,debit,settled,settled_cash,no,outside request 90-day window
request_10,event_868,2024-06-21,2024-06-21,7100.47,debit,settled,settled_cash,no,outside request 90-day window
request_10,event_843,2024-06-27,2024-06-27,10431.63,debit,settled,settled_cash,no,outside request 90-day window
request_10,event_869,2024-06-28,2024-06-28,4830.13,debit,settled,settled_cash,yes (recurrence source),historical/evidence source used to project recurring stream
request_10,event_893,2024-06-29,2024-06-29,9260.11,debit,settled,settled_cash,no,outside request 90-day window
request_10,event_793,2024-07-03,2024-07-03,69100,debit,settled,settled_cash,yes (recurrence source),historical/evidence source used to project recurring stream
request_10,event_789,2024-07-04,2024-07-04,74420.35,credit,settled,settled_cash,no,outside request 90-day window
request_10,event_844,2024-07-04,2024-07-04,12027.49,debit,settled,settled_cash,no,outside request 90-day window
request_10,event_870,2024-07-05,2024-07-05,4956.67,debit,settled,settled_cash,no,outside request 90-day window
request_10,event_794,2024-07-07,2024-07-07,19224.83,debit,settled,settled_cash,yes (recurrence source),historical/evidence source used to project recurring stream
request_10,event_790,2024-07-11,2024-07-11,74852.29,credit,settled,settled_cash,no,outside request 90-day window
request_10,event_797,2024-07-11,2024-07-11,4860,debit,settled,settled_cash,yes (recurrence source),historical/evidence source used to project recurring stream
request_10,event_845,2024-07-11,2024-07-11,9512.16,debit,settled,settled_cash,no,outside request 90-day window
request_10,event_795,2024-07-12,2024-07-12,2800,debit,settled,settled_cash,yes (recurrence source),historical/evidence source used to project recurring stream
request_10,event_871,2024-07-12,2024-07-12,5489.62,debit,settled,settled_cash,no,outside request 90-day window
request_10,event_894,2024-07-13,2024-07-13,8274.24,debit,settled,settled_cash,no,outside request 90-day window
request_10,event_796,2024-07-14,2024-07-14,1895,debit,settled,settled_cash,yes (recurrence source),historical/evidence source used to project recurring stream
request_10,event_798,2024-07-15,2024-07-15,4770.41,debit,settled,settled_cash,yes (recurrence source),historical/evidence source used to project recurring stream
request_10,event_791,2024-07-18,2024-07-18,54774.8,credit,settled,settled_cash,no,outside request 90-day window
request_10,event_846,2024-07-18,2024-07-18,10839.89,debit,settled,settled_cash,no,outside request 90-day window
request_10,event_872,2024-07-19,2024-07-19,7530.3,debit,settled,settled_cash,yes (recurrence source),historical/evidence source used to project recurring stream
request_10,event_792,2024-07-25,2024-07-25,82410.47,credit,settled,settled_cash,no,outside request 90-day window
request_10,event_847,2024-07-25,2024-07-25,11898.24,debit,settled,settled_cash,no,outside request 90-day window
request_10,event_873,2024-07-26,2024-07-26,7568.88,debit,settled,settled_cash,yes (recurrence source),historical/evidence source used to project recurring stream
request_10,event_895,2024-07-27,2024-07-27,6897.95,debit,settled,settled_cash,no,outside request 90-day window
request_10,event_848,2024-08-01,2024-08-01,12020.19,debit,settled,settled_cash,no,outside request 90-day window
request_10,event_874,2024-08-02,2024-08-02,6683.23,debit,settled,settled_cash,no,outside request 90-day window
request_10,event_803,2024-08-03,2024-08-03,69100,debit,settled,settled_cash,yes (recurrence source),historical/evidence source used to project recurring stream
request_10,event_799,2024-08-04,2024-08-04,72641.37,credit,settled,settled_cash,no,outside request 90-day window
request_10,event_804,2024-08-07,2024-08-07,17538.11,debit,settled,settled_cash,yes (recurrence source),historical/evidence source used to project recurring stream
request_10,event_849,2024-08-08,2024-08-08,11986,debit,settled,settled_cash,no,outside request 90-day window
request_10,event_875,2024-08-09,2024-08-09,6632.3,debit,settled,settled_cash,yes (recurrence source),historical/evidence source used to project recurring stream
request_10,event_896,2024-08-10,2024-08-10,9399.4,debit,settled,settled_cash,yes (recurrence source),historical/evidence source used to project recurring stream
request_10,event_800,2024-08-11,2024-08-11,59553.07,credit,settled,settled_cash,no,outside request 90-day window
request_10,event_807,2024-08-11,2024-08-11,4860,debit,settled,settled_cash,yes (recurrence source),historical/evidence source used to project recurring stream
request_10,event_805,2024-08-12,2024-08-12,2800,debit,settled,settled_cash,yes (recurrence source),historical/evidence source used to project recurring stream
request_10,event_806,2024-08-14,2024-08-14,1895,debit,settled,settled_cash,yes (recurrence source),historical/evidence source used to project recurring stream
request_10,event_808,2024-08-15,2024-08-15,4504.6,debit,settled,settled_cash,yes (recurrence source),historical/evidence source used to project recurring stream
request_10,event_850,2024-08-15,2024-08-15,11074.05,debit,settled,settled_cash,yes (recurrence source),historical/evidence source used to project recurring stream
request_10,event_876,2024-08-16,2024-08-16,5641.87,debit,settled,settled_cash,no,outside request 90-day window
request_10,event_801,2024-08-18,2024-08-18,65056.43,credit,settled,settled_cash,no,outside request 90-day window
request_10,event_851,2024-08-22,2024-08-22,9929.21,debit,settled,settled_cash,no,outside request 90-day window
request_10,event_877,2024-08-23,2024-08-23,5747.77,debit,settled,settled_cash,yes (recurrence source),historical/evidence source used to project recurring stream
request_10,event_897,2024-08-24,2024-08-24,9621.2,debit,settled,settled_cash,no,outside request 90-day window
request_10,event_802,2024-08-25,2024-08-25,47245.98,credit,settled,settled_cash,no,outside request 90-day window
request_10,event_852,2024-08-29,2024-08-29,8855.55,debit,settled,settled_cash,yes (recurrence source),historical/evidence source used to project recurring stream
request_10,event_878,2024-08-30,2024-08-30,5753.54,debit,settled,settled_cash,no,outside request 90-day window
request_10,event_813,2024-09-03,2024-09-03,69100,debit,settled,settled_cash,yes (recurrence source),historical/evidence source used to project recurring stream
request_10,event_809,2024-09-04,2024-09-04,81755.75,credit,settled,settled_cash,no,outside request 90-day window
request_10,event_853,2024-09-05,2024-09-05,12641.36,debit,settled,settled_cash,no,outside request 90-day window
request_10,event_879,2024-09-06,2024-09-06,7448.62,debit,settled,settled_cash,no,outside request 90-day window
request_10,event_814,2024-09-07,2024-09-07,15748.74,debit,settled,settled_cash,yes (recurrence source),historical/evidence source used to project recurring stream
request_10,event_898,2024-09-07,2024-09-07,6375.03,debit,settled,settled_cash,no,outside request 90-day window
request_10,event_810,2024-09-11,2024-09-11,67741.04,credit,settled,settled_cash,no,outside request 90-day window
request_10,event_817,2024-09-11,2024-09-11,4860,debit,settled,settled_cash,yes (recurrence source),historical/evidence source used to project recurring stream
request_10,event_815,2024-09-12,2024-09-12,2800,debit,settled,settled_cash,yes (recurrence source),historical/evidence source used to project recurring stream
request_10,event_854,2024-09-12,2024-09-12,10087.39,debit,settled,settled_cash,yes (recurrence source),historical/evidence source used to project recurring stream
request_10,event_880,2024-09-13,2024-09-13,5018.36,debit,settled,settled_cash,yes (recurrence source),historical/evidence source used to project recurring stream
request_10,event_816,2024-09-14,2024-09-14,1895,debit,settled,settled_cash,yes (recurrence source),historical/evidence source used to project recurring stream
request_10,event_818,2024-09-15,2024-09-15,4700.56,debit,settled,settled_cash,yes (recurrence source),historical/evidence source used to project recurring stream
request_10,event_811,2024-09-18,2024-09-18,79168.24,credit,settled,settled_cash,no,outside request 90-day window
request_10,event_855,2024-09-19,2024-09-19,11596.13,debit,settled,settled_cash,yes (recurrence source),historical/evidence source used to project recurring stream
request_10,event_881,2024-09-20,2024-09-20,6582.39,debit,settled,settled_cash,yes (recurrence source),historical/evidence source used to project recurring stream
request_10,event_899,2024-09-21,2024-09-21,10079.99,debit,settled,settled_cash,yes (recurrence source),historical/evidence source used to project recurring stream
request_10,event_812,2024-09-25,2024-09-25,69351.86,credit,settled,settled_cash,no,outside request 90-day window
request_10,event_856,2024-09-26,2024-09-26,8809.04,debit,settled,settled_cash,yes (recurrence source),historical/evidence source used to project recurring stream
request_10,event_882,2024-09-27,2024-09-27,6785.52,debit,settled,settled_cash,yes (recurrence source),historical/evidence source used to project recurring stream
request_10,event_823,2024-10-03,2024-10-03,69100,debit,settled,settled_cash,yes (recurrence source),historical/evidence source used to project recurring stream
request_10,event_857,2024-10-03,2024-10-03,9807.08,debit,settled,settled_cash,no,outside request 90-day window
request_10,event_819,2024-10-04,2024-10-04,78226.16,credit,settled,settled_cash,no,outside request 90-day window
request_10,event_883,2024-10-04,2024-10-04,4472.6,debit,settled,settled_cash,yes (recurrence source),historical/evidence source used to project recurring stream
request_10,event_900,2024-10-05,2024-10-05,10525.43,debit,settled,settled_cash,yes (recurrence source),historical/evidence source used to project recurring stream
request_10,event_824,2024-10-07,2024-10-07,15236.94,debit,settled,settled_cash,yes (recurrence source),historical/evidence source used to project recurring stream
request_10,event_858,2024-10-10,2024-10-10,12589.2,debit,settled,settled_cash,yes (recurrence source),historical/evidence source used to project recurring stream
request_10,event_820,2024-10-11,2024-10-11,65488.36,credit,settled,settled_cash,no,outside request 90-day window
request_10,event_827,2024-10-11,2024-10-11,4860,debit,settled,settled_cash,yes (recurrence source),historical/evidence source used to project recurring stream
request_10,event_884,2024-10-11,2024-10-11,4570.28,debit,settled,settled_cash,yes (recurrence source),historical/evidence source used to project recurring stream
request_10,event_825,2024-10-12,2024-10-12,2800,debit,settled,settled_cash,yes (recurrence source),historical/evidence source used to project recurring stream
request_10,event_826,2024-10-14,2024-10-14,1895,debit,settled,settled_cash,yes (recurrence source),historical/evidence source used to project recurring stream
request_10,event_828,2024-10-15,2024-10-15,4366.61,debit,settled,settled_cash,yes (recurrence source),historical/evidence source used to project recurring stream
request_10,event_859,2024-10-17,2024-10-17,13621.53,debit,settled,settled_cash,no,outside request 90-day window
request_10,event_821,2024-10-18,2024-10-18,60517.87,credit,settled,settled_cash,no,outside request 90-day window
request_10,event_885,2024-10-18,2024-10-18,5776.08,debit,settled,settled_cash,yes (recurrence source),historical/evidence source used to project recurring stream
request_10,event_901,2024-10-19,2024-10-19,8538.83,debit,settled,settled_cash,no,outside request 90-day window
request_10,event_860,2024-10-24,2024-10-24,12767.81,debit,settled,settled_cash,no,outside request 90-day window
request_10,event_822,2024-10-25,2024-10-25,40977.52,credit,settled,settled_cash,no,outside request 90-day window
request_10,event_886,2024-10-25,2024-10-25,6245.32,debit,settled,settled_cash,no,outside request 90-day window
request_10,event_861,2024-10-31,2024-10-31,9968.28,debit,settled,settled_cash,no,outside request 90-day window
request_10,event_887,2024-11-01,2024-11-01,6819.66,debit,settled,settled_cash,no,outside request 90-day window
request_10,event_902,2024-11-02,2024-11-02,8480.31,debit,settled,settled_cash,no,outside request 90-day window
request_10,event_833,2024-11-03,2024-11-03,69100,debit,settled,settled_cash,yes (recurrence source),historical/evidence source used to project recurring stream
request_10,event_829,2024-11-04,2024-11-04,60877.41,credit,settled,settled_cash,no,outside request 90-day window
request_10,event_834,2024-11-07,2024-11-07,17771.13,debit,settled,settled_cash,yes (recurrence source),historical/evidence source used to project recurring stream
request_10,event_862,2024-11-07,2024-11-07,10392.47,debit,settled,settled_cash,yes (recurrence source),historical/evidence source used to project recurring stream
request_10,event_888,2024-11-08,2024-11-08,5350.7,debit,settled,settled_cash,no,outside request 90-day window
request_10,event_830,2024-11-11,2024-11-11,44415.5,credit,settled,settled_cash,no,outside request 90-day window
request_10,event_837,2024-11-11,2024-11-11,4860,debit,settled,settled_cash,yes (recurrence source),historical/evidence source used to project recurring stream
request_10,event_835,2024-11-12,2024-11-12,2800,debit,settled,settled_cash,yes (recurrence source),historical/evidence source used to project recurring stream
request_10,event_836,2024-11-14,2024-11-14,1895,debit,settled,settled_cash,yes (recurrence source),historical/evidence source used to project recurring stream
request_10,event_863,2024-11-14,2024-11-14,12092.24,debit,settled,settled_cash,no,outside request 90-day window
request_10,event_838,2024-11-15,2024-11-15,4883.78,debit,settled,settled_cash,yes (recurrence source),historical/evidence source used to project recurring stream
request_10,event_889,2024-11-15,2024-11-15,4990.01,debit,settled,settled_cash,no,outside request 90-day window
request_10,event_903,2024-11-16,2024-11-16,8253.71,debit,settled,settled_cash,no,outside request 90-day window
request_10,event_831,2024-11-18,2024-11-18,47802.51,credit,settled,settled_cash,no,outside request 90-day window
request_10,event_864,2024-11-21,2024-11-21,8157.98,debit,settled,settled_cash,no,outside request 90-day window
request_10,event_890,2024-11-22,2024-11-22,4356.14,debit,settled,settled_cash,no,outside request 90-day window
request_10,event_832,2024-11-25,2024-11-25,82667.27,credit,settled,settled_cash,no,outside request 90-day window
request_10,event_865,2024-11-28,2024-11-28,8755.75,debit,settled,settled_cash,no,outside request 90-day window
request_10,event_891,2024-11-29,2024-11-29,6359.49,debit,settled,settled_cash,yes (recurrence source),historical/evidence source used to project recurring stream
request_10,event_904,2024-11-30,2024-11-30,10370.83,debit,settled,settled_cash,no,outside request 90-day window
request_10,event_840,2024-12-03,2024-12-03,69100,debit,settled,settled_cash,yes (recurrence source),historical/evidence source used to project recurring stream
request_10,event_839,2024-12-04,2024-12-04,52239.8,credit,settled,settled_cash,no,outside request 90-day window
request_10,event_866,2024-12-05,2024-12-05,8011.08,debit,settled,settled_cash,no,outside request 90-day window
request_11,event_981,2024-11-06,2024-11-06,1018758.07,debit,settled,settled_cash,no,outside request 90-day window
request_11,event_950,2024-11-09,2024-11-09,1053064.17,debit,settled,settled_cash,no,outside request 90-day window
request_11,event_968,2024-11-10,2024-11-10,1230316.5,debit,settled,settled_cash,no,outside request 90-day window
request_11,event_951,2024-11-19,2024-11-19,1565130.98,debit,settled,settled_cash,no,outside request 90-day window
request_11,event_969,2024-11-24,2024-11-24,825660.54,debit,settled,settled_cash,no,outside request 90-day window
request_11,event_982,2024-11-27,2024-11-27,1485097.86,debit,settled,settled_cash,no,outside request 90-day window
request_11,event_952,2024-11-29,2024-11-29,1714643.08,debit,settled,settled_cash,no,outside request 90-day window
request_11,event_907,2024-12-05,2024-12-05,2954500,debit,settled,settled_cash,yes (recurrence source),historical/evidence source used to project recurring stream
request_11,event_908,2024-12-08,2024-12-08,2916312.61,debit,settled,settled_cash,yes (recurrence source),historical/evidence source used to project recurring stream
request_11,event_970,2024-12-08,2024-12-08,788053.2,debit,settled,settled_cash,no,outside request 90-day window
request_11,event_909,2024-12-09,2024-12-09,1881000,debit,settled,settled_cash,yes (recurrence source),historical/evidence source used to project recurring stream
request_11,event_953,2024-12-09,2024-12-09,1644304.53,debit,settled,settled_cash,no,outside request 90-day window
request_11,event_910,2024-12-10,2024-12-10,2544100,debit,settled,settled_cash,yes (recurrence source),historical/evidence source used to project recurring stream
request_11,event_911,2024-12-12,2024-12-12,2635764.61,debit,settled,settled_cash,yes (recurrence source),historical/evidence source used to project recurring stream
request_11,event_913,2024-12-14,2024-12-14,168150,debit,settled,settled_cash,yes (recurrence source),historical/evidence source used to project recurring stream
request_11,event_905,2024-12-15,2024-12-15,23256000,credit,settled,settled_cash,yes (recurrence source),historical/evidence source used to project recurring stream
request_11,event_912,2024-12-16,2024-12-16,1404572.9,debit,settled,settled_cash,yes (recurrence source),historical/evidence source used to project recurring stream
request_11,event_983,2024-12-18,2024-12-18,1528058.96,debit,settled,settled_cash,no,outside request 90-day window
request_11,event_954,2024-12-19,2024-12-19,1406401.86,debit,settled,settled_cash,no,outside request 90-day window
request_11,event_971,2024-12-22,2024-12-22,893623.46,debit,settled,settled_cash,no,outside request 90-day window
request_11,event_906,2024-12-24,2024-12-24,16715584.16,credit,settled,settled_cash,no,outside request 90-day window
request_11,event_955,2024-12-29,2024-12-29,1063530.58,debit,settled,settled_cash,no,outside request 90-day window
request_11,event_916,2025-01-05,2025-01-05,2954500,debit,settled,settled_cash,yes (recurrence source),historical/evidence source used to project recurring stream
request_11,event_972,2025-01-05,2025-01-05,1212904.33,debit,settled,settled_cash,no,outside request 90-day window
request_11,event_917,2025-01-08,2025-01-08,2891149.67,debit,settled,settled_cash,yes (recurrence source),historical/evidence source used to project recurring stream
request_11,event_956,2025-01-08,2025-01-08,1395524.8,debit,settled,settled_cash,no,outside request 90-day window
request_11,event_984,2025-01-08,2025-01-08,1697463.1,debit,settled,settled_cash,no,outside request 90-day window
request_11,event_918,2025-01-09,2025-01-09,1881000,debit,settled,settled_cash,yes (recurrence source),historical/evidence source used to project recurring stream
request_11,event_919,2025-01-10,2025-01-10,2544100,debit,settled,settled_cash,yes (recurrence source),historical/evidence source used to project recurring stream
request_11,event_920,2025-01-12,2025-01-12,3118089.32,debit,settled,settled_cash,yes (recurrence source),historical/evidence source used to project recurring stream
request_11,event_922,2025-01-14,2025-01-14,168150,debit,settled,settled_cash,yes (recurrence source),historical/evidence source used to project recurring stream
request_11,event_914,2025-01-15,2025-01-15,23256000,credit,settled,settled_cash,yes (recurrence source),historical/evidence source used to project recurring stream
request_11,event_921,2025-01-16,2025-01-16,1688239.04,debit,settled,settled_cash,yes (recurrence source),historical/evidence source used to project recurring stream
request_11,event_957,2025-01-18,2025-01-18,1578114.18,debit,settled,settled_cash,no,outside request 90-day window
request_11,event_973,2025-01-19,2025-01-19,1307205.52,debit,settled,settled_cash,no,outside request 90-day window
request_11,event_915,2025-01-24,2025-01-24,8908379.93,credit,settled,settled_cash,no,outside request 90-day window
request_11,event_958,2025-01-28,2025-01-28,1763208.29,debit,settled,settled_cash,no,outside request 90-day window
request_11,event_985,2025-01-29,2025-01-29,1052748.56,debit,settled,settled_cash,no,outside request 90-day window
request_11,event_974,2025-02-02,2025-02-02,785218.72,debit,settled,settled_cash,no,outside request 90-day window
request_11,event_925,2025-02-05,2025-02-05,2954500,debit,settled,settled_cash,yes (recurrence source),historical/evidence source used to project recurring stream
request_11,event_959,2025-02-07,2025-02-07,1241008.74,debit,settled,settled_cash,no,outside request 90-day window
request_11,event_926,2025-02-08,2025-02-08,2508782.45,debit,settled,settled_cash,yes (recurrence source),historical/evidence source used to project recurring stream
request_11,event_927,2025-02-09,2025-02-09,1881000,debit,settled,settled_cash,yes (recurrence source),historical/evidence source used to project recurring stream
request_11,event_928,2025-02-10,2025-02-10,2544100,debit,settled,settled_cash,yes (recurrence source),historical/evidence source used to project recurring stream
request_11,event_929,2025-02-12,2025-02-12,2973572.96,debit,settled,settled_cash,yes (recurrence source),historical/evidence source used to project recurring stream
request_11,event_931,2025-02-14,2025-02-14,168150,debit,settled,settled_cash,yes (recurrence source),historical/evidence source used to project recurring stream
request_11,event_923,2025-02-15,2025-02-15,23256000,credit,settled,settled_cash,yes (recurrence source),historical/evidence source used to project recurring stream
request_11,event_930,2025-02-16,2025-02-16,1587027.72,debit,settled,settled_cash,yes (recurrence source),historical/evidence source used to project recurring stream
request_11,event_975,2025-02-16,2025-02-16,1185524.72,debit,settled,settled_cash,no,outside request 90-day window
request_11,event_960,2025-02-17,2025-02-17,1222447.75,debit,settled,settled_cash,no,outside request 90-day window
request_11,event_986,2025-02-19,2025-02-19,1365643.7,debit,settled,settled_cash,no,outside request 90-day window
request_11,event_924,2025-02-24,2025-02-24,15989420,credit,settled,settled_cash,no,outside request 90-day window
request_11,event_961,2025-02-27,2025-02-27,1614291.7,debit,settled,settled_cash,no,outside request 90-day window
request_11,event_976,2025-03-02,2025-03-02,1200020.76,debit,settled,settled_cash,no,outside request 90-day window
request_11,event_934,2025-03-05,2025-03-05,2954500,debit,settled,settled_cash,yes (recurrence source),historical/evidence source used to project recurring stream
request_11,event_935,2025-03-08,2025-03-08,2488665.63,debit,settled,settled_cash,yes (recurrence source),historical/evidence source used to project recurring stream
request_11,event_936,2025-03-09,2025-03-09,1881000,debit,settled,settled_cash,yes (recurrence source),historical/evidence source used to project recurring stream
request_11,event_962,2025-03-09,2025-03-09,1655671.41,debit,settled,settled_cash,no,outside request 90-day window
request_11,event_937,2025-03-10,2025-03-10,2544100,debit,settled,settled_cash,yes (recurrence source),historical/evidence source used to project recurring stream
request_11,event_938,2025-03-12,2025-03-12,3165638.3,debit,settled,settled_cash,yes (recurrence source),historical/evidence source used to project recurring stream
request_11,event_987,2025-03-12,2025-03-12,1335266.7,debit,settled,settled_cash,no,outside request 90-day window
request_11,event_940,2025-03-14,2025-03-14,168150,debit,settled,settled_cash,yes (recurrence source),historical/evidence source used to project recurring stream
request_11,event_932,2025-03-15,2025-03-15,23256000,credit,settled,settled_cash,yes (recurrence source),historical/evidence source used to project recurring stream
request_11,event_939,2025-03-16,2025-03-16,1649906.5,debit,settled,settled_cash,yes (recurrence source),historical/evidence source used to project recurring stream
request_11,event_977,2025-03-16,2025-03-16,1244032.33,debit,settled,settled_cash,no,outside request 90-day window
request_11,event_963,2025-03-19,2025-03-19,1311350.07,debit,settled,settled_cash,no,outside request 90-day window
request_11,event_933,2025-03-24,2025-03-24,20012106.46,credit,settled,settled_cash,no,outside request 90-day window
request_11,event_964,2025-03-29,2025-03-29,1292005.65,debit,settled,settled_cash,no,outside request 90-day window
request_11,event_978,2025-03-30,2025-03-30,1122838.73,debit,settled,settled_cash,no,outside request 90-day window
request_11,event_988,2025-04-02,2025-04-02,1503635.49,debit,settled,settled_cash,no,outside request 90-day window
request_11,event_943,2025-04-05,2025-04-05,2954500,debit,settled,settled_cash,yes (recurrence source),historical/evidence source used to project recurring stream
request_11,event_944,2025-04-08,2025-04-08,2796165.18,debit,settled,settled_cash,yes (recurrence source),historical/evidence source used to project recurring stream
request_11,event_965,2025-04-08,2025-04-08,1590529.64,debit,settled,settled_cash,no,outside request 90-day window
request_11,event_945,2025-04-09,2025-04-09,1881000,debit,settled,settled_cash,yes (recurrence source),historical/evidence source used to project recurring stream
request_11,event_946,2025-04-10,2025-04-10,2544100,debit,settled,settled_cash,yes (recurrence source),historical/evidence source used to project recurring stream
request_11,event_947,2025-04-12,2025-04-12,2826901.92,debit,settled,settled_cash,yes (recurrence source),historical/evidence source used to project recurring stream
request_11,event_979,2025-04-13,2025-04-13,1103949.29,debit,settled,settled_cash,no,outside request 90-day window
request_11,event_949,2025-04-14,2025-04-14,168150,debit,settled,settled_cash,yes (recurrence source),historical/evidence source used to project recurring stream
request_11,event_941,2025-04-15,2025-04-15,23256000,credit,settled,settled_cash,yes (recurrence source),historical/evidence source used to project recurring stream
request_11,event_948,2025-04-16,2025-04-16,1674887.61,debit,settled,settled_cash,yes (recurrence source),historical/evidence source used to project recurring stream
request_11,event_966,2025-04-18,2025-04-18,1131582.3,debit,settled,settled_cash,no,outside request 90-day window
request_11,event_989,2025-04-23,2025-04-23,1163530.49,debit,settled,settled_cash,no,outside request 90-day window
request_11,event_942,2025-04-24,2025-04-24,8502888.2,credit,settled,settled_cash,no,outside request 90-day window
request_11,event_980,2025-04-27,2025-04-27,1244835.69,debit,settled,settled_cash,no,outside request 90-day window
request_11,event_967,2025-04-28,2025-04-28,1341187.18,debit,settled,settled_cash,no,outside request 90-day window
request_12,event_1019,2025-10-09,2025-10-09,2484.14,debit,settled,settled_cash,no,outside request 90-day window
request_12,event_1037,2025-10-10,2025-10-10,1398.61,debit,settled,settled_cash,no,outside request 90-day window
request_12,event_1046,2025-10-11,2025-10-11,2152.06,debit,settled,settled_cash,no,outside request 90-day window
request_12,event_1020,2025-10-19,2025-10-19,2333.56,debit,settled,settled_cash,no,outside request 90-day window
request_12,event_1021,2025-10-29,2025-10-29,2229.55,debit,settled,settled_cash,yes (recurrence source),historical/evidence source used to project recurring stream
request_12,event_1038,2025-10-31,2025-10-31,1302.02,debit,settled,settled_cash,no,outside request 90-day window
request_12,event_1047,2025-11-01,2025-11-01,2452.07,debit,settled,settled_cash,no,outside request 90-day window
request_12,event_991,2025-11-01,2025-11-01,11792,debit,settled,settled_cash,yes (recurrence source),historical/evidence source used to project recurring stream
request_12,event_992,2025-11-05,2025-11-05,3103.78,debit,settled,settled_cash,yes (recurrence source),historical/evidence source used to project recurring stream
request_12,event_1022,2025-11-08,2025-11-08,1622.75,debit,settled,settled_cash,no,outside request 90-day window
request_12,event_994,2025-11-08,2025-11-08,1504.8,debit,settled,settled_cash,yes (recurrence source),historical/evidence source used to project recurring stream
request_12,event_993,2025-11-11,2025-11-11,447.7,debit,settled,settled_cash,yes (recurrence source),historical/evidence source used to project recurring stream
request_12,event_995,2025-11-11,2025-11-11,1267.67,debit,settled,settled_cash,yes (recurrence source),historical/evidence source used to project recurring stream
request_12,event_990,2025-11-15,2025-11-15,55846.64,credit,settled,settled_cash,no,outside request 90-day window
request_12,event_1023,2025-11-18,2025-11-18,2333.98,debit,settled,settled_cash,no,outside request 90-day window
request_12,event_1039,2025-11-21,2025-11-21,1282.01,debit,settled,settled_cash,no,outside request 90-day window
request_12,event_1048,2025-11-22,2025-11-22,2407.92,debit,settled,settled_cash,no,outside request 90-day window
request_12,event_1024,2025-11-28,2025-11-28,2177.71,debit,settled,settled_cash,no,outside request 90-day window
request_12,event_997,2025-12-01,2025-12-01,11792,debit,settled,settled_cash,yes (recurrence source),historical/evidence source used to project recurring stream
request_12,event_998,2025-12-05,2025-12-05,3374.49,debit,settled,settled_cash,yes (recurrence source),historical/evidence source used to project recurring stream
request_12,event_1000,2025-12-08,2025-12-08,1504.8,debit,settled,settled_cash,yes (recurrence source),historical/evidence source used to project recurring stream
request_12,event_1025,2025-12-08,2025-12-08,1797.17,debit,settled,settled_cash,yes (recurrence source),historical/evidence source used to project recurring stream
request_12,event_1001,2025-12-11,2025-12-11,1243.49,debit,settled,settled_cash,yes (recurrence source),historical/evidence source used to project recurring stream
request_12,event_999,2025-12-11,2025-12-11,447.7,debit,settled,settled_cash,yes (recurrence source),historical/evidence source used to project recurring stream
request_12,event_1040,2025-12-12,2025-12-12,1240.84,debit,settled,settled_cash,no,outside request 90-day window
request_12,event_1049,2025-12-13,2025-12-13,2554.33,debit,settled,settled_cash,no,outside request 90-day window
request_12,event_996,2025-12-15,2025-12-15,41904.42,credit,settled,settled_cash,no,outside request 90-day window
request_12,event_1026,2025-12-18,2025-12-18,2448,debit,settled,settled_cash,yes (recurrence source),historical/evidence source used to project recurring stream
request_12,event_1027,2025-12-28,2025-12-28,2432.91,debit,settled,settled_cash,yes (recurrence source),historical/evidence source used to project recurring stream
request_12,event_1003,2026-01-01,2026-01-01,11792,debit,settled,settled_cash,yes (recurrence source),historical/evidence source used to project recurring stream
request_12,event_1041,2026-01-02,2026-01-02,1722.14,debit,settled,settled_cash,no,outside request 90-day window
request_12,event_1050,2026-01-03,2026-01-03,2344.45,debit,settled,settled_cash,no,outside request 90-day window
request_12,event_1004,2026-01-05,2026-01-05,3755.96,debit,settled,settled_cash,yes (recurrence source),historical/evidence source used to project recurring stream
request_12,event_1028,2026-01-07,2026-01-07,1930.95,debit,settled,settled_cash,yes (recurrence source),historical/evidence source used to project recurring stream
request_12,event_1006,2026-01-08,2026-01-08,1504.8,debit,settled,settled_cash,yes (recurrence source),historical/evidence source used to project recurring stream
request_12,event_1005,2026-01-11,2026-01-11,447.7,debit,settled,settled_cash,yes (recurrence source),historical/evidence source used to project recurring stream
request_12,event_1007,2026-01-11,2026-01-11,1401.99,debit,settled,settled_cash,yes (recurrence source),historical/evidence source used to project recurring stream
request_12,event_1002,2026-01-15,2026-01-15,61315.12,credit,settled,settled_cash,no,outside request 90-day window
request_12,event_1029,2026-01-17,2026-01-17,1650.19,debit,settled,settled_cash,no,outside request 90-day window
request_12,event_1042,2026-01-23,2026-01-23,1261.17,debit,settled,settled_cash,no,outside request 90-day window
request_12,event_1051,2026-01-24,2026-01-24,2608.96,debit,settled,settled_cash,no,outside request 90-day window
request_12,event_1030,2026-01-27,2026-01-27,1539.11,debit,settled,settled_cash,yes (recurrence source),historical/evidence source used to project recurring stream
request_12,event_1008,2026-02-01,2026-02-01,11792,debit,settled,settled_cash,yes (recurrence source),historical/evidence source used to project recurring stream
request_12,event_1009,2026-02-05,2026-02-05,3708.19,debit,settled,settled_cash,yes (recurrence source),historical/evidence source used to project recurring stream
request_12,event_1031,2026-02-06,2026-02-06,1587.87,debit,settled,settled_cash,no,outside request 90-day window
request_12,event_1011,2026-02-08,2026-02-08,1504.8,debit,settled,settled_cash,yes (recurrence source),historical/evidence source used to project recurring stream
request_12,event_1010,2026-02-11,2026-02-11,447.7,debit,settled,settled_cash,yes (recurrence source),historical/evidence source used to project recurring stream
request_12,event_1012,2026-02-11,2026-02-11,1196.86,debit,settled,settled_cash,yes (recurrence source),historical/evidence source used to project recurring stream
request_12,event_1043,2026-02-13,2026-02-13,1355.85,debit,settled,settled_cash,no,outside request 90-day window
request_12,event_1052,2026-02-14,2026-02-14,1765.33,debit,settled,settled_cash,no,outside request 90-day window
request_12,event_1032,2026-02-16,2026-02-16,2404.94,debit,settled,settled_cash,no,outside request 90-day window
request_12,event_1033,2026-02-26,2026-02-26,2729.09,debit,settled,settled_cash,no,outside request 90-day window
request_12,event_1013,2026-03-01,2026-03-01,11792,debit,settled,settled_cash,yes (recurrence source),historical/evidence source used to project recurring stream
request_12,event_1014,2026-03-05,2026-03-05,3606.2,debit,settled,settled_cash,yes (recurrence source),historical/evidence source used to project recurring stream
request_12,event_1044,2026-03-06,2026-03-06,1684.28,debit,settled,settled_cash,no,outside request 90-day window
request_12,event_1053,2026-03-07,2026-03-07,2089.92,debit,settled,settled_cash,no,outside request 90-day window
request_12,event_1016,2026-03-08,2026-03-08,1504.8,debit,settled,settled_cash,yes (recurrence source),historical/evidence source used to project recurring stream
request_12,event_1034,2026-03-08,2026-03-08,2469.4,debit,settled,settled_cash,no,outside request 90-day window
request_12,event_1015,2026-03-11,2026-03-11,447.7,debit,settled,settled_cash,yes (recurrence source),historical/evidence source used to project recurring stream
request_12,event_1017,2026-03-11,2026-03-11,1169.42,debit,settled,settled_cash,yes (recurrence source),historical/evidence source used to project recurring stream
request_12,event_1035,2026-03-18,2026-03-18,1806.77,debit,settled,settled_cash,no,outside request 90-day window
request_12,event_1045,2026-03-27,2026-03-27,1679.15,debit,settled,settled_cash,no,outside request 90-day window
request_12,event_1036,2026-03-28,2026-03-28,2449.9,debit,settled,settled_cash,no,outside request 90-day window
request_12,event_1054,2026-03-28,2026-03-28,1943.35,debit,settled,settled_cash,no,outside request 90-day window
request_12,event_1018,2026-04-01,2026-04-01,11792,debit,settled,settled_cash,yes (recurrence source),historical/evidence source used to project recurring stream
request_13,event_1096,2023-09-12,2023-09-12,91.05,debit,settled,settled_cash,no,outside request 90-day window
request_13,event_1122,2023-09-13,2023-09-13,44.85,debit,settled,settled_cash,no,outside request 90-day window
request_13,event_1148,2023-09-14,2023-09-14,75.47,debit,settled,settled_cash,no,outside request 90-day window
request_13,event_1097,2023-09-19,2023-09-19,114.9,debit,settled,settled_cash,no,outside request 90-day window
request_13,event_1123,2023-09-20,2023-09-20,35.12,debit,settled,settled_cash,no,outside request 90-day window
request_13,event_1098,2023-09-26,2023-09-26,120.16,debit,settled,settled_cash,no,outside request 90-day window
request_13,event_1124,2023-09-27,2023-09-27,34.47,debit,settled,settled_cash,no,outside request 90-day window
request_13,event_1149,2023-09-28,2023-09-28,68.7,debit,settled,settled_cash,no,outside request 90-day window
request_13,event_1057,2023-10-02,2023-10-02,622.6,debit,settled,settled_cash,yes (recurrence source),historical/evidence source used to project recurring stream
request_13,event_1099,2023-10-03,2023-10-03,82.38,debit,settled,settled_cash,no,outside request 90-day window
request_13,event_1125,2023-10-04,2023-10-04,34.28,debit,settled,settled_cash,no,outside request 90-day window
request_13,event_1058,2023-10-06,2023-10-06,162.77,debit,settled,settled_cash,yes (recurrence source),historical/evidence source used to project recurring stream
request_13,event_1061,2023-10-10,2023-10-10,61,debit,settled,settled_cash,yes (recurrence source),historical/evidence source used to project recurring stream
request_13,event_1100,2023-10-10,2023-10-10,115.37,debit,settled,settled_cash,yes (recurrence source),historical/evidence source used to project recurring stream
request_13,event_1059,2023-10-11,2023-10-11,29,debit,settled,settled_cash,yes (recurrence source),historical/evidence source used to project recurring stream
request_13,event_1126,2023-10-11,2023-10-11,50.6,debit,settled,settled_cash,no,outside request 90-day window
request_13,event_1150,2023-10-12,2023-10-12,80.09,debit,settled,settled_cash,no,outside request 90-day window
request_13,event_1060,2023-10-13,2023-10-13,21,debit,settled,settled_cash,yes (recurrence source),historical/evidence source used to project recurring stream
request_13,event_1062,2023-10-14,2023-10-14,33.83,debit,settled,settled_cash,yes (recurrence source),historical/evidence source used to project recurring stream
request_13,event_1055,2023-10-15,2023-10-15,1343.54,credit,settled,settled_cash,yes (recurrence source),historical/evidence source used to project recurring stream
request_13,event_1101,2023-10-17,2023-10-17,89.89,debit,settled,settled_cash,no,outside request 90-day window
request_13,event_1127,2023-10-18,2023-10-18,55.33,debit,settled,settled_cash,no,outside request 90-day window
request_13,event_1056,2023-10-20,2023-10-20,993.88,credit,settled,settled_cash,yes (recurrence source),historical/evidence source used to project recurring stream
request_13,event_1102,2023-10-24,2023-10-24,91.28,debit,settled,settled_cash,no,outside request 90-day window
request_13,event_1128,2023-10-25,2023-10-25,34.09,debit,settled,settled_cash,no,outside request 90-day window
request_13,event_1151,2023-10-26,2023-10-26,62.71,debit,settled,settled_cash,no,outside request 90-day window
request_13,event_1103,2023-10-31,2023-10-31,108.75,debit,settled,settled_cash,no,outside request 90-day window
request_13,event_1129,2023-11-01,2023-11-01,54.58,debit,settled,settled_cash,no,outside request 90-day window
request_13,event_1065,2023-11-02,2023-11-02,622.6,debit,settled,settled_cash,yes (recurrence source),historical/evidence source used to project recurring stream
request_13,event_1066,2023-11-06,2023-11-06,143.39,debit,settled,settled_cash,yes (recurrence source),historical/evidence source used to project recurring stream
request_13,event_1104,2023-11-07,2023-11-07,101.74,debit,settled,settled_cash,no,outside request 90-day window
request_13,event_1130,2023-11-08,2023-11-08,33.97,debit,settled,settled_cash,no,outside request 90-day window
request_13,event_1152,2023-11-09,2023-11-09,53.91,debit,settled,settled_cash,no,outside request 90-day window
request_13,event_1069,2023-11-10,2023-11-10,61,debit,settled,settled_cash,yes (recurrence source),historical/evidence source used to project recurring stream
request_13,event_1067,2023-11-11,2023-11-11,29,debit,settled,settled_cash,yes (recurrence source),historical/evidence source used to project recurring stream
request_13,event_1068,2023-11-13,2023-11-13,21,debit,settled,settled_cash,yes (recurrence source),historical/evidence source used to project recurring stream
request_13,event_1070,2023-11-14,2023-11-14,30.88,debit,settled,settled_cash,yes (recurrence source),historical/evidence source used to project recurring stream
request_13,event_1105,2023-11-14,2023-11-14,102.05,debit,settled,settled_cash,yes (recurrence source),historical/evidence source used to project recurring stream
request_13,event_1063,2023-11-15,2023-11-15,1343.54,credit,settled,settled_cash,yes (recurrence source),historical/evidence source used to project recurring stream
request_13,event_1131,2023-11-15,2023-11-15,48.13,debit,settled,settled_cash,no,outside request 90-day window
request_13,event_1064,2023-11-20,2023-11-20,771.17,credit,settled,settled_cash,yes (recurrence source),historical/evidence source used to project recurring stream
request_13,event_1106,2023-11-21,2023-11-21,119.05,debit,settled,settled_cash,no,outside request 90-day window
request_13,event_1132,2023-11-22,2023-11-22,54.4,debit,settled,settled_cash,no,outside request 90-day window
request_13,event_1153,2023-11-23,2023-11-23,80.35,debit,settled,settled_cash,no,outside request 90-day window
request_13,event_1107,2023-11-28,2023-11-28,101.87,debit,settled,settled_cash,yes (recurrence source),historical/evidence source used to project recurring stream
request_13,event_1133,2023-11-29,2023-11-29,38.31,debit,settled,settled_cash,no,outside request 90-day window
request_13,event_1073,2023-12-02,2023-12-02,622.6,debit,settled,settled_cash,yes (recurrence source),historical/evidence source used to project recurring stream
request_13,event_1108,2023-12-05,2023-12-05,106.05,debit,settled,settled_cash,no,outside request 90-day window
request_13,event_1074,2023-12-06,2023-12-06,146.33,debit,settled,settled_cash,yes (recurrence source),historical/evidence source used to project recurring stream
request_13,event_1134,2023-12-06,2023-12-06,44.07,debit,settled,settled_cash,no,outside request 90-day window
request_13,event_1154,2023-12-07,2023-12-07,64.45,debit,settled,settled_cash,no,outside request 90-day window
request_13,event_1077,2023-12-10,2023-12-10,61,debit,settled,settled_cash,yes (recurrence source),historical/evidence source used to project recurring stream
request_13,event_1075,2023-12-11,2023-12-11,29,debit,settled,settled_cash,yes (recurrence source),historical/evidence source used to project recurring stream
request_13,event_1109,2023-12-12,2023-12-12,102.25,debit,settled,settled_cash,yes (recurrence source),historical/evidence source used to project recurring stream
request_13,event_1076,2023-12-13,2023-12-13,21,debit,settled,settled_cash,yes (recurrence source),historical/evidence source used to project recurring stream
request_13,event_1135,2023-12-13,2023-12-13,50.38,debit,settled,settled_cash,no,outside request 90-day window
request_13,event_1078,2023-12-14,2023-12-14,37.9,debit,settled,settled_cash,yes (recurrence source),historical/evidence source used to project recurring stream
request_13,event_1071,2023-12-15,2023-12-15,1343.54,credit,settled,settled_cash,yes (recurrence source),historical/evidence source used to project recurring stream
request_13,event_1110,2023-12-19,2023-12-19,93.15,debit,settled,settled_cash,yes (recurrence source),historical/evidence source used to project recurring stream
request_13,event_1072,2023-12-20,2023-12-20,948.46,credit,settled,settled_cash,yes (recurrence source),historical/evidence source used to project recurring stream
request_13,event_1136,2023-12-20,2023-12-20,49.29,debit,settled,settled_cash,yes (recurrence source),historical/evidence source used to project recurring stream
request_13,event_1155,2023-12-21,2023-12-21,70.45,debit,settled,settled_cash,no,outside request 90-day window
request_13,event_1111,2023-12-26,2023-12-26,81.24,debit,settled,settled_cash,no,outside request 90-day window
request_13,event_1137,2023-12-27,2023-12-27,46.73,debit,settled,settled_cash,no,outside request 90-day window
request_13,event_1081,2024-01-02,2024-01-02,622.6,debit,settled,settled_cash,yes (recurrence source),historical/evidence source used to project recurring stream
request_13,event_1112,2024-01-02,2024-01-02,86.23,debit,settled,settled_cash,yes (recurrence source),historical/evidence source used to project recurring stream
request_13,event_1138,2024-01-03,2024-01-03,43.41,debit,settled,settled_cash,no,outside request 90-day window
request_13,event_1156,2024-01-04,2024-01-04,61.59,debit,settled,settled_cash,no,outside request 90-day window
request_13,event_1082,2024-01-06,2024-01-06,143.7,debit,settled,settled_cash,yes (recurrence source),historical/evidence source used to project recurring stream
request_13,event_1113,2024-01-09,2024-01-09,94.28,debit,settled,settled_cash,yes (recurrence source),historical/evidence source used to project recurring stream
request_13,event_1085,2024-01-10,2024-01-10,61,debit,settled,settled_cash,yes (recurrence source),historical/evidence source used to project recurring stream
request_13,event_1139,2024-01-10,2024-01-10,58.44,debit,settled,settled_cash,no,outside request 90-day window
request_13,event_1083,2024-01-11,2024-01-11,29,debit,settled,settled_cash,yes (recurrence source),historical/evidence source used to project recurring stream
request_13,event_1084,2024-01-13,2024-01-13,21,debit,settled,settled_cash,yes (recurrence source),historical/evidence source used to project recurring stream
request_13,event_1086,2024-01-14,2024-01-14,31.8,debit,settled,settled_cash,yes (recurrence source),historical/evidence source used to project recurring stream
request_13,event_1079,2024-01-15,2024-01-15,1343.54,credit,settled,settled_cash,yes (recurrence source),historical/evidence source used to project recurring stream
request_13,event_1114,2024-01-16,2024-01-16,84.23,debit,settled,settled_cash,yes (recurrence source),historical/evidence source used to project recurring stream
request_13,event_1140,2024-01-17,2024-01-17,33.5,debit,settled,settled_cash,yes (recurrence source),historical/evidence source used to project recurring stream
request_13,event_1157,2024-01-18,2024-01-18,48.2,debit,settled,settled_cash,no,outside request 90-day window
request_13,event_1080,2024-01-20,2024-01-20,881.45,credit,settled,settled_cash,yes (recurrence source),historical/evidence source used to project recurring stream
request_13,event_1115,2024-01-23,2024-01-23,120.89,debit,settled,settled_cash,yes (recurrence source),historical/evidence source used to project recurring stream
request_13,event_1141,2024-01-24,2024-01-24,56.63,debit,settled,settled_cash,no,outside request 90-day window
request_13,event_1116,2024-01-30,2024-01-30,114.53,debit,settled,settled_cash,no,outside request 90-day window
request_13,event_1142,2024-01-31,2024-01-31,46.98,debit,settled,settled_cash,no,outside request 90-day window
request_13,event_1158,2024-02-01,2024-02-01,60.34,debit,settled,settled_cash,no,outside request 90-day window
request_13,event_1088,2024-02-02,2024-02-02,622.6,debit,settled,settled_cash,yes (recurrence source),historical/evidence source used to project recurring stream
request_13,event_1089,2024-02-06,2024-02-06,131.53,debit,settled,settled_cash,yes (recurrence source),historical/evidence source used to project recurring stream
request_13,event_1117,2024-02-06,2024-02-06,73.74,debit,settled,settled_cash,yes (recurrence source),historical/evidence source used to project recurring stream
request_13,event_1143,2024-02-07,2024-02-07,45.29,debit,settled,settled_cash,no,outside request 90-day window
request_13,event_1092,2024-02-10,2024-02-10,61,debit,settled,settled_cash,yes (recurrence source),historical/evidence source used to project recurring stream
request_13,event_1090,2024-02-11,2024-02-11,29,debit,settled,settled_cash,yes (recurrence source),historical/evidence source used to project recurring stream
request_13,event_1091,2024-02-13,2024-02-13,21,debit,settled,settled_cash,yes (recurrence source),historical/evidence source used to project recurring stream
request_13,event_1118,2024-02-13,2024-02-13,98.36,debit,settled,settled_cash,no,outside request 90-day window
request_13,event_1093,2024-02-14,2024-02-14,30.39,debit,settled,settled_cash,yes (recurrence source),historical/evidence source used to project recurring stream
request_13,event_1144,2024-02-14,2024-02-14,45.37,debit,settled,settled_cash,no,outside request 90-day window
request_13,event_1087,2024-02-15,2024-02-15,1343.54,credit,settled,settled_cash,yes (recurrence source),historical/evidence source used to project recurring stream
request_13,event_1159,2024-02-15,2024-02-15,48.02,debit,settled,settled_cash,no,outside request 90-day window
request_13,event_1119,2024-02-20,2024-02-20,118.36,debit,settled,settled_cash,no,outside request 90-day window
request_13,event_1145,2024-02-21,2024-02-21,39.48,debit,settled,settled_cash,no,outside request 90-day window
request_13,event_1120,2024-02-27,2024-02-27,85.71,debit,settled,settled_cash,no,outside request 90-day window
request_13,event_1146,2024-02-28,2024-02-28,50.46,debit,settled,settled_cash,yes (recurrence source),historical/evidence source used to project recurring stream
request_13,event_1160,2024-02-29,2024-02-29,61.28,debit,settled,settled_cash,no,outside request 90-day window
request_13,event_1094,2024-03-02,2024-03-02,622.6,debit,settled,settled_cash,yes (recurrence source),historical/evidence source used to project recurring stream
request_13,event_1121,2024-03-05,2024-03-05,93.66,debit,settled,settled_cash,yes (recurrence source),historical/evidence source used to project recurring stream
request_13,event_1095,2024-03-06,2024-03-06,134.25,debit,settled,settled_cash,yes (recurrence source),historical/evidence source used to project recurring stream
request_13,event_1147,2024-03-06,2024-03-06,37.29,debit,settled,settled_cash,no,outside request 90-day window
request_13,event_1161,2024-03-15,2024-03-15,1343.54,credit,scheduled,scheduled_cash,yes (direct),eligible effective-date cash flow
request_14,event_1201,2025-02-09,2025-02-09,103.53,debit,settled,settled_cash,no,outside request 90-day window
request_14,event_1227,2025-02-10,2025-02-10,46.75,debit,settled,settled_cash,no,outside request 90-day window
request_14,event_1202,2025-02-16,2025-02-16,95.35,debit,settled,settled_cash,no,outside request 90-day window
request_14,event_1203,2025-02-23,2025-02-23,104.91,debit,settled,settled_cash,yes (recurrence source),historical/evidence source used to project recurring stream
request_14,event_1228,2025-02-24,2025-02-24,58.52,debit,settled,settled_cash,no,outside request 90-day window
request_14,event_1204,2025-03-02,2025-03-02,81.22,debit,settled,settled_cash,no,outside request 90-day window
request_14,event_1163,2025-03-03,2025-03-03,688.6,debit,settled,settled_cash,yes (recurrence source),historical/evidence source used to project recurring stream
request_14,event_1164,2025-03-07,2025-03-07,141.46,debit,settled,settled_cash,yes (recurrence source),historical/evidence source used to project recurring stream
request_14,event_1205,2025-03-09,2025-03-09,92.09,debit,settled,settled_cash,yes (recurrence source),historical/evidence source used to project recurring stream
request_14,event_1229,2025-03-10,2025-03-10,37.65,debit,settled,settled_cash,no,outside request 90-day window
request_14,event_1166,2025-03-11,2025-03-11,92.08,debit,settled,settled_cash,yes (recurrence source),historical/evidence source used to project recurring stream
request_14,event_1165,2025-03-12,2025-03-12,350,debit,settled,settled_cash,yes (recurrence source),historical/evidence source used to project recurring stream
request_14,event_1168,2025-03-13,2025-03-13,14,debit,settled,settled_cash,yes (recurrence source),historical/evidence source used to project recurring stream
request_14,event_1169,2025-03-13,2025-03-13,137.03,debit,settled,settled_cash,yes (recurrence source),historical/evidence source used to project recurring stream
request_14,event_1167,2025-03-14,2025-03-14,226,debit,settled,settled_cash,yes (recurrence source),historical/evidence source used to project recurring stream
request_14,event_1162,2025-03-15,2025-03-15,2717,credit,settled,settled_cash,no,outside request 90-day window
request_14,event_1206,2025-03-16,2025-03-16,121.61,debit,settled,settled_cash,no,outside request 90-day window
request_14,event_1207,2025-03-23,2025-03-23,87.64,debit,settled,settled_cash,no,outside request 90-day window
request_14,event_1230,2025-03-24,2025-03-24,47.73,debit,settled,settled_cash,no,outside request 90-day window
request_14,event_1208,2025-03-30,2025-03-30,140.51,debit,settled,settled_cash,no,outside request 90-day window
request_14,event_1171,2025-04-03,2025-04-03,688.6,debit,settled,settled_cash,yes (recurrence source),historical/evidence source used to project recurring stream
request_14,event_1209,2025-04-06,2025-04-06,131.02,debit,settled,settled_cash,no,outside request 90-day window
request_14,event_1172,2025-04-07,2025-04-07,156.08,debit,settled,settled_cash,yes (recurrence source),historical/evidence source used to project recurring stream
request_14,event_1231,2025-04-07,2025-04-07,53.15,debit,settled,settled_cash,no,outside request 90-day window
request_14,event_1174,2025-04-11,2025-04-11,92.65,debit,settled,settled_cash,yes (recurrence source),historical/evidence source used to project recurring stream
request_14,event_1173,2025-04-12,2025-04-12,350,debit,settled,settled_cash,yes (recurrence source),historical/evidence source used to project recurring stream
request_14,event_1176,2025-04-13,2025-04-13,14,debit,settled,settled_cash,yes (recurrence source),historical/evidence source used to project recurring stream
request_14,event_1177,2025-04-13,2025-04-13,123.04,debit,settled,settled_cash,yes (recurrence source),historical/evidence source used to project recurring stream
request_14,event_1210,2025-04-13,2025-04-13,83.71,debit,settled,settled_cash,no,outside request 90-day window
request_14,event_1175,2025-04-14,2025-04-14,226,debit,settled,settled_cash,yes (recurrence source),historical/evidence source used to project recurring stream
request_14,event_1170,2025-04-15,2025-04-15,2717,credit,settled,settled_cash,no,outside request 90-day window
request_14,event_1211,2025-04-20,2025-04-20,93.46,debit,settled,settled_cash,yes (recurrence source),historical/evidence source used to project recurring stream
request_14,event_1232,2025-04-21,2025-04-21,56.49,debit,settled,settled_cash,no,outside request 90-day window
request_14,event_1212,2025-04-27,2025-04-27,90.76,debit,settled,settled_cash,yes (recurrence source),historical/evidence source used to project recurring stream
request_14,event_1178,2025-05-03,2025-05-03,688.6,debit,settled,settled_cash,yes (recurrence source),historical/evidence source used to project recurring stream
request_14,event_1213,2025-05-04,2025-05-04,106.55,debit,settled,settled_cash,yes (recurrence source),historical/evidence source used to project recurring stream
request_14,event_1233,2025-05-05,2025-05-05,55.52,debit,settled,settled_cash,no,outside request 90-day window
request_14,event_1179,2025-05-07,2025-05-07,143.45,debit,settled,settled_cash,yes (recurrence source),historical/evidence source used to project recurring stream
request_14,event_1181,2025-05-11,2025-05-11,95.17,debit,settled,settled_cash,yes (recurrence source),historical/evidence source used to project recurring stream
request_14,event_1214,2025-05-11,2025-05-11,93.65,debit,settled,settled_cash,no,outside request 90-day window
request_14,event_1180,2025-05-12,2025-05-12,350,debit,settled,settled_cash,yes (recurrence source),historical/evidence source used to project recurring stream
request_14,event_1183,2025-05-13,2025-05-13,14,debit,settled,settled_cash,yes (recurrence source),historical/evidence source used to project recurring stream
request_14,event_1184,2025-05-13,2025-05-13,123.12,debit,settled,settled_cash,yes (recurrence source),historical/evidence source used to project recurring stream
request_14,event_1182,2025-05-14,2025-05-14,226,debit,settled,settled_cash,yes (recurrence source),historical/evidence source used to project recurring stream
request_14,event_1215,2025-05-18,2025-05-18,96.42,debit,settled,settled_cash,yes (recurrence source),historical/evidence source used to project recurring stream
request_14,event_1234,2025-05-19,2025-05-19,52.26,debit,settled,settled_cash,no,outside request 90-day window
request_14,event_1216,2025-05-25,2025-05-25,101.15,debit,settled,settled_cash,yes (recurrence source),historical/evidence source used to project recurring stream
request_14,event_1217,2025-06-01,2025-06-01,129.68,debit,settled,settled_cash,no,outside request 90-day window
request_14,event_1235,2025-06-02,2025-06-02,50.48,debit,settled,settled_cash,no,outside request 90-day window
request_14,event_1185,2025-06-03,2025-06-03,688.6,debit,settled,settled_cash,yes (recurrence source),historical/evidence source used to project recurring stream
request_14,event_1186,2025-06-07,2025-06-07,146.41,debit,settled,settled_cash,yes (recurrence source),historical/evidence source used to project recurring stream
request_14,event_1218,2025-06-08,2025-06-08,123.41,debit,settled,settled_cash,yes (recurrence source),historical/evidence source used to project recurring stream
request_14,event_1188,2025-06-11,2025-06-11,91.77,debit,settled,settled_cash,yes (recurrence source),historical/evidence source used to project recurring stream
request_14,event_1187,2025-06-12,2025-06-12,350,debit,settled,settled_cash,yes (recurrence source),historical/evidence source used to project recurring stream
request_14,event_1190,2025-06-13,2025-06-13,14,debit,settled,settled_cash,yes (recurrence source),historical/evidence source used to project recurring stream
request_14,event_1191,2025-06-13,2025-06-13,123.77,debit,settled,settled_cash,yes (recurrence source),historical/evidence source used to project recurring stream
request_14,event_1189,2025-06-14,2025-06-14,226,debit,settled,settled_cash,yes (recurrence source),historical/evidence source used to project recurring stream
request_14,event_1219,2025-06-15,2025-06-15,94.21,debit,settled,settled_cash,no,outside request 90-day window
request_14,event_1236,2025-06-16,2025-06-16,55.96,debit,settled,settled_cash,no,outside request 90-day window
request_14,event_1220,2025-06-22,2025-06-22,86.49,debit,settled,settled_cash,no,outside request 90-day window
request_14,event_1221,2025-06-29,2025-06-29,138.85,debit,settled,settled_cash,no,outside request 90-day window
request_14,event_1237,2025-06-30,2025-06-30,62.3,debit,settled,settled_cash,no,outside request 90-day window
request_14,event_1193,2025-07-03,2025-07-03,688.6,debit,settled,settled_cash,yes (recurrence source),historical/evidence source used to project recurring stream
request_14,event_1222,2025-07-06,2025-07-06,102.54,debit,settled,settled_cash,no,outside request 90-day window
request_14,event_1194,2025-07-07,2025-07-07,153.69,debit,settled,settled_cash,yes (recurrence source),historical/evidence source used to project recurring stream
request_14,event_1196,2025-07-11,2025-07-11,87.84,debit,settled,settled_cash,yes (recurrence source),historical/evidence source used to project recurring stream
request_14,event_1195,2025-07-12,2025-07-12,350,debit,settled,settled_cash,yes (recurrence source),historical/evidence source used to project recurring stream
request_14,event_1198,2025-07-13,2025-07-13,14,debit,settled,settled_cash,yes (recurrence source),historical/evidence source used to project recurring stream
request_14,event_1199,2025-07-13,2025-07-13,140.39,debit,settled,settled_cash,yes (recurrence source),historical/evidence source used to project recurring stream
request_14,event_1223,2025-07-13,2025-07-13,112.72,debit,settled,settled_cash,no,outside request 90-day window
request_14,event_1197,2025-07-14,2025-07-14,226,debit,settled,settled_cash,yes (recurrence source),historical/evidence source used to project recurring stream
request_14,event_1238,2025-07-14,2025-07-14,43.12,debit,settled,settled_cash,no,outside request 90-day window
request_14,event_1192,2025-07-15,2025-07-15,2717,credit,settled,settled_cash,no,outside request 90-day window
request_14,event_1224,2025-07-20,2025-07-20,96.86,debit,settled,settled_cash,no,outside request 90-day window
request_14,event_1225,2025-07-27,2025-07-27,86.83,debit,settled,settled_cash,no,outside request 90-day window
request_14,event_1239,2025-07-28,2025-07-28,43.88,debit,settled,settled_cash,no,outside request 90-day window
request_14,event_1200,2025-08-03,2025-08-03,688.6,debit,settled,settled_cash,yes (recurrence source),historical/evidence source used to project recurring stream
request_14,event_1226,2025-08-03,2025-08-03,129.56,debit,settled,settled_cash,no,outside request 90-day window
request_14,evidence_income:message_10,2025-08-15,2025-08-15,2717,credit,scheduled,scheduled_cash,yes (direct),eligible effective-date cash flow
request_15,event_1323,2025-07-12,2025-07-12,33.39,debit,settled,settled_cash,no,outside request 90-day window
request_15,event_1273,2025-07-15,2025-07-15,51.57,debit,settled,settled_cash,no,outside request 90-day window
request_15,event_1298,2025-07-16,2025-07-16,29.41,debit,settled,settled_cash,no,outside request 90-day window
request_15,event_1274,2025-07-22,2025-07-22,63.15,debit,settled,settled_cash,no,outside request 90-day window
request_15,event_1299,2025-07-23,2025-07-23,39.06,debit,settled,settled_cash,no,outside request 90-day window
request_15,event_1324,2025-07-26,2025-07-26,41.42,debit,settled,settled_cash,no,outside request 90-day window
request_15,event_1275,2025-07-29,2025-07-29,64.39,debit,settled,settled_cash,no,outside request 90-day window
request_15,event_1300,2025-07-30,2025-07-30,42.66,debit,settled,settled_cash,no,outside request 90-day window
request_15,event_1240,2025-08-04,2025-08-04,435.6,debit,settled,settled_cash,yes (recurrence source),historical/evidence source used to project recurring stream
request_15,event_1276,2025-08-05,2025-08-05,55.63,debit,settled,settled_cash,no,outside request 90-day window
request_15,event_1301,2025-08-06,2025-08-06,29.38,debit,settled,settled_cash,no,outside request 90-day window
request_15,event_1241,2025-08-08,2025-08-08,84.12,debit,settled,settled_cash,yes (recurrence source),historical/evidence source used to project recurring stream
request_15,event_1325,2025-08-09,2025-08-09,45.13,debit,settled,settled_cash,no,outside request 90-day window
request_15,event_1242,2025-08-10,2025-08-10,159,debit,settled,settled_cash,yes (recurrence source),historical/evidence source used to project recurring stream
request_15,event_1277,2025-08-12,2025-08-12,68.03,debit,settled,settled_cash,no,outside request 90-day window
request_15,event_1243,2025-08-13,2025-08-13,84,debit,settled,settled_cash,yes (recurrence source),historical/evidence source used to project recurring stream
request_15,event_1244,2025-08-13,2025-08-13,11,debit,settled,settled_cash,yes (recurrence source),historical/evidence source used to project recurring stream
request_15,event_1302,2025-08-13,2025-08-13,26.48,debit,settled,settled_cash,no,outside request 90-day window
request_15,event_1245,2025-08-15,2025-08-15,27,debit,settled,settled_cash,yes (recurrence source),historical/evidence source used to project recurring stream
request_15,event_1278,2025-08-19,2025-08-19,46.76,debit,settled,settled_cash,no,outside request 90-day window
request_15,event_1303,2025-08-20,2025-08-20,26.5,debit,settled,settled_cash,no,outside request 90-day window
request_15,event_1326,2025-08-23,2025-08-23,44.75,debit,settled,settled_cash,no,outside request 90-day window
request_15,event_1279,2025-08-26,2025-08-26,71.92,debit,settled,settled_cash,no,outside request 90-day window
request_15,event_1304,2025-08-27,2025-08-27,25.11,debit,settled,settled_cash,no,outside request 90-day window
request_15,event_1280,2025-09-02,2025-09-02,49.38,debit,settled,settled_cash,yes (recurrence source),historical/evidence source used to project recurring stream
request_15,event_1305,2025-09-03,2025-09-03,37.01,debit,settled,settled_cash,no,outside request 90-day window
request_15,event_1246,2025-09-04,2025-09-04,435.6,debit,settled,settled_cash,yes (recurrence source),historical/evidence source used to project recurring stream
request_15,event_1327,2025-09-06,2025-09-06,53.58,debit,settled,settled_cash,no,outside request 90-day window
request_15,event_1247,2025-09-08,2025-09-08,85.91,debit,settled,settled_cash,yes (recurrence source),historical/evidence source used to project recurring stream
request_15,event_1281,2025-09-09,2025-09-09,73.5,debit,settled,settled_cash,no,outside request 90-day window
request_15,event_1248,2025-09-10,2025-09-10,159,debit,settled,settled_cash,yes (recurrence source),historical/evidence source used to project recurring stream
request_15,event_1306,2025-09-10,2025-09-10,29.73,debit,settled,settled_cash,no,outside request 90-day window
request_15,event_1249,2025-09-13,2025-09-13,84,debit,settled,settled_cash,yes (recurrence source),historical/evidence source used to project recurring stream
request_15,event_1250,2025-09-13,2025-09-13,11,debit,settled,settled_cash,yes (recurrence source),historical/evidence source used to project recurring stream
request_15,event_1251,2025-09-15,2025-09-15,27,debit,settled,settled_cash,yes (recurrence source),historical/evidence source used to project recurring stream
request_15,event_1282,2025-09-16,2025-09-16,71.16,debit,settled,settled_cash,no,outside request 90-day window
request_15,event_1307,2025-09-17,2025-09-17,35.61,debit,settled,settled_cash,no,outside request 90-day window
request_15,event_1328,2025-09-20,2025-09-20,36.23,debit,settled,settled_cash,no,outside request 90-day window
request_15,event_1283,2025-09-23,2025-09-23,72.3,debit,settled,settled_cash,no,outside request 90-day window
request_15,event_1308,2025-09-24,2025-09-24,31.28,debit,settled,settled_cash,no,outside request 90-day window
request_15,event_1284,2025-09-30,2025-09-30,59.88,debit,settled,settled_cash,yes (recurrence source),historical/evidence source used to project recurring stream
request_15,event_1309,2025-10-01,2025-10-01,29.3,debit,settled,settled_cash,no,outside request 90-day window
request_15,event_1252,2025-10-04,2025-10-04,435.6,debit,settled,settled_cash,yes (recurrence source),historical/evidence source used to project recurring stream
request_15,event_1329,2025-10-04,2025-10-04,32.17,debit,settled,settled_cash,no,outside request 90-day window
request_15,event_1285,2025-10-07,2025-10-07,48.88,debit,settled,settled_cash,no,outside request 90-day window
request_15,event_1253,2025-10-08,2025-10-08,90.39,debit,settled,settled_cash,yes (recurrence source),historical/evidence source used to project recurring stream
request_15,event_1310,2025-10-08,2025-10-08,26,debit,settled,settled_cash,no,outside request 90-day window
request_15,event_1254,2025-10-10,2025-10-10,159,debit,settled,settled_cash,yes (recurrence source),historical/evidence source used to project recurring stream
request_15,event_1255,2025-10-13,2025-10-13,84,debit,settled,settled_cash,yes (recurrence source),historical/evidence source used to project recurring stream
request_15,event_1256,2025-10-13,2025-10-13,11,debit,settled,settled_cash,yes (recurrence source),historical/evidence source used to project recurring stream
request_15,event_1286,2025-10-14,2025-10-14,69.83,debit,settled,settled_cash,no,outside request 90-day window
request_15,event_1257,2025-10-15,2025-10-15,27,debit,settled,settled_cash,yes (recurrence source),historical/evidence source used to project recurring stream
request_15,event_1311,2025-10-15,2025-10-15,25.57,debit,settled,settled_cash,no,outside request 90-day window
request_15,event_1330,2025-10-18,2025-10-18,34.51,debit,settled,settled_cash,no,outside request 90-day window
request_15,event_1287,2025-10-21,2025-10-21,62.21,debit,settled,settled_cash,yes (recurrence source),historical/evidence source used to project recurring stream
request_15,event_1312,2025-10-22,2025-10-22,25.35,debit,settled,settled_cash,no,outside request 90-day window
request_15,event_1288,2025-10-28,2025-10-28,68.35,debit,settled,settled_cash,no,outside request 90-day window
request_15,event_1313,2025-10-29,2025-10-29,34.86,debit,settled,settled_cash,no,outside request 90-day window
request_15,event_1331,2025-11-01,2025-11-01,38.56,debit,settled,settled_cash,no,outside request 90-day window
request_15,event_1259,2025-11-04,2025-11-04,435.6,debit,settled,settled_cash,yes (recurrence source),historical/evidence source used to project recurring stream
request_15,event_1289,2025-11-04,2025-11-04,56.7,debit,settled,settled_cash,no,outside request 90-day window
request_15,event_1314,2025-11-05,2025-11-05,31.09,debit,settled,settled_cash,no,outside request 90-day window
request_15,event_1260,2025-11-08,2025-11-08,87.14,debit,settled,settled_cash,yes (recurrence source),historical/evidence source used to project recurring stream
request_15,event_1261,2025-11-10,2025-11-10,159,debit,settled,settled_cash,yes (recurrence source),historical/evidence source used to project recurring stream
request_15,event_1290,2025-11-11,2025-11-11,52.65,debit,settled,settled_cash,no,outside request 90-day window
request_15,event_1315,2025-11-12,2025-11-12,32.48,debit,settled,settled_cash,no,outside request 90-day window
request_15,event_1262,2025-11-13,2025-11-13,84,debit,settled,settled_cash,yes (recurrence source),historical/evidence source used to project recurring stream
request_15,event_1263,2025-11-13,2025-11-13,11,debit,settled,settled_cash,yes (recurrence source),historical/evidence source used to project recurring stream
request_15,event_1258,2025-11-15,2025-11-15,1661,credit,settled,settled_cash,no,outside request 90-day window
request_15,event_1264,2025-11-15,2025-11-15,27,debit,settled,settled_cash,yes (recurrence source),historical/evidence source used to project recurring stream
request_15,event_1332,2025-11-15,2025-11-15,51.08,debit,settled,settled_cash,no,outside request 90-day window
request_15,event_1291,2025-11-18,2025-11-18,53.42,debit,settled,settled_cash,no,outside request 90-day window
request_15,event_1316,2025-11-19,2025-11-19,36.7,debit,settled,settled_cash,yes (recurrence source),historical/evidence source used to project recurring stream
request_15,event_1292,2025-11-25,2025-11-25,47.26,debit,settled,settled_cash,no,outside request 90-day window
request_15,event_1317,2025-11-26,2025-11-26,38.53,debit,settled,settled_cash,no,outside request 90-day window
request_15,event_1333,2025-11-29,2025-11-29,32.62,debit,settled,settled_cash,no,outside request 90-day window
request_15,event_1293,2025-12-02,2025-12-02,64.51,debit,settled,settled_cash,yes (recurrence source),historical/evidence source used to project recurring stream
request_15,event_1318,2025-12-03,2025-12-03,25.63,debit,settled,settled_cash,no,outside request 90-day window
request_15,event_1266,2025-12-04,2025-12-04,435.6,debit,settled,settled_cash,yes (recurrence source),historical/evidence source used to project recurring stream
request_15,event_1267,2025-12-08,2025-12-08,84.41,debit,settled,settled_cash,yes (recurrence source),historical/evidence source used to project recurring stream
request_15,event_1294,2025-12-09,2025-12-09,64.22,debit,settled,settled_cash,no,outside request 90-day window
request_15,event_1268,2025-12-10,2025-12-10,159,debit,settled,settled_cash,yes (recurrence source),historical/evidence source used to project recurring stream
request_15,event_1319,2025-12-10,2025-12-10,41.35,debit,settled,settled_cash,yes (recurrence source),historical/evidence source used to project recurring stream
request_15,event_1269,2025-12-13,2025-12-13,84,debit,settled,settled_cash,yes (recurrence source),historical/evidence source used to project recurring stream
request_15,event_1270,2025-12-13,2025-12-13,11,debit,settled,settled_cash,yes (recurrence source),historical/evidence source used to project recurring stream
request_15,event_1334,2025-12-13,2025-12-13,38.07,debit,settled,settled_cash,no,outside request 90-day window
request_15,event_1265,2025-12-15,2025-12-15,1661,credit,settled,settled_cash,no,outside request 90-day window
request_15,event_1271,2025-12-15,2025-12-15,27,debit,settled,settled_cash,yes (recurrence source),historical/evidence source used to project recurring stream
request_15,event_1295,2025-12-16,2025-12-16,52.69,debit,settled,settled_cash,no,outside request 90-day window
request_15,event_1320,2025-12-17,2025-12-17,36.86,debit,settled,settled_cash,no,outside request 90-day window
request_15,event_1296,2025-12-23,2025-12-23,49.9,debit,settled,settled_cash,no,outside request 90-day window
request_15,event_1321,2025-12-24,2025-12-24,27.67,debit,settled,settled_cash,no,outside request 90-day window
request_15,event_1335,2025-12-27,2025-12-27,49.35,debit,settled,settled_cash,no,outside request 90-day window
request_15,event_1297,2025-12-30,2025-12-30,64.42,debit,settled,settled_cash,no,outside request 90-day window
request_15,event_1322,2025-12-31,2025-12-31,30.31,debit,settled,settled_cash,yes (recurrence source),historical/evidence source used to project recurring stream
request_15,event_1272,2026-01-04,2026-01-04,435.6,debit,settled,settled_cash,yes (recurrence source),historical/evidence source used to project recurring stream
request_15,evidence_income:message_11,2026-01-15,2026-01-15,1661,credit,scheduled,scheduled_cash,yes (direct),eligible effective-date cash flow
request_16,event_1377,2023-02-15,2023-02-15,6134.32,debit,settled,settled_cash,no,outside request 90-day window
request_16,event_1403,2023-02-16,2023-02-16,4382.18,debit,settled,settled_cash,no,outside request 90-day window
request_16,event_1429,2023-02-17,2023-02-17,5271.93,debit,settled,settled_cash,no,outside request 90-day window
request_16,event_1378,2023-02-22,2023-02-22,8882.85,debit,settled,settled_cash,no,outside request 90-day window
request_16,event_1404,2023-02-23,2023-02-23,3464.26,debit,settled,settled_cash,no,outside request 90-day window
request_16,event_1337,2023-03-01,2023-03-01,57100,debit,settled,settled_cash,yes (recurrence source),historical/evidence source used to project recurring stream
request_16,event_1379,2023-03-01,2023-03-01,9038.15,debit,settled,settled_cash,no,outside request 90-day window
request_16,event_1405,2023-03-02,2023-03-02,4483.65,debit,settled,settled_cash,no,outside request 90-day window
request_16,event_1430,2023-03-03,2023-03-03,4791.94,debit,settled,settled_cash,no,outside request 90-day window
request_16,event_1338,2023-03-05,2023-03-05,11173.73,debit,settled,settled_cash,yes (recurrence source),historical/evidence source used to project recurring stream
request_16,event_1340,2023-03-08,2023-03-08,3510,debit,settled,settled_cash,yes (recurrence source),historical/evidence source used to project recurring stream
request_16,event_1380,2023-03-08,2023-03-08,8137.99,debit,settled,settled_cash,no,outside request 90-day window
request_16,event_1406,2023-03-09,2023-03-09,4106.4,debit,settled,settled_cash,no,outside request 90-day window
request_16,event_1339,2023-03-10,2023-03-10,17750,debit,settled,settled_cash,yes (recurrence source),historical/evidence source used to project recurring stream
request_16,event_1341,2023-03-11,2023-03-11,1055,debit,settled,settled_cash,yes (recurrence source),historical/evidence source used to project recurring stream
request_16,event_1342,2023-03-11,2023-03-11,9307.32,debit,settled,settled_cash,yes (recurrence source),historical/evidence source used to project recurring stream
request_16,event_1336,2023-03-15,2023-03-15,173000,credit,settled,settled_cash,yes (recurrence source),historical/evidence source used to project recurring stream
request_16,event_1381,2023-03-15,2023-03-15,8300.57,debit,settled,settled_cash,no,outside request 90-day window
request_16,event_1407,2023-03-16,2023-03-16,5267.76,debit,settled,settled_cash,no,outside request 90-day window
request_16,event_1431,2023-03-17,2023-03-17,5478.94,debit,settled,settled_cash,no,outside request 90-day window
request_16,event_1382,2023-03-22,2023-03-22,6614.49,debit,settled,settled_cash,no,outside request 90-day window
request_16,event_1408,2023-03-23,2023-03-23,3653.49,debit,settled,settled_cash,no,outside request 90-day window
request_16,event_1383,2023-03-29,2023-03-29,5583.98,debit,settled,settled_cash,no,outside request 90-day window
request_16,event_1409,2023-03-30,2023-03-30,3170.83,debit,settled,settled_cash,no,outside request 90-day window
request_16,event_1432,2023-03-31,2023-03-31,6000.5,debit,settled,settled_cash,no,outside request 90-day window
request_16,event_1344,2023-04-01,2023-04-01,57100,debit,settled,settled_cash,yes (recurrence source),historical/evidence source used to project recurring stream
request_16,event_1345,2023-04-05,2023-04-05,9756.03,debit,settled,settled_cash,yes (recurrence source),historical/evidence source used to project recurring stream
request_16,event_1384,2023-04-05,2023-04-05,9111.36,debit,settled,settled_cash,no,outside request 90-day window
request_16,event_1410,2023-04-06,2023-04-06,5236.08,debit,settled,settled_cash,no,outside request 90-day window
request_16,event_1347,2023-04-08,2023-04-08,3510,debit,settled,settled_cash,yes (recurrence source),historical/evidence source used to project recurring stream
request_16,event_1346,2023-04-10,2023-04-10,17750,debit,settled,settled_cash,yes (recurrence source),historical/evidence source used to project recurring stream
request_16,event_1348,2023-04-11,2023-04-11,1055,debit,settled,settled_cash,yes (recurrence source),historical/evidence source used to project recurring stream
request_16,event_1349,2023-04-11,2023-04-11,8486.21,debit,settled,settled_cash,yes (recurrence source),historical/evidence source used to project recurring stream
request_16,event_1385,2023-04-12,2023-04-12,7101.43,debit,settled,settled_cash,no,outside request 90-day window
request_16,event_1411,2023-04-13,2023-04-13,4284.41,debit,settled,settled_cash,no,outside request 90-day window
request_16,event_1433,2023-04-14,2023-04-14,5587.07,debit,settled,settled_cash,no,outside request 90-day window
request_16,event_1343,2023-04-15,2023-04-15,173000,credit,settled,settled_cash,yes (recurrence source),historical/evidence source used to project recurring stream
request_16,event_1386,2023-04-19,2023-04-19,5463.03,debit,settled,settled_cash,yes (recurrence source),historical/evidence source used to project recurring stream
request_16,event_1412,2023-04-20,2023-04-20,4859.49,debit,settled,settled_cash,no,outside request 90-day window
request_16,event_1387,2023-04-26,2023-04-26,5434.36,debit,settled,settled_cash,no,outside request 90-day window
request_16,event_1413,2023-04-27,2023-04-27,5284.1,debit,settled,settled_cash,no,outside request 90-day window
request_16,event_1434,2023-04-28,2023-04-28,5461.61,debit,settled,settled_cash,no,outside request 90-day window
request_16,event_1351,2023-05-01,2023-05-01,57100,debit,settled,settled_cash,yes (recurrence source),historical/evidence source used to project recurring stream
request_16,event_1388,2023-05-03,2023-05-03,8465.36,debit,settled,settled_cash,yes (recurrence source),historical/evidence source used to project recurring stream
request_16,event_1414,2023-05-04,2023-05-04,5016.88,debit,settled,settled_cash,no,outside request 90-day window
request_16,event_1352,2023-05-05,2023-05-05,10586.37,debit,settled,settled_cash,yes (recurrence source),historical/evidence source used to project recurring stream
request_16,event_1354,2023-05-08,2023-05-08,3510,debit,settled,settled_cash,yes (recurrence source),historical/evidence source used to project recurring stream
request_16,event_1353,2023-05-10,2023-05-10,17750,debit,settled,settled_cash,yes (recurrence source),historical/evidence source used to project recurring stream
request_16,event_1389,2023-05-10,2023-05-10,5364.38,debit,settled,settled_cash,no,outside request 90-day window
request_16,event_1355,2023-05-11,2023-05-11,1055,debit,settled,settled_cash,yes (recurrence source),historical/evidence source used to project recurring stream
request_16,event_1356,2023-05-11,2023-05-11,8885,debit,settled,settled_cash,yes (recurrence source),historical/evidence source used to project recurring stream
request_16,event_1415,2023-05-11,2023-05-11,3143.71,debit,settled,settled_cash,no,outside request 90-day window
request_16,event_1435,2023-05-12,2023-05-12,3794.56,debit,settled,settled_cash,no,outside request 90-day window
request_16,event_1350,2023-05-15,2023-05-15,173000,credit,settled,settled_cash,yes (recurrence source),historical/evidence source used to project recurring stream
request_16,event_1390,2023-05-17,2023-05-17,8225.29,debit,settled,settled_cash,no,outside request 90-day window
request_16,event_1416,2023-05-18,2023-05-18,4523.27,debit,settled,settled_cash,no,outside request 90-day window
request_16,event_1391,2023-05-24,2023-05-24,8445.69,debit,settled,settled_cash,no,outside request 90-day window
request_16,event_1417,2023-05-25,2023-05-25,3624.64,debit,settled,settled_cash,no,outside request 90-day window
request_16,event_1436,2023-05-26,2023-05-26,5905.06,debit,settled,settled_cash,no,outside request 90-day window
request_16,event_1392,2023-05-31,2023-05-31,5495.8,debit,settled,settled_cash,yes (recurrence source),historical/evidence source used to project recurring stream
request_16,event_1358,2023-06-01,2023-06-01,57100,debit,settled,settled_cash,yes (recurrence source),historical/evidence source used to project recurring stream
request_16,event_1418,2023-06-01,2023-06-01,5067.66,debit,settled,settled_cash,no,outside request 90-day window
request_16,event_1359,2023-06-05,2023-06-05,9402.67,debit,settled,settled_cash,yes (recurrence source),historical/evidence source used to project recurring stream
request_16,event_1393,2023-06-07,2023-06-07,6971.09,debit,settled,settled_cash,yes (recurrence source),historical/evidence source used to project recurring stream
request_16,event_1361,2023-06-08,2023-06-08,3510,debit,settled,settled_cash,yes (recurrence source),historical/evidence source used to project recurring stream
request_16,event_1419,2023-06-08,2023-06-08,3885.07,debit,settled,settled_cash,no,outside request 90-day window
request_16,event_1437,2023-06-09,2023-06-09,5981.93,debit,settled,settled_cash,no,outside request 90-day window
request_16,event_1360,2023-06-10,2023-06-10,17750,debit,settled,settled_cash,yes (recurrence source),historical/evidence source used to project recurring stream
request_16,event_1362,2023-06-11,2023-06-11,1055,debit,settled,settled_cash,yes (recurrence source),historical/evidence source used to project recurring stream
request_16,event_1363,2023-06-11,2023-06-11,8414.47,debit,settled,settled_cash,yes (recurrence source),historical/evidence source used to project recurring stream
request_16,event_1394,2023-06-14,2023-06-14,5508.24,debit,settled,settled_cash,no,outside request 90-day window
request_16,event_1357,2023-06-15,2023-06-15,173000,credit,settled,settled_cash,yes (recurrence source),historical/evidence source used to project recurring stream
request_16,event_1420,2023-06-15,2023-06-15,4175.44,debit,settled,settled_cash,no,outside request 90-day window
request_16,event_1395,2023-06-21,2023-06-21,6302.62,debit,settled,settled_cash,no,outside request 90-day window
request_16,event_1421,2023-06-22,2023-06-22,3688.64,debit,settled,settled_cash,no,outside request 90-day window
request_16,event_1438,2023-06-23,2023-06-23,5210.3,debit,settled,settled_cash,no,outside request 90-day window
request_16,event_1396,2023-06-28,2023-06-28,6091.85,debit,settled,settled_cash,no,outside request 90-day window
request_16,event_1422,2023-06-29,2023-06-29,4368.27,debit,settled,settled_cash,no,outside request 90-day window
request_16,event_1365,2023-07-01,2023-07-01,57100,debit,settled,settled_cash,yes (recurrence source),historical/evidence source used to project recurring stream
request_16,event_1366,2023-07-05,2023-07-05,10012.92,debit,settled,settled_cash,yes (recurrence source),historical/evidence source used to project recurring stream
request_16,event_1397,2023-07-05,2023-07-05,5623.39,debit,settled,settled_cash,no,outside request 90-day window
request_16,event_1423,2023-07-06,2023-07-06,5087.33,debit,settled,settled_cash,no,outside request 90-day window
request_16,event_1439,2023-07-07,2023-07-07,3835.73,debit,settled,settled_cash,no,outside request 90-day window
request_16,event_1368,2023-07-08,2023-07-08,3510,debit,settled,settled_cash,yes (recurrence source),historical/evidence source used to project recurring stream
request_16,event_1367,2023-07-10,2023-07-10,17750,debit,settled,settled_cash,yes (recurrence source),historical/evidence source used to project recurring stream
request_16,event_1369,2023-07-11,2023-07-11,1055,debit,settled,settled_cash,yes (recurrence source),historical/evidence source used to project recurring stream
request_16,event_1370,2023-07-11,2023-07-11,9807.5,debit,settled,settled_cash,yes (recurrence source),historical/evidence source used to project recurring stream
request_16,event_1398,2023-07-12,2023-07-12,6716.29,debit,settled,settled_cash,no,outside request 90-day window
request_16,event_1424,2023-07-13,2023-07-13,4643.67,debit,settled,settled_cash,no,outside request 90-day window
request_16,event_1364,2023-07-15,2023-07-15,173000,credit,settled,settled_cash,yes (recurrence source),historical/evidence source used to project recurring stream
request_16,event_1399,2023-07-19,2023-07-19,7181.79,debit,settled,settled_cash,no,outside request 90-day window
request_16,event_1425,2023-07-20,2023-07-20,3888.24,debit,settled,settled_cash,no,outside request 90-day window
request_16,event_1440,2023-07-21,2023-07-21,6354.26,debit,settled,settled_cash,no,outside request 90-day window
request_16,event_1400,2023-07-26,2023-07-26,8883.15,debit,settled,settled_cash,no,outside request 90-day window
request_16,event_1426,2023-07-27,2023-07-27,5251.4,debit,settled,settled_cash,no,outside request 90-day window
request_16,event_1371,2023-08-01,2023-08-01,57100,debit,settled,settled_cash,yes (recurrence source),historical/evidence source used to project recurring stream
request_16,event_1401,2023-08-02,2023-08-02,6568.76,debit,settled,settled_cash,no,outside request 90-day window
request_16,event_1427,2023-08-03,2023-08-03,5368.95,debit,settled,settled_cash,no,outside request 90-day window
request_16,event_1441,2023-08-04,2023-08-04,5256.32,debit,settled,settled_cash,no,outside request 90-day window
request_16,event_1372,2023-08-05,2023-08-05,11512.87,debit,settled,settled_cash,yes (recurrence source),historical/evidence source used to project recurring stream
request_16,event_1374,2023-08-08,2023-08-08,3510,debit,settled,settled_cash,yes (recurrence source),historical/evidence source used to project recurring stream
request_16,event_1402,2023-08-09,2023-08-09,7930.19,debit,settled,settled_cash,no,outside request 90-day window
request_16,event_1373,2023-08-10,2023-08-10,17750,debit,settled,settled_cash,yes (recurrence source),historical/evidence source used to project recurring stream
request_16,event_1428,2023-08-10,2023-08-10,4978.93,debit,settled,settled_cash,no,outside request 90-day window
request_16,event_1375,2023-08-11,2023-08-11,1055,debit,settled,settled_cash,yes (recurrence source),historical/evidence source used to project recurring stream
request_16,event_1376,2023-08-11,2023-08-11,10178.56,debit,settled,settled_cash,yes (recurrence source),historical/evidence source used to project recurring stream
request_16,event_1442,2023-08-11,2023-08-16,,debit,scheduled,scheduled_cash,no,outside request 90-day window
request_17,event_1478,2025-09-05,2025-09-05,9392.54,debit,settled,settled_cash,no,outside request 90-day window
request_17,event_1504,2025-09-06,2025-09-06,3913.59,debit,settled,settled_cash,no,outside request 90-day window
request_17,event_1530,2025-09-07,2025-09-07,5641.06,debit,settled,settled_cash,no,outside request 90-day window
request_17,event_1479,2025-09-12,2025-09-12,7679.25,debit,settled,settled_cash,no,outside request 90-day window
request_17,event_1505,2025-09-13,2025-09-13,6046.8,debit,settled,settled_cash,no,outside request 90-day window
request_17,event_1480,2025-09-19,2025-09-19,10039.54,debit,settled,settled_cash,no,outside request 90-day window
request_17,event_1506,2025-09-20,2025-09-20,3972.38,debit,settled,settled_cash,no,outside request 90-day window
request_17,event_1531,2025-09-21,2025-09-21,4425.44,debit,settled,settled_cash,no,outside request 90-day window
request_17,event_1481,2025-09-26,2025-09-26,9785.51,debit,settled,settled_cash,no,outside request 90-day window
request_17,event_1507,2025-09-27,2025-09-27,5639.47,debit,settled,settled_cash,no,outside request 90-day window
request_17,event_1444,2025-10-02,2025-10-02,49600,debit,settled,settled_cash,yes (recurrence source),historical/evidence source used to project recurring stream
request_17,event_1482,2025-10-03,2025-10-03,7187.32,debit,settled,settled_cash,no,outside request 90-day window
request_17,event_1508,2025-10-04,2025-10-04,4445.42,debit,settled,settled_cash,no,outside request 90-day window
request_17,event_1532,2025-10-05,2025-10-05,4695.55,debit,settled,settled_cash,no,outside request 90-day window
request_17,event_1445,2025-10-06,2025-10-06,9481.13,debit,settled,settled_cash,yes (recurrence source),historical/evidence source used to project recurring stream
request_17,event_1446,2025-10-08,2025-10-08,13660,debit,settled,settled_cash,yes (recurrence source),historical/evidence source used to project recurring stream
request_17,event_1483,2025-10-10,2025-10-10,8574.98,debit,settled,settled_cash,no,outside request 90-day window
request_17,event_1447,2025-10-11,2025-10-11,30200,debit,settled,settled_cash,yes (recurrence source),historical/evidence source used to project recurring stream
request_17,event_1448,2025-10-11,2025-10-11,2055,debit,settled,settled_cash,yes (recurrence source),historical/evidence source used to project recurring stream
request_17,event_1509,2025-10-11,2025-10-11,6225.69,debit,settled,settled_cash,no,outside request 90-day window
request_17,event_1449,2025-10-13,2025-10-13,1675,debit,settled,settled_cash,yes (recurrence source),historical/evidence source used to project recurring stream
request_17,event_1443,2025-10-15,2025-10-15,206000,credit,settled,settled_cash,yes (recurrence source),historical/evidence source used to project recurring stream
request_17,event_1484,2025-10-17,2025-10-17,11380.46,debit,settled,settled_cash,yes (recurrence source),historical/evidence source used to project recurring stream
request_17,event_1510,2025-10-18,2025-10-18,5386.34,debit,settled,settled_cash,no,outside request 90-day window
request_17,event_1533,2025-10-19,2025-10-19,5554.91,debit,settled,settled_cash,no,outside request 90-day window
request_17,event_1485,2025-10-24,2025-10-24,6706.54,debit,settled,settled_cash,yes (recurrence source),historical/evidence source used to project recurring stream
request_17,event_1511,2025-10-25,2025-10-25,5421.55,debit,settled,settled_cash,no,outside request 90-day window
request_17,event_1486,2025-10-31,2025-10-31,7585.37,debit,settled,settled_cash,no,outside request 90-day window
request_17,event_1512,2025-11-01,2025-11-01,5936.87,debit,settled,settled_cash,no,outside request 90-day window
request_17,event_1451,2025-11-02,2025-11-02,49600,debit,settled,settled_cash,yes (recurrence source),historical/evidence source used to project recurring stream
request_17,event_1534,2025-11-02,2025-11-02,6027.54,debit,settled,settled_cash,no,outside request 90-day window
request_17,event_1452,2025-11-06,2025-11-06,9530.77,debit,settled,settled_cash,yes (recurrence source),historical/evidence source used to project recurring stream
request_17,event_1487,2025-11-07,2025-11-07,7446.25,debit,settled,settled_cash,no,outside request 90-day window
request_17,event_1453,2025-11-08,2025-11-08,13660,debit,settled,settled_cash,yes (recurrence source),historical/evidence source used to project recurring stream
request_17,event_1513,2025-11-08,2025-11-08,6420.35,debit,settled,settled_cash,no,outside request 90-day window
request_17,event_1454,2025-11-11,2025-11-11,30200,debit,settled,settled_cash,yes (recurrence source),historical/evidence source used to project recurring stream
request_17,event_1455,2025-11-11,2025-11-11,2055,debit,settled,settled_cash,yes (recurrence source),historical/evidence source used to project recurring stream
request_17,event_1456,2025-11-13,2025-11-13,1675,debit,settled,settled_cash,yes (recurrence source),historical/evidence source used to project recurring stream
request_17,event_1488,2025-11-14,2025-11-14,10300.07,debit,settled,settled_cash,no,outside request 90-day window
request_17,event_1450,2025-11-15,2025-11-15,206000,credit,settled,settled_cash,yes (recurrence source),historical/evidence source used to project recurring stream
request_17,event_1514,2025-11-15,2025-11-15,4008.13,debit,settled,settled_cash,no,outside request 90-day window
request_17,event_1535,2025-11-16,2025-11-16,5593.53,debit,settled,settled_cash,no,outside request 90-day window
request_17,event_1489,2025-11-21,2025-11-21,8500.09,debit,settled,settled_cash,no,outside request 90-day window
request_17,event_1515,2025-11-22,2025-11-22,5126.25,debit,settled,settled_cash,no,outside request 90-day window
request_17,event_1490,2025-11-28,2025-11-28,7237.45,debit,settled,settled_cash,yes (recurrence source),historical/evidence source used to project recurring stream
request_17,event_1516,2025-11-29,2025-11-29,5036.82,debit,settled,settled_cash,no,outside request 90-day window
request_17,event_1536,2025-11-30,2025-11-30,6839.37,debit,settled,settled_cash,no,outside request 90-day window
request_17,event_1458,2025-12-02,2025-12-02,49600,debit,settled,settled_cash,yes (recurrence source),historical/evidence source used to project recurring stream
request_17,event_1491,2025-12-05,2025-12-05,8836.99,debit,settled,settled_cash,yes (recurrence source),historical/evidence source used to project recurring stream
request_17,event_1459,2025-12-06,2025-12-06,10246.53,debit,settled,settled_cash,yes (recurrence source),historical/evidence source used to project recurring stream
request_17,event_1517,2025-12-06,2025-12-06,6170.7,debit,settled,settled_cash,yes (recurrence source),historical/evidence source used to project recurring stream
request_17,event_1460,2025-12-08,2025-12-08,13660,debit,settled,settled_cash,yes (recurrence source),historical/evidence source used to project recurring stream
request_17,event_1461,2025-12-11,2025-12-11,30200,debit,settled,settled_cash,yes (recurrence source),historical/evidence source used to project recurring stream
request_17,event_1462,2025-12-11,2025-12-11,2055,debit,settled,settled_cash,yes (recurrence source),historical/evidence source used to project recurring stream
request_17,event_1492,2025-12-12,2025-12-12,10690,debit,settled,settled_cash,yes (recurrence source),historical/evidence source used to project recurring stream
request_17,event_1463,2025-12-13,2025-12-13,1675,debit,settled,settled_cash,yes (recurrence source),historical/evidence source used to project recurring stream
request_17,event_1518,2025-12-13,2025-12-13,5790.36,debit,settled,settled_cash,yes (recurrence source),historical/evidence source used to project recurring stream
request_17,event_1537,2025-12-14,2025-12-14,6048.91,debit,settled,settled_cash,no,outside request 90-day window
request_17,event_1457,2025-12-15,2025-12-15,206000,credit,settled,settled_cash,yes (recurrence source),historical/evidence source used to project recurring stream
request_17,event_1493,2025-12-19,2025-12-19,10432.03,debit,settled,settled_cash,no,outside request 90-day window
request_17,event_1519,2025-12-20,2025-12-20,4328.91,debit,settled,settled_cash,no,outside request 90-day window
request_17,event_1494,2025-12-26,2025-12-26,11392.07,debit,settled,settled_cash,yes (recurrence source),historical/evidence source used to project recurring stream
request_17,event_1520,2025-12-27,2025-12-27,5080.56,debit,settled,settled_cash,yes (recurrence source),historical/evidence source used to project recurring stream
request_17,event_1538,2025-12-28,2025-12-28,6795.26,debit,settled,settled_cash,no,outside request 90-day window
request_17,event_1465,2026-01-02,2026-01-02,49600,debit,settled,settled_cash,yes (recurrence source),historical/evidence source used to project recurring stream
request_17,event_1495,2026-01-02,2026-01-02,8124.44,debit,settled,settled_cash,no,outside request 90-day window
request_17,event_1521,2026-01-03,2026-01-03,4844.94,debit,settled,settled_cash,yes (recurrence source),historical/evidence source used to project recurring stream
request_17,event_1466,2026-01-06,2026-01-06,9948.15,debit,settled,settled_cash,yes (recurrence source),historical/evidence source used to project recurring stream
request_17,event_1467,2026-01-08,2026-01-08,13660,debit,settled,settled_cash,yes (recurrence source),historical/evidence source used to project recurring stream
request_17,event_1496,2026-01-09,2026-01-09,11433.33,debit,settled,settled_cash,yes (recurrence source),historical/evidence source used to project recurring stream
request_17,event_1522,2026-01-10,2026-01-10,5940.36,debit,settled,settled_cash,no,outside request 90-day window
request_17,event_1468,2026-01-11,2026-01-11,30200,debit,settled,settled_cash,yes (recurrence source),historical/evidence source used to project recurring stream
request_17,event_1469,2026-01-11,2026-01-11,2055,debit,settled,settled_cash,yes (recurrence source),historical/evidence source used to project recurring stream
request_17,event_1539,2026-01-11,2026-01-11,6797.26,debit,settled,settled_cash,no,outside request 90-day window
request_17,event_1470,2026-01-13,2026-01-13,1675,debit,settled,settled_cash,yes (recurrence source),historical/evidence source used to project recurring stream
request_17,event_1464,2026-01-15,2026-01-15,206000,credit,settled,settled_cash,yes (recurrence source),historical/evidence source used to project recurring stream
request_17,event_1497,2026-01-16,2026-01-16,7093.83,debit,settled,settled_cash,yes (recurrence source),historical/evidence source used to project recurring stream
request_17,event_1523,2026-01-17,2026-01-17,6406.38,debit,settled,settled_cash,no,outside request 90-day window
request_17,event_1498,2026-01-23,2026-01-23,8638.54,debit,settled,settled_cash,no,outside request 90-day window
request_17,event_1524,2026-01-24,2026-01-24,5758.89,debit,settled,settled_cash,no,outside request 90-day window
request_17,event_1540,2026-01-25,2026-01-25,5254.41,debit,settled,settled_cash,no,outside request 90-day window
request_17,event_1543,2026-01-26,2026-01-26,12360,debit,settled,settled_cash,no,outside request 90-day window
request_17,event_1499,2026-01-30,2026-01-30,8581.99,debit,settled,settled_cash,yes (recurrence source),historical/evidence source used to project recurring stream
request_17,event_1525,2026-01-31,2026-01-31,4661.7,debit,settled,settled_cash,no,outside request 90-day window
request_17,event_1472,2026-02-02,2026-02-02,49600,debit,settled,settled_cash,yes (recurrence source),historical/evidence source used to project recurring stream
request_17,event_1473,2026-02-06,2026-02-06,8487.15,debit,settled,settled_cash,yes (recurrence source),historical/evidence source used to project recurring stream
request_17,event_1500,2026-02-06,2026-02-06,11342.57,debit,settled,settled_cash,no,outside request 90-day window
request_17,event_1526,2026-02-07,2026-02-07,5650.43,debit,settled,settled_cash,yes (recurrence source),historical/evidence source used to project recurring stream
request_17,event_1474,2026-02-08,2026-02-08,13660,debit,settled,settled_cash,yes (recurrence source),historical/evidence source used to project recurring stream
request_17,event_1541,2026-02-08,2026-02-08,6688.81,debit,settled,settled_cash,no,outside request 90-day window
request_17,event_1475,2026-02-11,2026-02-11,30200,debit,settled,settled_cash,yes (recurrence source),historical/evidence source used to project recurring stream
request_17,event_1476,2026-02-11,2026-02-11,2055,debit,settled,settled_cash,yes (recurrence source),historical/evidence source used to project recurring stream
request_17,event_1477,2026-02-13,2026-02-13,1675,debit,settled,settled_cash,yes (recurrence source),historical/evidence source used to project recurring stream
request_17,event_1501,2026-02-13,2026-02-13,10873.47,debit,settled,settled_cash,no,outside request 90-day window
request_17,event_1527,2026-02-14,2026-02-14,3902.91,debit,settled,settled_cash,no,outside request 90-day window
request_17,event_1471,2026-02-15,2026-02-15,206000,credit,settled,settled_cash,yes (recurrence source),historical/evidence source used to project recurring stream
request_17,event_1502,2026-02-20,2026-02-20,8543.01,debit,settled,settled_cash,no,outside request 90-day window
request_17,event_1528,2026-02-21,2026-02-21,5741.08,debit,settled,settled_cash,no,outside request 90-day window
request_17,event_1542,2026-02-22,2026-02-22,4747.76,debit,settled,settled_cash,no,outside request 90-day window
request_17,event_1544,2026-02-25,2026-02-26,12360,credit,settled,settled_cash,no,outside request 90-day window
request_17,event_1503,2026-02-27,2026-02-27,8716.51,debit,settled,settled_cash,no,outside request 90-day window
request_17,event_1545,2026-02-27,2026-02-27,,debit,settled,settled_cash,no,outside request 90-day window
request_17,event_1529,2026-02-28,2026-02-28,5372.15,debit,settled,settled_cash,no,outside request 90-day window
request_17,event_1546,2026-03-15,2026-03-15,206000,credit,scheduled,scheduled_cash,yes (direct),eligible effective-date cash flow
request_18,event_1578,2026-01-12,2026-01-12,64.84,debit,settled,settled_cash,no,outside request 90-day window
request_18,event_1596,2026-01-13,2026-01-13,36.86,debit,settled,settled_cash,no,outside request 90-day window
request_18,event_1609,2026-01-14,2026-01-14,66.7,debit,settled,settled_cash,no,outside request 90-day window
request_18,event_1579,2026-01-22,2026-01-22,101.66,debit,settled,settled_cash,no,outside request 90-day window
request_18,event_1597,2026-01-27,2026-01-27,35.48,debit,settled,settled_cash,no,outside request 90-day window
request_18,event_1610,2026-01-28,2026-01-28,69.84,debit,settled,settled_cash,no,outside request 90-day window
request_18,event_1580,2026-02-01,2026-02-01,96.63,debit,settled,settled_cash,no,outside request 90-day window
request_18,event_1548,2026-02-04,2026-02-04,167,debit,settled,settled_cash,yes (recurrence source),historical/evidence source used to project recurring stream
request_18,event_1549,2026-02-07,2026-02-07,100.59,debit,settled,settled_cash,yes (recurrence source),historical/evidence source used to project recurring stream
request_18,event_1550,2026-02-08,2026-02-08,68,debit,settled,settled_cash,yes (recurrence source),historical/evidence source used to project recurring stream
request_18,event_1552,2026-02-10,2026-02-10,68,debit,settled,settled_cash,yes (recurrence source),historical/evidence source used to project recurring stream
request_18,event_1598,2026-02-10,2026-02-10,54.53,debit,settled,settled_cash,yes (recurrence source),historical/evidence source used to project recurring stream
request_18,event_1551,2026-02-11,2026-02-11,164.1,debit,settled,settled_cash,yes (recurrence source),historical/evidence source used to project recurring stream
request_18,event_1581,2026-02-11,2026-02-11,101.08,debit,settled,settled_cash,no,outside request 90-day window
request_18,event_1611,2026-02-11,2026-02-11,92.92,debit,settled,settled_cash,no,outside request 90-day window
request_18,event_1547,2026-02-15,2026-02-15,2310,credit,settled,settled_cash,yes (recurrence source),historical/evidence source used to project recurring stream
request_18,event_1582,2026-02-21,2026-02-21,87.39,debit,settled,settled_cash,no,outside request 90-day window
request_18,event_1599,2026-02-24,2026-02-24,53.15,debit,settled,settled_cash,no,outside request 90-day window
request_18,event_1612,2026-02-25,2026-02-25,98.51,debit,settled,settled_cash,no,outside request 90-day window
request_18,event_1583,2026-03-03,2026-03-03,106.43,debit,settled,settled_cash,no,outside request 90-day window
request_18,event_1554,2026-03-04,2026-03-04,167,debit,settled,settled_cash,yes (recurrence source),historical/evidence source used to project recurring stream
request_18,event_1555,2026-03-07,2026-03-07,101.24,debit,settled,settled_cash,yes (recurrence source),historical/evidence source used to project recurring stream
request_18,event_1556,2026-03-08,2026-03-08,68,debit,settled,settled_cash,yes (recurrence source),historical/evidence source used to project recurring stream
request_18,event_1558,2026-03-10,2026-03-10,68,debit,settled,settled_cash,yes (recurrence source),historical/evidence source used to project recurring stream
request_18,event_1600,2026-03-10,2026-03-10,38.59,debit,settled,settled_cash,no,outside request 90-day window
request_18,event_1557,2026-03-11,2026-03-11,150.18,debit,settled,settled_cash,yes (recurrence source),historical/evidence source used to project recurring stream
request_18,event_1613,2026-03-11,2026-03-11,108.96,debit,settled,settled_cash,no,outside request 90-day window
request_18,event_1584,2026-03-13,2026-03-13,66.3,debit,settled,settled_cash,no,outside request 90-day window
request_18,event_1553,2026-03-15,2026-03-15,2310,credit,settled,settled_cash,yes (recurrence source),historical/evidence source used to project recurring stream
request_18,event_1585,2026-03-23,2026-03-23,108.09,debit,settled,settled_cash,no,outside request 90-day window
request_18,event_1601,2026-03-24,2026-03-24,52.9,debit,settled,settled_cash,yes (recurrence source),historical/evidence source used to project recurring stream
request_18,event_1614,2026-03-25,2026-03-25,75.46,debit,settled,settled_cash,no,outside request 90-day window
request_18,event_1586,2026-04-02,2026-04-02,110.8,debit,settled,settled_cash,no,outside request 90-day window
request_18,event_1560,2026-04-04,2026-04-04,167,debit,settled,settled_cash,yes (recurrence source),historical/evidence source used to project recurring stream
request_18,event_1561,2026-04-07,2026-04-07,125.4,debit,settled,settled_cash,yes (recurrence source),historical/evidence source used to project recurring stream
request_18,event_1602,2026-04-07,2026-04-07,36.49,debit,settled,settled_cash,no,outside request 90-day window
request_18,event_1562,2026-04-08,2026-04-08,68,debit,settled,settled_cash,yes (recurrence source),historical/evidence source used to project recurring stream
request_18,event_1615,2026-04-08,2026-04-08,66.71,debit,settled,settled_cash,no,outside request 90-day window
request_18,event_1564,2026-04-10,2026-04-10,68,debit,settled,settled_cash,yes (recurrence source),historical/evidence source used to project recurring stream
request_18,event_1563,2026-04-11,2026-04-11,152.41,debit,settled,settled_cash,yes (recurrence source),historical/evidence source used to project recurring stream
request_18,event_1587,2026-04-12,2026-04-12,82.18,debit,settled,settled_cash,no,outside request 90-day window
request_18,event_1559,2026-04-15,2026-04-15,2310,credit,settled,settled_cash,yes (recurrence source),historical/evidence source used to project recurring stream
request_18,event_1603,2026-04-21,2026-04-21,47.5,debit,settled,settled_cash,yes (recurrence source),historical/evidence source used to project recurring stream
request_18,event_1588,2026-04-22,2026-04-22,94.02,debit,settled,settled_cash,no,outside request 90-day window
request_18,event_1616,2026-04-22,2026-04-22,103.86,debit,settled,settled_cash,no,outside request 90-day window
request_18,event_1589,2026-05-02,2026-05-02,115,debit,settled,settled_cash,no,outside request 90-day window
request_18,event_1566,2026-05-04,2026-05-04,167,debit,settled,settled_cash,yes (recurrence source),historical/evidence source used to project recurring stream
request_18,event_1604,2026-05-05,2026-05-05,50.57,debit,settled,settled_cash,yes (recurrence source),historical/evidence source used to project recurring stream
request_18,event_1617,2026-05-06,2026-05-06,81.05,debit,settled,settled_cash,no,outside request 90-day window
request_18,event_1567,2026-05-07,2026-05-07,121.67,debit,settled,settled_cash,yes (recurrence source),historical/evidence source used to project recurring stream
request_18,event_1568,2026-05-08,2026-05-08,68,debit,settled,settled_cash,yes (recurrence source),historical/evidence source used to project recurring stream
request_18,event_1570,2026-05-10,2026-05-10,68,debit,settled,settled_cash,yes (recurrence source),historical/evidence source used to project recurring stream
request_18,event_1569,2026-05-11,2026-05-11,162.41,debit,settled,settled_cash,yes (recurrence source),historical/evidence source used to project recurring stream
request_18,event_1590,2026-05-12,2026-05-12,83.94,debit,settled,settled_cash,no,outside request 90-day window
request_18,event_1565,2026-05-15,2026-05-15,2310,credit,settled,settled_cash,yes (recurrence source),historical/evidence source used to project recurring stream
request_18,event_1605,2026-05-19,2026-05-19,34.87,debit,settled,settled_cash,no,outside request 90-day window
request_18,event_1618,2026-05-20,2026-05-20,101.82,debit,settled,settled_cash,no,outside request 90-day window
request_18,event_1591,2026-05-22,2026-05-22,87.91,debit,settled,settled_cash,no,outside request 90-day window
request_18,event_1592,2026-06-01,2026-06-01,71.92,debit,settled,settled_cash,no,outside request 90-day window
request_18,event_1606,2026-06-02,2026-06-02,36.29,debit,settled,settled_cash,yes (recurrence source),historical/evidence source used to project recurring stream
request_18,event_1619,2026-06-03,2026-06-03,62.87,debit,settled,settled_cash,no,outside request 90-day window
request_18,event_1572,2026-06-04,2026-06-04,167,debit,settled,settled_cash,yes (recurrence source),historical/evidence source used to project recurring stream
request_18,event_1573,2026-06-07,2026-06-07,107.43,debit,settled,settled_cash,yes (recurrence source),historical/evidence source used to project recurring stream
request_18,event_1574,2026-06-08,2026-06-08,68,debit,settled,settled_cash,yes (recurrence source),historical/evidence source used to project recurring stream
request_18,event_1576,2026-06-10,2026-06-10,68,debit,settled,settled_cash,yes (recurrence source),historical/evidence source used to project recurring stream
request_18,event_1575,2026-06-11,2026-06-11,147.96,debit,settled,settled_cash,yes (recurrence source),historical/evidence source used to project recurring stream
request_18,event_1593,2026-06-11,2026-06-11,101.9,debit,settled,settled_cash,no,outside request 90-day window
request_18,event_1571,2026-06-15,2026-06-15,2310,credit,settled,settled_cash,yes (recurrence source),historical/evidence source used to project recurring stream
request_18,event_1607,2026-06-16,2026-06-16,49.04,debit,settled,settled_cash,no,outside request 90-day window
request_18,event_1620,2026-06-17,2026-06-17,82.67,debit,settled,settled_cash,no,outside request 90-day window
request_18,event_1594,2026-06-21,2026-06-21,90.08,debit,settled,settled_cash,no,outside request 90-day window
request_18,event_1608,2026-06-30,2026-06-30,43.81,debit,settled,settled_cash,no,outside request 90-day window
request_18,event_1595,2026-07-01,2026-07-01,111.41,debit,settled,settled_cash,no,outside request 90-day window
request_18,event_1621,2026-07-01,2026-07-01,101.88,debit,settled,settled_cash,no,outside request 90-day window
request_18,event_1577,2026-07-04,2026-07-04,167,debit,settled,settled_cash,yes (recurrence source),historical/evidence source used to project recurring stream
request_19,event_1662,2024-03-13,2024-03-13,4418.91,debit,settled,settled_cash,no,outside request 90-day window
request_19,event_1687,2024-03-14,2024-03-14,3054.24,debit,settled,settled_cash,no,outside request 90-day window
request_19,event_1663,2024-03-20,2024-03-20,4871.72,debit,settled,settled_cash,no,outside request 90-day window
request_19,event_1664,2024-03-27,2024-03-27,6070.85,debit,settled,settled_cash,yes (recurrence source),historical/evidence source used to project recurring stream
request_19,event_1688,2024-03-28,2024-03-28,3298.25,debit,settled,settled_cash,no,outside request 90-day window
request_19,event_1665,2024-04-03,2024-04-03,5452.26,debit,settled,settled_cash,no,outside request 90-day window
request_19,event_1623,2024-04-04,2024-04-04,36100,debit,settled,settled_cash,yes (recurrence source),historical/evidence source used to project recurring stream
request_19,event_1624,2024-04-08,2024-04-08,6141.28,debit,settled,settled_cash,yes (recurrence source),historical/evidence source used to project recurring stream
request_19,event_1666,2024-04-10,2024-04-10,5912.83,debit,settled,settled_cash,no,outside request 90-day window
request_19,event_1689,2024-04-11,2024-04-11,3476.92,debit,settled,settled_cash,no,outside request 90-day window
request_19,event_1626,2024-04-12,2024-04-12,8946.09,debit,settled,settled_cash,yes (recurrence source),historical/evidence source used to project recurring stream
request_19,event_1625,2024-04-13,2024-04-13,11850,debit,settled,settled_cash,yes (recurrence source),historical/evidence source used to project recurring stream
request_19,event_1628,2024-04-14,2024-04-14,395,debit,settled,settled_cash,yes (recurrence source),historical/evidence source used to project recurring stream
request_19,event_1629,2024-04-14,2024-04-14,6302.66,debit,settled,settled_cash,yes (recurrence source),historical/evidence source used to project recurring stream
request_19,event_1622,2024-04-15,2024-04-15,131000,credit,settled,settled_cash,yes (recurrence source),historical/evidence source used to project recurring stream
request_19,event_1627,2024-04-15,2024-04-15,12650,debit,settled,settled_cash,yes (recurrence source),historical/evidence source used to project recurring stream
request_19,event_1667,2024-04-17,2024-04-17,3877.79,debit,settled,settled_cash,no,outside request 90-day window
request_19,event_1668,2024-04-24,2024-04-24,4056.71,debit,settled,settled_cash,yes (recurrence source),historical/evidence source used to project recurring stream
request_19,event_1690,2024-04-25,2024-04-25,3849.5,debit,settled,settled_cash,no,outside request 90-day window
request_19,event_1669,2024-05-01,2024-05-01,4744.13,debit,settled,settled_cash,yes (recurrence source),historical/evidence source used to project recurring stream
request_19,event_1631,2024-05-04,2024-05-04,36100,debit,settled,settled_cash,yes (recurrence source),historical/evidence source used to project recurring stream
request_19,event_1632,2024-05-08,2024-05-08,5525.82,debit,settled,settled_cash,yes (recurrence source),historical/evidence source used to project recurring stream
request_19,event_1670,2024-05-08,2024-05-08,3593.25,debit,settled,settled_cash,yes (recurrence source),historical/evidence source used to project recurring stream
request_19,event_1691,2024-05-09,2024-05-09,2640.96,debit,settled,settled_cash,no,outside request 90-day window
request_19,event_1634,2024-05-12,2024-05-12,9619.88,debit,settled,settled_cash,yes (recurrence source),historical/evidence source used to project recurring stream
request_19,event_1633,2024-05-13,2024-05-13,11850,debit,settled,settled_cash,yes (recurrence source),historical/evidence source used to project recurring stream
request_19,event_1636,2024-05-14,2024-05-14,395,debit,settled,settled_cash,yes (recurrence source),historical/evidence source used to project recurring stream
request_19,event_1637,2024-05-14,2024-05-14,5593.2,debit,settled,settled_cash,yes (recurrence source),historical/evidence source used to project recurring stream
request_19,event_1630,2024-05-15,2024-05-15,131000,credit,settled,settled_cash,yes (recurrence source),historical/evidence source used to project recurring stream
request_19,event_1635,2024-05-15,2024-05-15,12650,debit,settled,settled_cash,yes (recurrence source),historical/evidence source used to project recurring stream
request_19,event_1671,2024-05-15,2024-05-15,3852.58,debit,settled,settled_cash,yes (recurrence source),historical/evidence source used to project recurring stream
request_19,event_1672,2024-05-22,2024-05-22,5406.2,debit,settled,settled_cash,yes (recurrence source),historical/evidence source used to project recurring stream
request_19,event_1692,2024-05-23,2024-05-23,3432.81,debit,settled,settled_cash,no,outside request 90-day window
request_19,event_1673,2024-05-29,2024-05-29,5542.84,debit,settled,settled_cash,yes (recurrence source),historical/evidence source used to project recurring stream
request_19,event_1639,2024-06-04,2024-06-04,36100,debit,settled,settled_cash,yes (recurrence source),historical/evidence source used to project recurring stream
request_19,event_1674,2024-06-05,2024-06-05,4738.95,debit,settled,settled_cash,yes (recurrence source),historical/evidence source used to project recurring stream
request_19,event_1693,2024-06-06,2024-06-06,2610.24,debit,settled,settled_cash,no,outside request 90-day window
request_19,event_1640,2024-06-08,2024-06-08,6029.9,debit,settled,settled_cash,yes (recurrence source),historical/evidence source used to project recurring stream
request_19,event_1642,2024-06-12,2024-06-12,8335.2,debit,settled,settled_cash,yes (recurrence source),historical/evidence source used to project recurring stream
request_19,event_1675,2024-06-12,2024-06-12,3575.19,debit,settled,settled_cash,no,outside request 90-day window
request_19,event_1641,2024-06-13,2024-06-13,11850,debit,settled,settled_cash,yes (recurrence source),historical/evidence source used to project recurring stream
request_19,event_1644,2024-06-14,2024-06-14,395,debit,settled,settled_cash,yes (recurrence source),historical/evidence source used to project recurring stream
request_19,event_1645,2024-06-14,2024-06-14,6069.58,debit,settled,settled_cash,yes (recurrence source),historical/evidence source used to project recurring stream
request_19,event_1638,2024-06-15,2024-06-15,131000,credit,settled,settled_cash,yes (recurrence source),historical/evidence source used to project recurring stream
request_19,event_1643,2024-06-15,2024-06-15,12650,debit,settled,settled_cash,yes (recurrence source),historical/evidence source used to project recurring stream
request_19,event_1676,2024-06-19,2024-06-19,5146.94,debit,settled,settled_cash,yes (recurrence source),historical/evidence source used to project recurring stream
request_19,event_1694,2024-06-20,2024-06-20,2788.22,debit,settled,settled_cash,no,outside request 90-day window
request_19,event_1677,2024-06-26,2024-06-26,5908.15,debit,settled,settled_cash,no,outside request 90-day window
request_19,event_1678,2024-07-03,2024-07-03,4444.74,debit,settled,settled_cash,yes (recurrence source),historical/evidence source used to project recurring stream
request_19,event_1647,2024-07-04,2024-07-04,36100,debit,settled,settled_cash,yes (recurrence source),historical/evidence source used to project recurring stream
request_19,event_1695,2024-07-04,2024-07-04,3242.46,debit,settled,settled_cash,no,outside request 90-day window
request_19,event_1648,2024-07-08,2024-07-08,5951.99,debit,settled,settled_cash,yes (recurrence source),historical/evidence source used to project recurring stream
request_19,event_1679,2024-07-10,2024-07-10,4667.68,debit,settled,settled_cash,no,outside request 90-day window
request_19,event_1650,2024-07-12,2024-07-12,8496.34,debit,settled,settled_cash,yes (recurrence source),historical/evidence source used to project recurring stream
request_19,event_1649,2024-07-13,2024-07-13,11850,debit,settled,settled_cash,yes (recurrence source),historical/evidence source used to project recurring stream
request_19,event_1652,2024-07-14,2024-07-14,395,debit,settled,settled_cash,yes (recurrence source),historical/evidence source used to project recurring stream
request_19,event_1653,2024-07-14,2024-07-14,5772.78,debit,settled,settled_cash,yes (recurrence source),historical/evidence source used to project recurring stream
request_19,event_1646,2024-07-15,2024-07-15,131000,credit,settled,settled_cash,yes (recurrence source),historical/evidence source used to project recurring stream
request_19,event_1651,2024-07-15,2024-07-15,12650,debit,settled,settled_cash,yes (recurrence source),historical/evidence source used to project recurring stream
request_19,event_1680,2024-07-17,2024-07-17,4493.39,debit,settled,settled_cash,no,outside request 90-day window
request_19,event_1696,2024-07-18,2024-07-18,3659.94,debit,settled,settled_cash,no,outside request 90-day window
request_19,event_1681,2024-07-24,2024-07-24,5184.21,debit,settled,settled_cash,yes (recurrence source),historical/evidence source used to project recurring stream
request_19,event_1682,2024-07-31,2024-07-31,3460.53,debit,settled,settled_cash,no,outside request 90-day window
request_19,event_1697,2024-08-01,2024-08-01,2759.93,debit,settled,settled_cash,no,outside request 90-day window
request_19,event_1655,2024-08-04,2024-08-04,36100,debit,settled,settled_cash,yes (recurrence source),historical/evidence source used to project recurring stream
request_19,event_1683,2024-08-07,2024-08-07,6005.09,debit,settled,settled_cash,no,outside request 90-day window
request_19,event_1656,2024-08-08,2024-08-08,6129.19,debit,settled,settled_cash,yes (recurrence source),historical/evidence source used to project recurring stream
request_19,event_1658,2024-08-12,2024-08-12,8645.36,debit,settled,settled_cash,yes (recurrence source),historical/evidence source used to project recurring stream
request_19,event_1657,2024-08-13,2024-08-13,11850,debit,settled,settled_cash,yes (recurrence source),historical/evidence source used to project recurring stream
request_19,event_1660,2024-08-14,2024-08-14,395,debit,settled,settled_cash,yes (recurrence source),historical/evidence source used to project recurring stream
request_19,event_1661,2024-08-14,2024-08-14,5431.12,debit,settled,settled_cash,yes (recurrence source),historical/evidence source used to project recurring stream
request_19,event_1684,2024-08-14,2024-08-14,4963.39,debit,settled,settled_cash,no,outside request 90-day window
request_19,event_1654,2024-08-15,2024-08-15,131000,credit,settled,settled_cash,yes (recurrence source),historical/evidence source used to project recurring stream
request_19,event_1659,2024-08-15,2024-08-15,12650,debit,settled,settled_cash,yes (recurrence source),historical/evidence source used to project recurring stream
request_19,event_1698,2024-08-15,2024-08-15,2462.29,debit,settled,settled_cash,no,outside request 90-day window
request_19,event_1685,2024-08-21,2024-08-21,4864.04,debit,settled,settled_cash,no,outside request 90-day window
request_19,event_1686,2024-08-28,2024-08-28,4068.18,debit,settled,settled_cash,no,outside request 90-day window
request_19,event_1699,2024-08-29,2024-08-29,2765.93,debit,settled,settled_cash,no,outside request 90-day window
request_19,event_1700,2024-09-03,2024-09-03,,debit,settled,settled_cash,no,outside request 90-day window
request_20,event_1744,2025-08-13,2025-08-13,3866.5,debit,settled,settled_cash,no,outside request 90-day window
request_20,event_1762,2025-08-14,2025-08-14,2046.25,debit,settled,settled_cash,yes (recurrence source),historical/evidence source used to project recurring stream
request_20,event_1775,2025-08-15,2025-08-15,3150.77,debit,settled,settled_cash,no,outside request 90-day window
request_20,event_1745,2025-08-23,2025-08-23,3724.49,debit,settled,settled_cash,no,outside request 90-day window
request_20,event_1763,2025-08-28,2025-08-28,2060.7,debit,settled,settled_cash,no,outside request 90-day window
request_20,event_1702,2025-09-02,2025-09-02,7950,debit,settled,settled_cash,yes (recurrence source),historical/evidence source used to project recurring stream
request_20,event_1746,2025-09-02,2025-09-02,3127.16,debit,settled,settled_cash,no,outside request 90-day window
request_20,event_1703,2025-09-05,2025-09-05,7784.29,debit,settled,settled_cash,yes (recurrence source),historical/evidence source used to project recurring stream
request_20,event_1776,2025-09-05,2025-09-05,3075.11,debit,settled,settled_cash,no,outside request 90-day window
request_20,event_1704,2025-09-06,2025-09-06,3290,debit,settled,settled_cash,yes (recurrence source),historical/evidence source used to project recurring stream
request_20,event_1705,2025-09-07,2025-09-07,8740,debit,settled,settled_cash,yes (recurrence source),historical/evidence source used to project recurring stream
request_20,event_1706,2025-09-09,2025-09-09,5968.18,debit,settled,settled_cash,yes (recurrence source),historical/evidence source used to project recurring stream
request_20,event_1708,2025-09-11,2025-09-11,365,debit,settled,settled_cash,yes (recurrence source),historical/evidence source used to project recurring stream
request_20,event_1764,2025-09-11,2025-09-11,2195.41,debit,settled,settled_cash,yes (recurrence source),historical/evidence source used to project recurring stream
request_20,event_1747,2025-09-12,2025-09-12,4104.17,debit,settled,settled_cash,no,outside request 90-day window
request_20,event_1707,2025-09-13,2025-09-13,2298.76,debit,settled,settled_cash,yes (recurrence source),historical/evidence source used to project recurring stream
request_20,event_1701,2025-09-15,2025-09-15,108000,credit,settled,settled_cash,yes (recurrence source),historical/evidence source used to project recurring stream
request_20,event_1748,2025-09-22,2025-09-22,2968.61,debit,settled,settled_cash,no,outside request 90-day window
request_20,event_1765,2025-09-25,2025-09-25,2632,debit,settled,settled_cash,yes (recurrence source),historical/evidence source used to project recurring stream
request_20,event_1777,2025-09-26,2025-09-26,3365.58,debit,settled,settled_cash,no,outside request 90-day window
request_20,event_1710,2025-10-02,2025-10-02,7950,debit,settled,settled_cash,yes (recurrence source),historical/evidence source used to project recurring stream
request_20,event_1749,2025-10-02,2025-10-02,4660.33,debit,settled,settled_cash,no,outside request 90-day window
request_20,event_1711,2025-10-05,2025-10-05,7977.68,debit,settled,settled_cash,yes (recurrence source),historical/evidence source used to project recurring stream
request_20,event_1712,2025-10-06,2025-10-06,3290,debit,settled,settled_cash,yes (recurrence source),historical/evidence source used to project recurring stream
request_20,event_1713,2025-10-07,2025-10-07,8740,debit,settled,settled_cash,yes (recurrence source),historical/evidence source used to project recurring stream
request_20,event_1714,2025-10-09,2025-10-09,6648.5,debit,settled,settled_cash,yes (recurrence source),historical/evidence source used to project recurring stream
request_20,event_1766,2025-10-09,2025-10-09,3063.34,debit,settled,settled_cash,no,outside request 90-day window
request_20,event_1716,2025-10-11,2025-10-11,365,debit,settled,settled_cash,yes (recurrence source),historical/evidence source used to project recurring stream
request_20,event_1750,2025-10-12,2025-10-12,4109.13,debit,settled,settled_cash,no,outside request 90-day window
request_20,event_1715,2025-10-13,2025-10-13,2279.67,debit,settled,settled_cash,yes (recurrence source),historical/evidence source used to project recurring stream
request_20,event_1709,2025-10-15,2025-10-15,108000,credit,settled,settled_cash,yes (recurrence source),historical/evidence source used to project recurring stream
request_20,event_1778,2025-10-17,2025-10-17,4270.04,debit,settled,settled_cash,no,outside request 90-day window
request_20,event_1751,2025-10-22,2025-10-22,2812.26,debit,settled,settled_cash,no,outside request 90-day window
request_20,event_1767,2025-10-23,2025-10-23,2359.03,debit,settled,settled_cash,no,outside request 90-day window
request_20,event_1752,2025-11-01,2025-11-01,3525.04,debit,settled,settled_cash,no,outside request 90-day window
request_20,event_1718,2025-11-02,2025-11-02,7950,debit,settled,settled_cash,yes (recurrence source),historical/evidence source used to project recurring stream
request_20,event_1719,2025-11-05,2025-11-05,8058.75,debit,settled,settled_cash,yes (recurrence source),historical/evidence source used to project recurring stream
request_20,event_1720,2025-11-06,2025-11-06,3290,debit,settled,settled_cash,yes (recurrence source),historical/evidence source used to project recurring stream
request_20,event_1768,2025-11-06,2025-11-06,2628.75,debit,settled,settled_cash,no,outside request 90-day window
request_20,event_1721,2025-11-07,2025-11-07,8740,debit,settled,settled_cash,yes (recurrence source),historical/evidence source used to project recurring stream
request_20,event_1779,2025-11-07,2025-11-07,2857.78,debit,settled,settled_cash,no,outside request 90-day window
request_20,event_1722,2025-11-09,2025-11-09,5907.73,debit,settled,settled_cash,yes (recurrence source),historical/evidence source used to project recurring stream
request_20,event_1724,2025-11-11,2025-11-11,365,debit,settled,settled_cash,yes (recurrence source),historical/evidence source used to project recurring stream
request_20,event_1753,2025-11-11,2025-11-11,3386.09,debit,settled,settled_cash,no,outside request 90-day window
request_20,event_1723,2025-11-13,2025-11-13,2115.92,debit,settled,settled_cash,yes (recurrence source),historical/evidence source used to project recurring stream
request_20,event_1717,2025-11-15,2025-11-15,108000,credit,settled,settled_cash,yes (recurrence source),historical/evidence source used to project recurring stream
request_20,event_1769,2025-11-20,2025-11-20,2836.95,debit,settled,settled_cash,no,outside request 90-day window
request_20,event_1754,2025-11-21,2025-11-21,3796.24,debit,settled,settled_cash,no,outside request 90-day window
request_20,event_1780,2025-11-28,2025-11-28,4308.23,debit,settled,settled_cash,no,outside request 90-day window
request_20,event_1755,2025-12-01,2025-12-01,3016.03,debit,settled,settled_cash,no,outside request 90-day window
request_20,event_1726,2025-12-02,2025-12-02,7950,debit,settled,settled_cash,yes (recurrence source),historical/evidence source used to project recurring stream
request_20,event_1770,2025-12-04,2025-12-04,2570.15,debit,settled,settled_cash,no,outside request 90-day window
request_20,event_1727,2025-12-05,2025-12-05,6848.62,debit,settled,settled_cash,yes (recurrence source),historical/evidence source used to project recurring stream
request_20,event_1728,2025-12-06,2025-12-06,3290,debit,settled,settled_cash,yes (recurrence source),historical/evidence source used to project recurring stream
request_20,event_1729,2025-12-07,2025-12-07,8740,debit,settled,settled_cash,yes (recurrence source),historical/evidence source used to project recurring stream
request_20,event_1730,2025-12-09,2025-12-09,6505.49,debit,settled,settled_cash,yes (recurrence source),historical/evidence source used to project recurring stream
request_20,event_1732,2025-12-11,2025-12-11,365,debit,settled,settled_cash,yes (recurrence source),historical/evidence source used to project recurring stream
request_20,event_1756,2025-12-11,2025-12-11,4683.37,debit,settled,settled_cash,no,outside request 90-day window
request_20,event_1731,2025-12-13,2025-12-13,1949.86,debit,settled,settled_cash,yes (recurrence source),historical/evidence source used to project recurring stream
request_20,event_1725,2025-12-15,2025-12-15,108000,credit,settled,settled_cash,yes (recurrence source),historical/evidence source used to project recurring stream
request_20,event_1771,2025-12-18,2025-12-18,3145.95,debit,settled,settled_cash,no,outside request 90-day window
request_20,event_1781,2025-12-19,2025-12-19,2629.91,debit,settled,settled_cash,no,outside request 90-day window
request_20,event_1757,2025-12-21,2025-12-21,3067.82,debit,settled,settled_cash,no,outside request 90-day window
request_20,event_1758,2025-12-31,2025-12-31,3588.1,debit,settled,settled_cash,no,outside request 90-day window
request_20,event_1772,2026-01-01,2026-01-01,2838.14,debit,settled,settled_cash,no,outside request 90-day window
request_20,event_1734,2026-01-02,2026-01-02,7950,debit,settled,settled_cash,yes (recurrence source),historical/evidence source used to project recurring stream
request_20,event_1735,2026-01-05,2026-01-05,7551.74,debit,settled,settled_cash,yes (recurrence source),historical/evidence source used to project recurring stream
request_20,event_1736,2026-01-06,2026-01-06,3290,debit,settled,settled_cash,yes (recurrence source),historical/evidence source used to project recurring stream
request_20,event_1737,2026-01-07,2026-01-07,8740,debit,settled,settled_cash,yes (recurrence source),historical/evidence source used to project recurring stream
request_20,event_1738,2026-01-09,2026-01-09,6654.33,debit,settled,settled_cash,yes (recurrence source),historical/evidence source used to project recurring stream
request_20,event_1782,2026-01-09,2026-01-09,3352.75,debit,settled,settled_cash,no,outside request 90-day window
request_20,event_1759,2026-01-10,2026-01-10,3752.77,debit,settled,settled_cash,no,outside request 90-day window
request_20,event_1740,2026-01-11,2026-01-11,365,debit,settled,settled_cash,yes (recurrence source),historical/evidence source used to project recurring stream
request_20,event_1739,2026-01-13,2026-01-13,2097.15,debit,settled,settled_cash,yes (recurrence source),historical/evidence source used to project recurring stream
request_20,event_1733,2026-01-15,2026-01-15,108000,credit,settled,settled_cash,yes (recurrence source),historical/evidence source used to project recurring stream
request_20,event_1773,2026-01-15,2026-01-15,3150.25,debit,settled,settled_cash,no,outside request 90-day window
request_20,event_1784,2026-01-14,2026-01-15,8640,debit,settled,settled_cash,no,outside request 90-day window
request_20,event_1760,2026-01-20,2026-01-20,3702.16,debit,settled,settled_cash,no,outside request 90-day window
request_20,event_1774,2026-01-29,2026-01-29,3243.84,debit,settled,settled_cash,no,outside request 90-day window
request_20,event_1761,2026-01-30,2026-01-30,4719.22,debit,settled,settled_cash,no,outside request 90-day window
request_20,event_1783,2026-01-30,2026-01-30,3803.95,debit,settled,settled_cash,no,outside request 90-day window
request_20,event_1741,2026-02-02,2026-02-02,7950,debit,settled,settled_cash,yes (recurrence source),historical/evidence source used to project recurring stream
request_20,event_1742,2026-02-05,2026-02-05,7769.87,debit,settled,settled_cash,yes (recurrence source),historical/evidence source used to project recurring stream
request_20,event_1743,2026-02-06,2026-02-06,3290,debit,settled,settled_cash,yes (recurrence source),historical/evidence source used to project recurring stream
request_20,event_1787,2026-02-06,2026-02-08,4470,debit,pending,reserve_pending_debit,yes (direct),eligible effective-date cash flow
request_20,event_1786,2026-02-06,2026-02-09,,debit,pending,reserve_pending_debit,no,reserve_pending_debit
request_20,event_1785,2026-02-04,2026-02-14,8640,credit,pending,exclude_pending_credit,no,exclude_pending_credit
request_21,event_1819,2025-10-08,2025-10-08,65.93,debit,settled,settled_cash,no,outside request 90-day window
request_21,event_1837,2025-10-09,2025-10-09,38.96,debit,settled,settled_cash,no,outside request 90-day window
request_21,event_1846,2025-10-10,2025-10-10,82.43,debit,settled,settled_cash,no,outside request 90-day window
request_21,event_1820,2025-10-18,2025-10-18,104.23,debit,settled,settled_cash,no,outside request 90-day window
request_21,event_1821,2025-10-28,2025-10-28,92.12,debit,settled,settled_cash,yes (recurrence source),historical/evidence source used to project recurring stream
request_21,event_1838,2025-10-30,2025-10-30,37.19,debit,settled,settled_cash,no,outside request 90-day window
request_21,event_1847,2025-10-31,2025-10-31,68.28,debit,settled,settled_cash,no,outside request 90-day window
request_21,event_1789,2025-11-02,2025-11-02,718.8,debit,settled,settled_cash,yes (recurrence source),historical/evidence source used to project recurring stream
request_21,event_1790,2025-11-06,2025-11-06,115.31,debit,settled,settled_cash,yes (recurrence source),historical/evidence source used to project recurring stream
request_21,event_1822,2025-11-07,2025-11-07,68.82,debit,settled,settled_cash,no,outside request 90-day window
request_21,event_1792,2025-11-09,2025-11-09,47,debit,settled,settled_cash,yes (recurrence source),historical/evidence source used to project recurring stream
request_21,event_1791,2025-11-12,2025-11-12,11,debit,settled,settled_cash,yes (recurrence source),historical/evidence source used to project recurring stream
request_21,event_1793,2025-11-12,2025-11-12,133.38,debit,settled,settled_cash,yes (recurrence source),historical/evidence source used to project recurring stream
request_21,event_1788,2025-11-15,2025-11-15,2256,credit,settled,settled_cash,yes (recurrence source),historical/evidence source used to project recurring stream
request_21,event_1823,2025-11-17,2025-11-17,95.62,debit,settled,settled_cash,no,outside request 90-day window
request_21,event_1839,2025-11-20,2025-11-20,34.52,debit,settled,settled_cash,no,outside request 90-day window
request_21,event_1848,2025-11-21,2025-11-21,85.96,debit,settled,settled_cash,no,outside request 90-day window
request_21,event_1824,2025-11-27,2025-11-27,104.19,debit,settled,settled_cash,yes (recurrence source),historical/evidence source used to project recurring stream
request_21,event_1795,2025-12-02,2025-12-02,718.8,debit,settled,settled_cash,yes (recurrence source),historical/evidence source used to project recurring stream
request_21,event_1796,2025-12-06,2025-12-06,123.72,debit,settled,settled_cash,yes (recurrence source),historical/evidence source used to project recurring stream
request_21,event_1825,2025-12-07,2025-12-07,72.06,debit,settled,settled_cash,no,outside request 90-day window
request_21,event_1798,2025-12-09,2025-12-09,47,debit,settled,settled_cash,yes (recurrence source),historical/evidence source used to project recurring stream
request_21,event_1840,2025-12-11,2025-12-11,50,debit,settled,settled_cash,no,outside request 90-day window
request_21,event_1797,2025-12-12,2025-12-12,11,debit,settled,settled_cash,yes (recurrence source),historical/evidence source used to project recurring stream
request_21,event_1799,2025-12-12,2025-12-12,115.86,debit,settled,settled_cash,yes (recurrence source),historical/evidence source used to project recurring stream
request_21,event_1849,2025-12-12,2025-12-12,60.18,debit,settled,settled_cash,no,outside request 90-day window
request_21,event_1794,2025-12-15,2025-12-15,2256,credit,settled,settled_cash,yes (recurrence source),historical/evidence source used to project recurring stream
request_21,event_1826,2025-12-17,2025-12-17,101.34,debit,settled,settled_cash,no,outside request 90-day window
request_21,event_1827,2025-12-27,2025-12-27,84.7,debit,settled,settled_cash,yes (recurrence source),historical/evidence source used to project recurring stream
request_21,event_1855,2025-12-29,2025-12-29,676.8,debit,settled,settled_cash,no,outside request 90-day window
request_21,event_1841,2026-01-01,2026-01-01,40.66,debit,settled,settled_cash,no,outside request 90-day window
request_21,event_1801,2026-01-02,2026-01-02,718.8,debit,settled,settled_cash,yes (recurrence source),historical/evidence source used to project recurring stream
request_21,event_1850,2026-01-02,2026-01-02,88.07,debit,settled,settled_cash,no,outside request 90-day window
request_21,event_1802,2026-01-06,2026-01-06,120.59,debit,settled,settled_cash,yes (recurrence source),historical/evidence source used to project recurring stream
request_21,event_1828,2026-01-06,2026-01-06,77.2,debit,settled,settled_cash,no,outside request 90-day window
request_21,event_1804,2026-01-09,2026-01-09,47,debit,settled,settled_cash,yes (recurrence source),historical/evidence source used to project recurring stream
request_21,event_1803,2026-01-12,2026-01-12,11,debit,settled,settled_cash,yes (recurrence source),historical/evidence source used to project recurring stream
request_21,event_1805,2026-01-12,2026-01-12,120.74,debit,settled,settled_cash,yes (recurrence source),historical/evidence source used to project recurring stream
request_21,event_1800,2026-01-15,2026-01-15,2256,credit,settled,settled_cash,yes (recurrence source),historical/evidence source used to project recurring stream
request_21,event_1829,2026-01-16,2026-01-16,79,debit,settled,settled_cash,no,outside request 90-day window
request_21,event_1842,2026-01-22,2026-01-22,33.38,debit,settled,settled_cash,no,outside request 90-day window
request_21,event_1851,2026-01-23,2026-01-23,100.63,debit,settled,settled_cash,no,outside request 90-day window
request_21,event_1830,2026-01-26,2026-01-26,66.13,debit,settled,settled_cash,no,outside request 90-day window
request_21,event_1807,2026-02-02,2026-02-02,718.8,debit,settled,settled_cash,yes (recurrence source),historical/evidence source used to project recurring stream
request_21,event_1831,2026-02-05,2026-02-05,85.9,debit,settled,settled_cash,yes (recurrence source),historical/evidence source used to project recurring stream
request_21,event_1808,2026-02-06,2026-02-06,122.18,debit,settled,settled_cash,yes (recurrence source),historical/evidence source used to project recurring stream
request_21,event_1810,2026-02-09,2026-02-09,47,debit,settled,settled_cash,yes (recurrence source),historical/evidence source used to project recurring stream
request_21,event_1809,2026-02-12,2026-02-12,11,debit,settled,settled_cash,yes (recurrence source),historical/evidence source used to project recurring stream
request_21,event_1811,2026-02-12,2026-02-12,115.71,debit,settled,settled_cash,yes (recurrence source),historical/evidence source used to project recurring stream
request_21,event_1843,2026-02-12,2026-02-12,51.42,debit,settled,settled_cash,no,outside request 90-day window
request_21,event_1852,2026-02-13,2026-02-13,97.67,debit,settled,settled_cash,no,outside request 90-day window
request_21,event_1806,2026-02-15,2026-02-15,2256,credit,settled,settled_cash,yes (recurrence source),historical/evidence source used to project recurring stream
request_21,event_1832,2026-02-15,2026-02-15,90.57,debit,settled,settled_cash,no,outside request 90-day window
request_21,event_1833,2026-02-25,2026-02-25,71.22,debit,settled,settled_cash,no,outside request 90-day window
request_21,event_1813,2026-03-02,2026-03-02,718.8,debit,settled,settled_cash,yes (recurrence source),historical/evidence source used to project recurring stream
request_21,event_1844,2026-03-05,2026-03-05,47.84,debit,settled,settled_cash,no,outside request 90-day window
request_21,event_1814,2026-03-06,2026-03-06,124.08,debit,settled,settled_cash,yes (recurrence source),historical/evidence source used to project recurring stream
request_21,event_1853,2026-03-06,2026-03-06,98.39,debit,settled,settled_cash,no,outside request 90-day window
request_21,event_1834,2026-03-07,2026-03-07,70.98,debit,settled,settled_cash,no,outside request 90-day window
request_21,event_1816,2026-03-09,2026-03-09,47,debit,settled,settled_cash,yes (recurrence source),historical/evidence source used to project recurring stream
request_21,event_1815,2026-03-12,2026-03-12,11,debit,settled,settled_cash,yes (recurrence source),historical/evidence source used to project recurring stream
request_21,event_1817,2026-03-12,2026-03-12,126.38,debit,settled,settled_cash,yes (recurrence source),historical/evidence source used to project recurring stream
request_21,event_1812,2026-03-15,2026-03-15,2256,credit,settled,settled_cash,yes (recurrence source),historical/evidence source used to project recurring stream
request_21,event_1835,2026-03-17,2026-03-17,77.75,debit,settled,settled_cash,no,outside request 90-day window
request_21,event_1845,2026-03-26,2026-03-26,36.86,debit,settled,settled_cash,no,outside request 90-day window
request_21,event_1836,2026-03-27,2026-03-27,97.55,debit,settled,settled_cash,no,outside request 90-day window
request_21,event_1854,2026-03-27,2026-03-27,69.31,debit,settled,settled_cash,no,outside request 90-day window
request_21,event_1856,2026-04-01,,270.72,non_cash,unrealized,excluded_non_cash_or_unrealized,no,outside request 90-day window
request_21,event_1818,2026-04-02,2026-04-02,718.8,debit,settled,settled_cash,yes (recurrence source),historical/evidence source used to project recurring stream
request_21,event_1857,2026-04-02,2026-04-05,53,debit,pending,reserve_pending_debit,yes (direct),eligible effective-date cash flow
request_21,event_1858,2026-04-15,2026-04-15,2256,credit,scheduled,scheduled_cash,yes (direct),eligible effective-date cash flow
request_22,event_1895,2024-06-12,2024-06-12,23.95,debit,settled,settled_cash,no,outside request 90-day window
request_22,event_1921,2024-06-13,2024-06-13,16.09,debit,settled,settled_cash,no,outside request 90-day window
request_22,event_1946,2024-06-14,2024-06-14,12.25,debit,settled,settled_cash,no,outside request 90-day window
request_22,event_1896,2024-06-19,2024-06-19,29.03,debit,settled,settled_cash,no,outside request 90-day window
request_22,event_1922,2024-06-20,2024-06-20,11.63,debit,settled,settled_cash,yes (recurrence source),historical/evidence source used to project recurring stream
request_22,event_1897,2024-06-26,2024-06-26,22.38,debit,settled,settled_cash,no,outside request 90-day window
request_22,event_1923,2024-06-27,2024-06-27,16.34,debit,settled,settled_cash,no,outside request 90-day window
request_22,event_1947,2024-06-28,2024-06-28,18.82,debit,settled,settled_cash,no,outside request 90-day window
request_22,event_1860,2024-07-03,2024-07-03,178.2,debit,settled,settled_cash,yes (recurrence source),historical/evidence source used to project recurring stream
request_22,event_1898,2024-07-03,2024-07-03,20.6,debit,settled,settled_cash,no,outside request 90-day window
request_22,event_1924,2024-07-04,2024-07-04,10.38,debit,settled,settled_cash,no,outside request 90-day window
request_22,event_1861,2024-07-07,2024-07-07,32.53,debit,settled,settled_cash,yes (recurrence source),historical/evidence source used to project recurring stream
request_22,event_1899,2024-07-10,2024-07-10,26.47,debit,settled,settled_cash,no,outside request 90-day window
request_22,event_1864,2024-07-11,2024-07-11,17,debit,settled,settled_cash,yes (recurrence source),historical/evidence source used to project recurring stream
request_22,event_1925,2024-07-11,2024-07-11,12.33,debit,settled,settled_cash,no,outside request 90-day window
request_22,event_1862,2024-07-12,2024-07-12,6,debit,settled,settled_cash,yes (recurrence source),historical/evidence source used to project recurring stream
request_22,event_1948,2024-07-12,2024-07-12,13.59,debit,settled,settled_cash,no,outside request 90-day window
request_22,event_1863,2024-07-14,2024-07-14,5,debit,settled,settled_cash,yes (recurrence source),historical/evidence source used to project recurring stream
request_22,event_1859,2024-07-15,2024-07-15,616,credit,settled,settled_cash,yes (recurrence source),historical/evidence source used to project recurring stream
request_22,event_1865,2024-07-15,2024-07-15,19.64,debit,settled,settled_cash,yes (recurrence source),historical/evidence source used to project recurring stream
request_22,event_1900,2024-07-17,2024-07-17,28.31,debit,settled,settled_cash,yes (recurrence source),historical/evidence source used to project recurring stream
request_22,event_1926,2024-07-18,2024-07-18,12.7,debit,settled,settled_cash,yes (recurrence source),historical/evidence source used to project recurring stream
request_22,event_1901,2024-07-24,2024-07-24,22.88,debit,settled,settled_cash,no,outside request 90-day window
request_22,event_1927,2024-07-25,2024-07-25,12.95,debit,settled,settled_cash,no,outside request 90-day window
request_22,event_1949,2024-07-26,2024-07-26,14.46,debit,settled,settled_cash,no,outside request 90-day window
request_22,event_1902,2024-07-31,2024-07-31,25.75,debit,settled,settled_cash,yes (recurrence source),historical/evidence source used to project recurring stream
request_22,event_1928,2024-08-01,2024-08-01,12.59,debit,settled,settled_cash,no,outside request 90-day window
request_22,event_1867,2024-08-03,2024-08-03,178.2,debit,settled,settled_cash,yes (recurrence source),historical/evidence source used to project recurring stream
request_22,event_1868,2024-08-07,2024-08-07,33.73,debit,settled,settled_cash,yes (recurrence source),historical/evidence source used to project recurring stream
request_22,event_1903,2024-08-07,2024-08-07,20.5,debit,settled,settled_cash,no,outside request 90-day window
request_22,event_1929,2024-08-08,2024-08-08,9.7,debit,settled,settled_cash,no,outside request 90-day window
request_22,event_1950,2024-08-09,2024-08-09,20.85,debit,settled,settled_cash,no,outside request 90-day window
request_22,event_1871,2024-08-11,2024-08-11,17,debit,settled,settled_cash,yes (recurrence source),historical/evidence source used to project recurring stream
request_22,event_1869,2024-08-12,2024-08-12,6,debit,settled,settled_cash,yes (recurrence source),historical/evidence source used to project recurring stream
request_22,event_1870,2024-08-14,2024-08-14,5,debit,settled,settled_cash,yes (recurrence source),historical/evidence source used to project recurring stream
request_22,event_1904,2024-08-14,2024-08-14,22.19,debit,settled,settled_cash,no,outside request 90-day window
request_22,event_1866,2024-08-15,2024-08-15,616,credit,settled,settled_cash,yes (recurrence source),historical/evidence source used to project recurring stream
request_22,event_1872,2024-08-15,2024-08-15,18.94,debit,settled,settled_cash,yes (recurrence source),historical/evidence source used to project recurring stream
request_22,event_1930,2024-08-15,2024-08-15,10.41,debit,settled,settled_cash,no,outside request 90-day window
request_22,event_1905,2024-08-21,2024-08-21,21.76,debit,settled,settled_cash,no,outside request 90-day window
request_22,event_1931,2024-08-22,2024-08-22,10.72,debit,settled,settled_cash,yes (recurrence source),historical/evidence source used to project recurring stream
request_22,event_1951,2024-08-23,2024-08-23,15.63,debit,settled,settled_cash,no,outside request 90-day window
request_22,event_1906,2024-08-28,2024-08-28,23.84,debit,settled,settled_cash,no,outside request 90-day window
request_22,event_1932,2024-08-29,2024-08-29,11.85,debit,settled,settled_cash,no,outside request 90-day window
request_22,event_1959,2024-09-01,2024-09-01,184.8,debit,settled,settled_cash,no,outside request 90-day window
request_22,event_1874,2024-09-03,2024-09-03,178.2,debit,settled,settled_cash,yes (recurrence source),historical/evidence source used to project recurring stream
request_22,event_1907,2024-09-04,2024-09-04,23.02,debit,settled,settled_cash,yes (recurrence source),historical/evidence source used to project recurring stream
request_22,event_1933,2024-09-05,2024-09-05,12.65,debit,settled,settled_cash,no,outside request 90-day window
request_22,event_1952,2024-09-06,2024-09-06,17.66,debit,settled,settled_cash,no,outside request 90-day window
request_22,event_1875,2024-09-07,2024-09-07,31.52,debit,settled,settled_cash,yes (recurrence source),historical/evidence source used to project recurring stream
request_22,event_1878,2024-09-11,2024-09-11,17,debit,settled,settled_cash,yes (recurrence source),historical/evidence source used to project recurring stream
request_22,event_1908,2024-09-11,2024-09-11,28.46,debit,settled,settled_cash,yes (recurrence source),historical/evidence source used to project recurring stream
request_22,event_1876,2024-09-12,2024-09-12,6,debit,settled,settled_cash,yes (recurrence source),historical/evidence source used to project recurring stream
request_22,event_1934,2024-09-12,2024-09-12,15.34,debit,settled,settled_cash,no,outside request 90-day window
request_22,event_1877,2024-09-14,2024-09-14,5,debit,settled,settled_cash,yes (recurrence source),historical/evidence source used to project recurring stream
request_22,event_1873,2024-09-15,2024-09-15,616,credit,settled,settled_cash,yes (recurrence source),historical/evidence source used to project recurring stream
request_22,event_1879,2024-09-15,2024-09-15,23.29,debit,settled,settled_cash,yes (recurrence source),historical/evidence source used to project recurring stream
request_22,event_1909,2024-09-18,2024-09-18,22.14,debit,settled,settled_cash,yes (recurrence source),historical/evidence source used to project recurring stream
request_22,event_1935,2024-09-19,2024-09-19,10.09,debit,settled,settled_cash,no,outside request 90-day window
request_22,event_1953,2024-09-20,2024-09-20,16.03,debit,settled,settled_cash,no,outside request 90-day window
request_22,event_1910,2024-09-25,2024-09-25,19.54,debit,settled,settled_cash,yes (recurrence source),historical/evidence source used to project recurring stream
request_22,event_1936,2024-09-26,2024-09-26,15.68,debit,settled,settled_cash,no,outside request 90-day window
request_22,event_1911,2024-10-02,2024-10-02,29.25,debit,settled,settled_cash,no,outside request 90-day window
request_22,event_1881,2024-10-03,2024-10-03,178.2,debit,settled,settled_cash,yes (recurrence source),historical/evidence source used to project recurring stream
request_22,event_1937,2024-10-03,2024-10-03,13.05,debit,settled,settled_cash,no,outside request 90-day window
request_22,event_1954,2024-10-04,2024-10-04,14.22,debit,settled,settled_cash,no,outside request 90-day window
request_22,event_1882,2024-10-07,2024-10-07,27.68,debit,settled,settled_cash,yes (recurrence source),historical/evidence source used to project recurring stream
request_22,event_1912,2024-10-09,2024-10-09,27.59,debit,settled,settled_cash,no,outside request 90-day window
request_22,event_1938,2024-10-10,2024-10-10,9.9,debit,settled,settled_cash,no,outside request 90-day window
request_22,event_1885,2024-10-11,2024-10-11,17,debit,settled,settled_cash,yes (recurrence source),historical/evidence source used to project recurring stream
request_22,event_1883,2024-10-12,2024-10-12,6,debit,settled,settled_cash,yes (recurrence source),historical/evidence source used to project recurring stream
request_22,event_1884,2024-10-14,2024-10-14,5,debit,settled,settled_cash,yes (recurrence source),historical/evidence source used to project recurring stream
request_22,event_1880,2024-10-15,2024-10-15,616,credit,settled,settled_cash,yes (recurrence source),historical/evidence source used to project recurring stream
request_22,event_1886,2024-10-15,2024-10-15,22.03,debit,settled,settled_cash,yes (recurrence source),historical/evidence source used to project recurring stream
request_22,event_1913,2024-10-16,2024-10-16,23.94,debit,settled,settled_cash,yes (recurrence source),historical/evidence source used to project recurring stream
request_22,event_1939,2024-10-17,2024-10-17,15.93,debit,settled,settled_cash,no,outside request 90-day window
request_22,event_1955,2024-10-18,2024-10-18,18.53,debit,settled,settled_cash,no,outside request 90-day window
request_22,event_1914,2024-10-23,2024-10-23,21.58,debit,settled,settled_cash,no,outside request 90-day window
request_22,event_1940,2024-10-24,2024-10-24,15.08,debit,settled,settled_cash,no,outside request 90-day window
request_22,event_1915,2024-10-30,2024-10-30,29.81,debit,settled,settled_cash,yes (recurrence source),historical/evidence source used to project recurring stream
request_22,event_1941,2024-10-31,2024-10-31,15.65,debit,settled,settled_cash,no,outside request 90-day window
request_22,event_1956,2024-11-01,2024-11-01,12.65,debit,settled,settled_cash,no,outside request 90-day window
request_22,event_1888,2024-11-03,2024-11-03,178.2,debit,settled,settled_cash,yes (recurrence source),historical/evidence source used to project recurring stream
request_22,event_1916,2024-11-06,2024-11-06,27.33,debit,settled,settled_cash,no,outside request 90-day window
request_22,event_1889,2024-11-07,2024-11-07,27.34,debit,settled,settled_cash,yes (recurrence source),historical/evidence source used to project recurring stream
request_22,event_1942,2024-11-07,2024-11-07,14.93,debit,settled,settled_cash,no,outside request 90-day window
request_22,event_1892,2024-11-11,2024-11-11,17,debit,settled,settled_cash,yes (recurrence source),historical/evidence source used to project recurring stream
request_22,event_1890,2024-11-12,2024-11-12,6,debit,settled,settled_cash,yes (recurrence source),historical/evidence source used to project recurring stream
request_22,event_1917,2024-11-13,2024-11-13,18.71,debit,settled,settled_cash,no,outside request 90-day window
request_22,event_1891,2024-11-14,2024-11-14,5,debit,settled,settled_cash,yes (recurrence source),historical/evidence source used to project recurring stream
request_22,event_1943,2024-11-14,2024-11-14,11.44,debit,settled,settled_cash,no,outside request 90-day window
request_22,event_1887,2024-11-15,2024-11-15,616,credit,settled,settled_cash,yes (recurrence source),historical/evidence source used to project recurring stream
request_22,event_1893,2024-11-15,2024-11-15,20.43,debit,settled,settled_cash,yes (recurrence source),historical/evidence source used to project recurring stream
request_22,event_1957,2024-11-15,2024-11-15,15.84,debit,settled,settled_cash,no,outside request 90-day window
request_22,event_1918,2024-11-20,2024-11-20,18.6,debit,settled,settled_cash,yes (recurrence source),historical/evidence source used to project recurring stream
request_22,event_1944,2024-11-21,2024-11-21,15.87,debit,settled,settled_cash,no,outside request 90-day window
request_22,event_1919,2024-11-27,2024-11-27,18.35,debit,settled,settled_cash,no,outside request 90-day window
request_22,event_1945,2024-11-28,2024-11-28,15.02,debit,settled,settled_cash,no,outside request 90-day window
request_22,event_1958,2024-11-29,2024-11-29,18.41,debit,settled,settled_cash,no,outside request 90-day window
request_22,event_1894,2024-12-03,2024-12-03,178.2,debit,settled,settled_cash,yes (recurrence source),historical/evidence source used to project recurring stream
request_22,event_1960,2024-12-03,,369.6,non_cash,unrealized,excluded_non_cash_or_unrealized,no,outside request 90-day window
request_22,event_1920,2024-12-04,2024-12-04,26.82,debit,settled,settled_cash,no,outside request 90-day window
request_22,event_1961,2024-12-04,2024-12-08,43,debit,pending,reserve_pending_debit,yes (direct),eligible effective-date cash flow
request_23,event_2003,2024-11-13,2024-11-13,1401.85,debit,settled,settled_cash,yes (recurrence source),historical/evidence source used to project recurring stream
request_23,event_2028,2024-11-14,2024-11-14,682.68,debit,settled,settled_cash,no,outside request 90-day window
request_23,event_2004,2024-11-20,2024-11-20,1332.28,debit,settled,settled_cash,no,outside request 90-day window
request_23,event_2005,2024-11-27,2024-11-27,1586.85,debit,settled,settled_cash,no,outside request 90-day window
request_23,event_2029,2024-11-28,2024-11-28,1121.5,debit,settled,settled_cash,no,outside request 90-day window
request_23,event_1963,2024-12-04,2024-12-04,15312,debit,settled,settled_cash,yes (recurrence source),historical/evidence source used to project recurring stream
request_23,event_2006,2024-12-04,2024-12-04,1372.64,debit,settled,settled_cash,no,outside request 90-day window
request_23,event_1964,2024-12-08,2024-12-08,2877.85,debit,settled,settled_cash,yes (recurrence source),historical/evidence source used to project recurring stream
request_23,event_2007,2024-12-11,2024-12-11,1821.15,debit,settled,settled_cash,no,outside request 90-day window
request_23,event_1966,2024-12-12,2024-12-12,1341.05,debit,settled,settled_cash,yes (recurrence source),historical/evidence source used to project recurring stream
request_23,event_2030,2024-12-12,2024-12-12,747.69,debit,settled,settled_cash,no,outside request 90-day window
request_23,event_1965,2024-12-13,2024-12-13,5852,debit,settled,settled_cash,yes (recurrence source),historical/evidence source used to project recurring stream
request_23,event_1968,2024-12-14,2024-12-14,295.9,debit,settled,settled_cash,yes (recurrence source),historical/evidence source used to project recurring stream
request_23,event_1969,2024-12-14,2024-12-14,1279.39,debit,settled,settled_cash,yes (recurrence source),historical/evidence source used to project recurring stream
request_23,event_1962,2024-12-15,2024-12-15,45760,credit,settled,settled_cash,yes (recurrence source),historical/evidence source used to project recurring stream
request_23,event_1967,2024-12-15,2024-12-15,4270.2,debit,settled,settled_cash,yes (recurrence source),historical/evidence source used to project recurring stream
request_23,event_2008,2024-12-18,2024-12-18,2207.92,debit,settled,settled_cash,no,outside request 90-day window
request_23,event_2009,2024-12-25,2024-12-25,1981.14,debit,settled,settled_cash,yes (recurrence source),historical/evidence source used to project recurring stream
request_23,event_2031,2024-12-26,2024-12-26,777.57,debit,settled,settled_cash,no,outside request 90-day window
request_23,event_2010,2025-01-01,2025-01-01,2178.52,debit,settled,settled_cash,no,outside request 90-day window
request_23,event_1971,2025-01-04,2025-01-04,15312,debit,settled,settled_cash,yes (recurrence source),historical/evidence source used to project recurring stream
request_23,event_1972,2025-01-08,2025-01-08,2484.32,debit,settled,settled_cash,yes (recurrence source),historical/evidence source used to project recurring stream
request_23,event_2011,2025-01-08,2025-01-08,1927.69,debit,settled,settled_cash,no,outside request 90-day window
request_23,event_2032,2025-01-09,2025-01-09,896.02,debit,settled,settled_cash,no,outside request 90-day window
request_23,event_1974,2025-01-12,2025-01-12,1331.22,debit,settled,settled_cash,yes (recurrence source),historical/evidence source used to project recurring stream
request_23,event_1973,2025-01-13,2025-01-13,5852,debit,settled,settled_cash,yes (recurrence source),historical/evidence source used to project recurring stream
request_23,event_1976,2025-01-14,2025-01-14,295.9,debit,settled,settled_cash,yes (recurrence source),historical/evidence source used to project recurring stream
request_23,event_1977,2025-01-14,2025-01-14,1396.33,debit,settled,settled_cash,yes (recurrence source),historical/evidence source used to project recurring stream
request_23,event_1970,2025-01-15,2025-01-15,45760,credit,settled,settled_cash,yes (recurrence source),historical/evidence source used to project recurring stream
request_23,event_1975,2025-01-15,2025-01-15,4270.2,debit,settled,settled_cash,yes (recurrence source),historical/evidence source used to project recurring stream
request_23,event_2012,2025-01-15,2025-01-15,2125.65,debit,settled,settled_cash,yes (recurrence source),historical/evidence source used to project recurring stream
request_23,event_2013,2025-01-22,2025-01-22,1544.99,debit,settled,settled_cash,no,outside request 90-day window
request_23,event_2033,2025-01-23,2025-01-23,904.55,debit,settled,settled_cash,no,outside request 90-day window
request_23,event_2014,2025-01-29,2025-01-29,1914.51,debit,settled,settled_cash,no,outside request 90-day window
request_23,event_2041,2025-02-01,2025-02-01,13728,debit,settled,settled_cash,no,outside request 90-day window
request_23,event_1979,2025-02-04,2025-02-04,15312,debit,settled,settled_cash,yes (recurrence source),historical/evidence source used to project recurring stream
request_23,event_2015,2025-02-05,2025-02-05,1421.88,debit,settled,settled_cash,no,outside request 90-day window
request_23,event_2034,2025-02-06,2025-02-06,968.71,debit,settled,settled_cash,no,outside request 90-day window
request_23,event_1980,2025-02-08,2025-02-08,2915.67,debit,settled,settled_cash,yes (recurrence source),historical/evidence source used to project recurring stream
request_23,event_1982,2025-02-12,2025-02-12,1439.91,debit,settled,settled_cash,yes (recurrence source),historical/evidence source used to project recurring stream
request_23,event_2016,2025-02-12,2025-02-12,1556.59,debit,settled,settled_cash,no,outside request 90-day window
request_23,event_1981,2025-02-13,2025-02-13,5852,debit,settled,settled_cash,yes (recurrence source),historical/evidence source used to project recurring stream
request_23,event_1984,2025-02-14,2025-02-14,295.9,debit,settled,settled_cash,yes (recurrence source),historical/evidence source used to project recurring stream
request_23,event_1985,2025-02-14,2025-02-14,1389.39,debit,settled,settled_cash,yes (recurrence source),historical/evidence source used to project recurring stream
request_23,event_1978,2025-02-15,2025-02-15,45760,credit,settled,settled_cash,yes (recurrence source),historical/evidence source used to project recurring stream
request_23,event_1983,2025-02-15,2025-02-15,4270.2,debit,settled,settled_cash,yes (recurrence source),historical/evidence source used to project recurring stream
request_23,event_2017,2025-02-19,2025-02-19,2186.26,debit,settled,settled_cash,yes (recurrence source),historical/evidence source used to project recurring stream
request_23,event_2035,2025-02-20,2025-02-20,1046.56,debit,settled,settled_cash,no,outside request 90-day window
request_23,event_2018,2025-02-26,2025-02-26,2146.88,debit,settled,settled_cash,yes (recurrence source),historical/evidence source used to project recurring stream
request_23,event_1987,2025-03-04,2025-03-04,15312,debit,settled,settled_cash,yes (recurrence source),historical/evidence source used to project recurring stream
request_23,event_2019,2025-03-05,2025-03-05,1717.87,debit,settled,settled_cash,no,outside request 90-day window
request_23,event_2036,2025-03-06,2025-03-06,738.21,debit,settled,settled_cash,no,outside request 90-day window
request_23,event_1988,2025-03-08,2025-03-08,2813.94,debit,settled,settled_cash,yes (recurrence source),historical/evidence source used to project recurring stream
request_23,event_1990,2025-03-12,2025-03-12,1317.68,debit,settled,settled_cash,yes (recurrence source),historical/evidence source used to project recurring stream
request_23,event_2020,2025-03-12,2025-03-12,2074.73,debit,settled,settled_cash,no,outside request 90-day window
request_23,event_1989,2025-03-13,2025-03-13,5852,debit,settled,settled_cash,yes (recurrence source),historical/evidence source used to project recurring stream
request_23,event_1992,2025-03-14,2025-03-14,295.9,debit,settled,settled_cash,yes (recurrence source),historical/evidence source used to project recurring stream
request_23,event_1993,2025-03-14,2025-03-14,1232.23,debit,settled,settled_cash,yes (recurrence source),historical/evidence source used to project recurring stream
request_23,event_1986,2025-03-15,2025-03-15,45760,credit,settled,settled_cash,yes (recurrence source),historical/evidence source used to project recurring stream
request_23,event_1991,2025-03-15,2025-03-15,4270.2,debit,settled,settled_cash,yes (recurrence source),historical/evidence source used to project recurring stream
request_23,event_2021,2025-03-19,2025-03-19,1372.44,debit,settled,settled_cash,no,outside request 90-day window
request_23,event_2037,2025-03-20,2025-03-20,956.01,debit,settled,settled_cash,no,outside request 90-day window
request_23,event_2022,2025-03-26,2025-03-26,1706.85,debit,settled,settled_cash,no,outside request 90-day window
request_23,event_2023,2025-04-02,2025-04-02,1487.69,debit,settled,settled_cash,no,outside request 90-day window
request_23,event_2038,2025-04-03,2025-04-03,1092.98,debit,settled,settled_cash,no,outside request 90-day window
request_23,event_1995,2025-04-04,2025-04-04,15312,debit,settled,settled_cash,yes (recurrence source),historical/evidence source used to project recurring stream
request_23,event_1996,2025-04-08,2025-04-08,2680.15,debit,settled,settled_cash,yes (recurrence source),historical/evidence source used to project recurring stream
request_23,event_2024,2025-04-09,2025-04-09,1794.76,debit,settled,settled_cash,no,outside request 90-day window
request_23,event_1998,2025-04-12,2025-04-12,1377.89,debit,settled,settled_cash,yes (recurrence source),historical/evidence source used to project recurring stream
request_23,event_1997,2025-04-13,2025-04-13,5852,debit,settled,settled_cash,yes (recurrence source),historical/evidence source used to project recurring stream
request_23,event_2000,2025-04-14,2025-04-14,295.9,debit,settled,settled_cash,yes (recurrence source),historical/evidence source used to project recurring stream
request_23,event_2001,2025-04-14,2025-04-14,1281.33,debit,settled,settled_cash,yes (recurrence source),historical/evidence source used to project recurring stream
request_23,event_1994,2025-04-15,2025-04-15,45760,credit,settled,settled_cash,yes (recurrence source),historical/evidence source used to project recurring stream
request_23,event_1999,2025-04-15,2025-04-15,4270.2,debit,settled,settled_cash,yes (recurrence source),historical/evidence source used to project recurring stream
request_23,event_2025,2025-04-16,2025-04-16,1678.37,debit,settled,settled_cash,no,outside request 90-day window
request_23,event_2039,2025-04-17,2025-04-17,834,debit,settled,settled_cash,no,outside request 90-day window
request_23,event_2026,2025-04-23,2025-04-23,1514.83,debit,settled,settled_cash,no,outside request 90-day window
request_23,event_2027,2025-04-30,2025-04-30,1257.56,debit,settled,settled_cash,no,outside request 90-day window
request_23,event_2040,2025-05-01,2025-05-01,783.18,debit,settled,settled_cash,no,outside request 90-day window
request_23,event_2002,2025-05-04,2025-05-04,15312,debit,settled,settled_cash,yes (recurrence source),historical/evidence source used to project recurring stream
request_23,event_2042,2025-05-06,2025-05-11,1553.2,debit,pending,reserve_pending_debit,yes (direct),eligible effective-date cash flow
request_24,event_2084,2025-07-10,2025-07-10,2886.9,debit,settled,settled_cash,no,outside request 90-day window
request_24,event_2102,2025-07-11,2025-07-11,1663.51,debit,settled,settled_cash,yes (recurrence source),historical/evidence source used to project recurring stream
request_24,event_2138,2025-07-12,2025-07-12,1757.23,debit,settled,settled_cash,no,outside request 90-day window
request_24,event_2103,2025-07-16,2025-07-16,1021.64,debit,settled,settled_cash,yes (recurrence source),historical/evidence source used to project recurring stream
request_24,event_2139,2025-07-19,2025-07-19,1886.97,debit,settled,settled_cash,no,outside request 90-day window
request_24,event_2085,2025-07-20,2025-07-20,2024.93,debit,settled,settled_cash,no,outside request 90-day window
request_24,event_2104,2025-07-21,2025-07-21,1760.99,debit,settled,settled_cash,no,outside request 90-day window
request_24,event_2105,2025-07-26,2025-07-26,1208.87,debit,settled,settled_cash,no,outside request 90-day window
request_24,event_2140,2025-07-26,2025-07-26,2149.97,debit,settled,settled_cash,no,outside request 90-day window
request_24,event_2086,2025-07-30,2025-07-30,2236.73,debit,settled,settled_cash,no,outside request 90-day window
request_24,event_2106,2025-07-31,2025-07-31,1232.11,debit,settled,settled_cash,yes (recurrence source),historical/evidence source used to project recurring stream
request_24,event_2044,2025-08-01,2025-08-01,18600,debit,settled,settled_cash,yes (recurrence source),historical/evidence source used to project recurring stream
request_24,event_2141,2025-08-02,2025-08-02,2239.04,debit,settled,settled_cash,no,outside request 90-day window
request_24,event_2045,2025-08-05,2025-08-05,3049.81,debit,settled,settled_cash,yes (recurrence source),historical/evidence source used to project recurring stream
request_24,event_2107,2025-08-05,2025-08-05,1319.2,debit,settled,settled_cash,no,outside request 90-day window
request_24,event_2046,2025-08-06,2025-08-06,2510,debit,settled,settled_cash,yes (recurrence source),historical/evidence source used to project recurring stream
request_24,event_2048,2025-08-08,2025-08-08,1200,debit,settled,settled_cash,yes (recurrence source),historical/evidence source used to project recurring stream
request_24,event_2087,2025-08-09,2025-08-09,2439.18,debit,settled,settled_cash,no,outside request 90-day window
request_24,event_2142,2025-08-09,2025-08-09,1328.72,debit,settled,settled_cash,no,outside request 90-day window
request_24,event_2108,2025-08-10,2025-08-10,1536.25,debit,settled,settled_cash,yes (recurrence source),historical/evidence source used to project recurring stream
request_24,event_2047,2025-08-11,2025-08-11,355,debit,settled,settled_cash,yes (recurrence source),historical/evidence source used to project recurring stream
request_24,event_2049,2025-08-11,2025-08-11,2409.82,debit,settled,settled_cash,yes (recurrence source),historical/evidence source used to project recurring stream
request_24,event_2050,2025-08-13,2025-08-13,1870.6,debit,settled,settled_cash,yes (recurrence source),historical/evidence source used to project recurring stream
request_24,event_2043,2025-08-15,2025-08-15,61000,credit,settled,settled_cash,yes (recurrence source),historical/evidence source used to project recurring stream
request_24,event_2109,2025-08-15,2025-08-15,1122.2,debit,settled,settled_cash,yes (recurrence source),historical/evidence source used to project recurring stream
request_24,event_2143,2025-08-16,2025-08-16,1291.44,debit,settled,settled_cash,no,outside request 90-day window
request_24,event_2088,2025-08-19,2025-08-19,2564.99,debit,settled,settled_cash,no,outside request 90-day window
request_24,event_2110,2025-08-20,2025-08-20,1576.88,debit,settled,settled_cash,yes (recurrence source),historical/evidence source used to project recurring stream
request_24,event_2144,2025-08-23,2025-08-23,2105.67,debit,settled,settled_cash,no,outside request 90-day window
request_24,event_2111,2025-08-25,2025-08-25,1091.32,debit,settled,settled_cash,yes (recurrence source),historical/evidence source used to project recurring stream
request_24,event_2089,2025-08-29,2025-08-29,2201.87,debit,settled,settled_cash,no,outside request 90-day window
request_24,event_2112,2025-08-30,2025-08-30,1119.08,debit,settled,settled_cash,yes (recurrence source),historical/evidence source used to project recurring stream
request_24,event_2145,2025-08-30,2025-08-30,2046.83,debit,settled,settled_cash,yes (recurrence source),historical/evidence source used to project recurring stream
request_24,event_2052,2025-09-01,2025-09-01,18600,debit,settled,settled_cash,yes (recurrence source),historical/evidence source used to project recurring stream
request_24,event_2113,2025-09-04,2025-09-04,1370.25,debit,settled,settled_cash,no,outside request 90-day window
request_24,event_2053,2025-09-05,2025-09-05,3226.12,debit,settled,settled_cash,yes (recurrence source),historical/evidence source used to project recurring stream
request_24,event_2054,2025-09-06,2025-09-06,2510,debit,settled,settled_cash,yes (recurrence source),historical/evidence source used to project recurring stream
request_24,event_2146,2025-09-06,2025-09-06,2288.09,debit,settled,settled_cash,no,outside request 90-day window
request_24,event_2056,2025-09-08,2025-09-08,1200,debit,settled,settled_cash,yes (recurrence source),historical/evidence source used to project recurring stream
request_24,event_2090,2025-09-08,2025-09-08,2601.43,debit,settled,settled_cash,no,outside request 90-day window
request_24,event_2114,2025-09-09,2025-09-09,1401.3,debit,settled,settled_cash,yes (recurrence source),historical/evidence source used to project recurring stream
request_24,event_2055,2025-09-11,2025-09-11,355,debit,settled,settled_cash,yes (recurrence source),historical/evidence source used to project recurring stream
request_24,event_2057,2025-09-11,2025-09-11,2514.9,debit,settled,settled_cash,yes (recurrence source),historical/evidence source used to project recurring stream
request_24,event_2058,2025-09-13,2025-09-13,2124.72,debit,settled,settled_cash,yes (recurrence source),historical/evidence source used to project recurring stream
request_24,event_2147,2025-09-13,2025-09-13,1893.38,debit,settled,settled_cash,no,outside request 90-day window
request_24,event_2115,2025-09-14,2025-09-14,1393.89,debit,settled,settled_cash,yes (recurrence source),historical/evidence source used to project recurring stream
request_24,event_2051,2025-09-15,2025-09-15,61000,credit,settled,settled_cash,yes (recurrence source),historical/evidence source used to project recurring stream
request_24,event_2091,2025-09-18,2025-09-18,2958.79,debit,settled,settled_cash,no,outside request 90-day window
request_24,event_2116,2025-09-19,2025-09-19,1153.55,debit,settled,settled_cash,yes (recurrence source),historical/evidence source used to project recurring stream
request_24,event_2148,2025-09-20,2025-09-20,1783.1,debit,settled,settled_cash,no,outside request 90-day window
request_24,event_2117,2025-09-24,2025-09-24,1586.75,debit,settled,settled_cash,yes (recurrence source),historical/evidence source used to project recurring stream
request_24,event_2149,2025-09-27,2025-09-27,2137.71,debit,settled,settled_cash,yes (recurrence source),historical/evidence source used to project recurring stream
request_24,event_2092,2025-09-28,2025-09-28,2042.7,debit,settled,settled_cash,no,outside request 90-day window
request_24,event_2118,2025-09-29,2025-09-29,1218.23,debit,settled,settled_cash,yes (recurrence source),historical/evidence source used to project recurring stream
request_24,event_2060,2025-10-01,2025-10-01,18600,debit,settled,settled_cash,yes (recurrence source),historical/evidence source used to project recurring stream
request_24,event_2164,2025-10-01,2025-10-01,18300,debit,settled,settled_cash,no,outside request 90-day window
request_24,event_2119,2025-10-04,2025-10-04,1750.91,debit,settled,settled_cash,yes (recurrence source),historical/evidence source used to project recurring stream
request_24,event_2150,2025-10-04,2025-10-04,1985.64,debit,settled,settled_cash,no,outside request 90-day window
request_24,event_2061,2025-10-05,2025-10-05,3417.7,debit,settled,settled_cash,yes (recurrence source),historical/evidence source used to project recurring stream
request_24,event_2062,2025-10-06,2025-10-06,2510,debit,settled,settled_cash,yes (recurrence source),historical/evidence source used to project recurring stream
request_24,event_2064,2025-10-08,2025-10-08,1200,debit,settled,settled_cash,yes (recurrence source),historical/evidence source used to project recurring stream
request_24,event_2093,2025-10-08,2025-10-08,2145.69,debit,settled,settled_cash,no,outside request 90-day window
request_24,event_2120,2025-10-09,2025-10-09,1585.39,debit,settled,settled_cash,no,outside request 90-day window
request_24,event_2063,2025-10-11,2025-10-11,355,debit,settled,settled_cash,yes (recurrence source),historical/evidence source used to project recurring stream
request_24,event_2065,2025-10-11,2025-10-11,2680.78,debit,settled,settled_cash,yes (recurrence source),historical/evidence source used to project recurring stream
request_24,event_2151,2025-10-11,2025-10-11,1496.44,debit,settled,settled_cash,no,outside request 90-day window
request_24,event_2066,2025-10-13,2025-10-13,1916.16,debit,settled,settled_cash,yes (recurrence source),historical/evidence source used to project recurring stream
request_24,event_2121,2025-10-14,2025-10-14,1069.31,debit,settled,settled_cash,yes (recurrence source),historical/evidence source used to project recurring stream
request_24,event_2059,2025-10-15,2025-10-15,61000,credit,settled,settled_cash,yes (recurrence source),historical/evidence source used to project recurring stream
request_24,event_2094,2025-10-18,2025-10-18,1843.76,debit,settled,settled_cash,no,outside request 90-day window
request_24,event_2152,2025-10-18,2025-10-18,1662.99,debit,settled,settled_cash,no,outside request 90-day window
request_24,event_2122,2025-10-19,2025-10-19,1314.27,debit,settled,settled_cash,yes (recurrence source),historical/evidence source used to project recurring stream
request_24,event_2123,2025-10-24,2025-10-24,1731.13,debit,settled,settled_cash,no,outside request 90-day window
request_24,event_2153,2025-10-25,2025-10-25,1942.46,debit,settled,settled_cash,yes (recurrence source),historical/evidence source used to project recurring stream
request_24,event_2095,2025-10-28,2025-10-28,2358.78,debit,settled,settled_cash,no,outside request 90-day window
request_24,event_2124,2025-10-29,2025-10-29,1110.11,debit,settled,settled_cash,yes (recurrence source),historical/evidence source used to project recurring stream
request_24,event_2068,2025-11-01,2025-11-01,18600,debit,settled,settled_cash,yes (recurrence source),historical/evidence source used to project recurring stream
request_24,event_2154,2025-11-01,2025-11-01,1818.76,debit,settled,settled_cash,yes (recurrence source),historical/evidence source used to project recurring stream
request_24,event_2125,2025-11-03,2025-11-03,1256.01,debit,settled,settled_cash,yes (recurrence source),historical/evidence source used to project recurring stream
request_24,event_2069,2025-11-05,2025-11-05,3335.41,debit,settled,settled_cash,yes (recurrence source),historical/evidence source used to project recurring stream
request_24,event_2070,2025-11-06,2025-11-06,2510,debit,settled,settled_cash,yes (recurrence source),historical/evidence source used to project recurring stream
request_24,event_2096,2025-11-07,2025-11-07,2295.12,debit,settled,settled_cash,no,outside request 90-day window
request_24,event_2072,2025-11-08,2025-11-08,1200,debit,settled,settled_cash,yes (recurrence source),historical/evidence source used to project recurring stream
request_24,event_2126,2025-11-08,2025-11-08,1514.06,debit,settled,settled_cash,yes (recurrence source),historical/evidence source used to project recurring stream
request_24,event_2155,2025-11-08,2025-11-08,1423.26,debit,settled,settled_cash,no,outside request 90-day window
request_24,event_2071,2025-11-11,2025-11-11,355,debit,settled,settled_cash,yes (recurrence source),historical/evidence source used to project recurring stream
request_24,event_2073,2025-11-11,2025-11-11,2398.76,debit,settled,settled_cash,yes (recurrence source),historical/evidence source used to project recurring stream
request_24,event_2074,2025-11-13,2025-11-13,1845.75,debit,settled,settled_cash,yes (recurrence source),historical/evidence source used to project recurring stream
request_24,event_2127,2025-11-13,2025-11-13,1600.18,debit,settled,settled_cash,yes (recurrence source),historical/evidence source used to project recurring stream
request_24,event_2067,2025-11-15,2025-11-15,61000,credit,settled,settled_cash,yes (recurrence source),historical/evidence source used to project recurring stream
request_24,event_2156,2025-11-15,2025-11-15,2198,debit,settled,settled_cash,no,outside request 90-day window
request_24,event_2097,2025-11-17,2025-11-17,1824.41,debit,settled,settled_cash,no,outside request 90-day window
request_24,event_2128,2025-11-18,2025-11-18,1534.77,debit,settled,settled_cash,no,outside request 90-day window
request_24,event_2157,2025-11-22,2025-11-22,1345.87,debit,settled,settled_cash,yes (recurrence source),historical/evidence source used to project recurring stream
request_24,event_2129,2025-11-23,2025-11-23,1050.4,debit,settled,settled_cash,yes (recurrence source),historical/evidence source used to project recurring stream
request_24,event_2098,2025-11-27,2025-11-27,2113.95,debit,settled,settled_cash,no,outside request 90-day window
request_24,event_2130,2025-11-28,2025-11-28,1187.92,debit,settled,settled_cash,no,outside request 90-day window
request_24,event_2158,2025-11-29,2025-11-29,1415.29,debit,settled,settled_cash,no,outside request 90-day window
request_24,event_2076,2025-12-01,2025-12-01,18600,debit,settled,settled_cash,yes (recurrence source),historical/evidence source used to project recurring stream
request_24,event_2131,2025-12-03,2025-12-03,1270.09,debit,settled,settled_cash,yes (recurrence source),historical/evidence source used to project recurring stream
request_24,event_2077,2025-12-05,2025-12-05,3490.5,debit,settled,settled_cash,yes (recurrence source),historical/evidence source used to project recurring stream
request_24,event_2078,2025-12-06,2025-12-06,2510,debit,settled,settled_cash,yes (recurrence source),historical/evidence source used to project recurring stream
request_24,event_2159,2025-12-06,2025-12-06,1842.2,debit,settled,settled_cash,no,outside request 90-day window
request_24,event_2099,2025-12-07,2025-12-07,2260.73,debit,settled,settled_cash,no,outside request 90-day window
request_24,event_2080,2025-12-08,2025-12-08,1200,debit,settled,settled_cash,yes (recurrence source),historical/evidence source used to project recurring stream
request_24,event_2132,2025-12-08,2025-12-08,1485.42,debit,settled,settled_cash,no,outside request 90-day window
request_24,event_2079,2025-12-11,2025-12-11,355,debit,settled,settled_cash,yes (recurrence source),historical/evidence source used to project recurring stream
request_24,event_2081,2025-12-11,2025-12-11,2564,debit,settled,settled_cash,yes (recurrence source),historical/evidence source used to project recurring stream
request_24,event_2082,2025-12-13,2025-12-13,1896.25,debit,settled,settled_cash,yes (recurrence source),historical/evidence source used to project recurring stream
request_24,event_2133,2025-12-13,2025-12-13,1341.45,debit,settled,settled_cash,yes (recurrence source),historical/evidence source used to project recurring stream
request_24,event_2160,2025-12-13,2025-12-13,1911.68,debit,settled,settled_cash,no,outside request 90-day window
request_24,event_2075,2025-12-15,2025-12-15,61000,credit,settled,settled_cash,yes (recurrence source),historical/evidence source used to project recurring stream
request_24,event_2100,2025-12-17,2025-12-17,2106.55,debit,settled,settled_cash,no,outside request 90-day window
request_24,event_2134,2025-12-18,2025-12-18,1059.47,debit,settled,settled_cash,yes (recurrence source),historical/evidence source used to project recurring stream
request_24,event_2161,2025-12-20,2025-12-20,2184.47,debit,settled,settled_cash,no,outside request 90-day window
request_24,event_2135,2025-12-23,2025-12-23,1438,debit,settled,settled_cash,no,outside request 90-day window
request_24,event_2101,2025-12-27,2025-12-27,2321.31,debit,settled,settled_cash,no,outside request 90-day window
request_24,event_2162,2025-12-27,2025-12-27,2151.71,debit,settled,settled_cash,yes (recurrence source),historical/evidence source used to project recurring stream
request_24,event_2136,2025-12-28,2025-12-28,1255.38,debit,settled,settled_cash,yes (recurrence source),historical/evidence source used to project recurring stream
request_24,event_2165,2025-12-27,2025-12-28,33550,credit,settled,settled_cash,no,outside request 90-day window
request_24,event_2083,2026-01-01,2026-01-01,18600,debit,settled,settled_cash,yes (recurrence source),historical/evidence source used to project recurring stream
request_24,event_2137,2026-01-02,2026-01-02,1593.41,debit,settled,settled_cash,no,outside request 90-day window
request_24,event_2163,2026-01-03,2026-01-03,1918.02,debit,settled,settled_cash,no,outside request 90-day window
request_24,event_2166,2026-01-04,2026-01-11,1830,debit,scheduled,scheduled_cash,yes (direct),eligible effective-date cash flow
request_25,event_2208,2023-09-11,2023-09-11,1348940.42,debit,settled,settled_cash,no,outside request 90-day window
request_25,event_2226,2023-09-12,2023-09-12,725793.85,debit,settled,settled_cash,no,outside request 90-day window
request_25,event_2262,2023-09-13,2023-09-13,979886.38,debit,settled,settled_cash,no,outside request 90-day window
request_25,event_2227,2023-09-17,2023-09-17,447746.71,debit,settled,settled_cash,no,outside request 90-day window
request_25,event_2263,2023-09-20,2023-09-20,1028620.35,debit,settled,settled_cash,no,outside request 90-day window
request_25,event_2209,2023-09-21,2023-09-21,1510693.45,debit,settled,settled_cash,no,outside request 90-day window
request_25,event_2228,2023-09-22,2023-09-22,579668.34,debit,settled,settled_cash,no,outside request 90-day window
request_25,event_2229,2023-09-27,2023-09-27,636547.25,debit,settled,settled_cash,no,outside request 90-day window
request_25,event_2264,2023-09-27,2023-09-27,1117067.23,debit,settled,settled_cash,yes (recurrence source),historical/evidence source used to project recurring stream
request_25,event_2210,2023-10-01,2023-10-01,1490390.69,debit,settled,settled_cash,no,outside request 90-day window
request_25,event_2168,2023-10-02,2023-10-02,6954000,debit,settled,settled_cash,yes (recurrence source),historical/evidence source used to project recurring stream
request_25,event_2230,2023-10-02,2023-10-02,724399.08,debit,settled,settled_cash,yes (recurrence source),historical/evidence source used to project recurring stream
request_25,event_2265,2023-10-04,2023-10-04,756322.76,debit,settled,settled_cash,no,outside request 90-day window
request_25,event_2169,2023-10-06,2023-10-06,1338903.44,debit,settled,settled_cash,yes (recurrence source),historical/evidence source used to project recurring stream
request_25,event_2170,2023-10-07,2023-10-07,904400,debit,settled,settled_cash,yes (recurrence source),historical/evidence source used to project recurring stream
request_25,event_2231,2023-10-07,2023-10-07,591314.74,debit,settled,settled_cash,no,outside request 90-day window
request_25,event_2172,2023-10-09,2023-10-09,573800,debit,settled,settled_cash,yes (recurrence source),historical/evidence source used to project recurring stream
request_25,event_2211,2023-10-11,2023-10-11,1211444.04,debit,settled,settled_cash,no,outside request 90-day window
request_25,event_2266,2023-10-11,2023-10-11,1249486.33,debit,settled,settled_cash,no,outside request 90-day window
request_25,event_2171,2023-10-12,2023-10-12,126350,debit,settled,settled_cash,yes (recurrence source),historical/evidence source used to project recurring stream
request_25,event_2173,2023-10-12,2023-10-12,966785.96,debit,settled,settled_cash,yes (recurrence source),historical/evidence source used to project recurring stream
request_25,event_2232,2023-10-12,2023-10-12,458415.57,debit,settled,settled_cash,no,outside request 90-day window
request_25,event_2174,2023-10-14,2023-10-14,451681.59,debit,settled,settled_cash,yes (recurrence source),historical/evidence source used to project recurring stream
request_25,event_2167,2023-10-15,2023-10-15,1800,credit,settled,settled_cash,yes (recurrence source),historical/evidence source used to project recurring stream
request_25,event_2233,2023-10-17,2023-10-17,445484.16,debit,settled,settled_cash,no,outside request 90-day window
request_25,event_2267,2023-10-18,2023-10-18,1232054.29,debit,settled,settled_cash,no,outside request 90-day window
request_25,event_2212,2023-10-21,2023-10-21,1048982.51,debit,settled,settled_cash,no,outside request 90-day window
request_25,event_2234,2023-10-22,2023-10-22,617815.52,debit,settled,settled_cash,yes (recurrence source),historical/evidence source used to project recurring stream
request_25,event_2268,2023-10-25,2023-10-25,1115260.36,debit,settled,settled_cash,yes (recurrence source),historical/evidence source used to project recurring stream
request_25,event_2235,2023-10-27,2023-10-27,567772.41,debit,settled,settled_cash,no,outside request 90-day window
request_25,event_2213,2023-10-31,2023-10-31,1066197.78,debit,settled,settled_cash,no,outside request 90-day window
request_25,event_2236,2023-11-01,2023-11-01,507090.88,debit,settled,settled_cash,no,outside request 90-day window
request_25,event_2269,2023-11-01,2023-11-01,1261355.55,debit,settled,settled_cash,no,outside request 90-day window
request_25,event_2176,2023-11-02,2023-11-02,6954000,debit,settled,settled_cash,yes (recurrence source),historical/evidence source used to project recurring stream
request_25,event_2177,2023-11-06,2023-11-06,1401205.21,debit,settled,settled_cash,yes (recurrence source),historical/evidence source used to project recurring stream
request_25,event_2237,2023-11-06,2023-11-06,454432.04,debit,settled,settled_cash,no,outside request 90-day window
request_25,event_2178,2023-11-07,2023-11-07,904400,debit,settled,settled_cash,yes (recurrence source),historical/evidence source used to project recurring stream
request_25,event_2270,2023-11-08,2023-11-08,921922.8,debit,settled,settled_cash,no,outside request 90-day window
request_25,event_2180,2023-11-09,2023-11-09,573800,debit,settled,settled_cash,yes (recurrence source),historical/evidence source used to project recurring stream
request_25,event_2214,2023-11-10,2023-11-10,893559.78,debit,settled,settled_cash,yes (recurrence source),historical/evidence source used to project recurring stream
request_25,event_2238,2023-11-11,2023-11-11,617984.73,debit,settled,settled_cash,yes (recurrence source),historical/evidence source used to project recurring stream
request_25,event_2179,2023-11-12,2023-11-12,126350,debit,settled,settled_cash,yes (recurrence source),historical/evidence source used to project recurring stream
request_25,event_2181,2023-11-12,2023-11-12,1054608.5,debit,settled,settled_cash,yes (recurrence source),historical/evidence source used to project recurring stream
request_25,event_2182,2023-11-14,2023-11-14,415734.51,debit,settled,settled_cash,yes (recurrence source),historical/evidence source used to project recurring stream
request_25,event_2175,2023-11-15,2023-11-15,1800,credit,settled,settled_cash,yes (recurrence source),historical/evidence source used to project recurring stream
request_25,event_2271,2023-11-15,2023-11-15,1142868.87,debit,settled,settled_cash,yes (recurrence source),historical/evidence source used to project recurring stream
request_25,event_2239,2023-11-16,2023-11-16,557483.97,debit,settled,settled_cash,no,outside request 90-day window
request_25,event_2215,2023-11-20,2023-11-20,1252001.65,debit,settled,settled_cash,no,outside request 90-day window
request_25,event_2240,2023-11-21,2023-11-21,627417.61,debit,settled,settled_cash,no,outside request 90-day window
request_25,event_2272,2023-11-22,2023-11-22,897310.27,debit,settled,settled_cash,yes (recurrence source),historical/evidence source used to project recurring stream
request_25,event_2241,2023-11-26,2023-11-26,547424.01,debit,settled,settled_cash,no,outside request 90-day window
request_25,event_2273,2023-11-29,2023-11-29,740801.32,debit,settled,settled_cash,yes (recurrence source),historical/evidence source used to project recurring stream
request_25,event_2216,2023-11-30,2023-11-30,1101344.82,debit,settled,settled_cash,yes (recurrence source),historical/evidence source used to project recurring stream
request_25,event_2242,2023-12-01,2023-12-01,522613.77,debit,settled,settled_cash,no,outside request 90-day window
request_25,event_2184,2023-12-02,2023-12-02,6954000,debit,settled,settled_cash,yes (recurrence source),historical/evidence source used to project recurring stream
request_25,event_2185,2023-12-06,2023-12-06,1334719.89,debit,settled,settled_cash,yes (recurrence source),historical/evidence source used to project recurring stream
request_25,event_2243,2023-12-06,2023-12-06,695049.46,debit,settled,settled_cash,yes (recurrence source),historical/evidence source used to project recurring stream
request_25,event_2274,2023-12-06,2023-12-06,1022655.76,debit,settled,settled_cash,no,outside request 90-day window
request_25,event_2186,2023-12-07,2023-12-07,904400,debit,settled,settled_cash,yes (recurrence source),historical/evidence source used to project recurring stream
request_25,event_2188,2023-12-09,2023-12-09,573800,debit,settled,settled_cash,yes (recurrence source),historical/evidence source used to project recurring stream
request_25,event_2217,2023-12-10,2023-12-10,876032.86,debit,settled,settled_cash,yes (recurrence source),historical/evidence source used to project recurring stream
request_25,event_2244,2023-12-11,2023-12-11,721981.78,debit,settled,settled_cash,no,outside request 90-day window
request_25,event_2187,2023-12-12,2023-12-12,126350,debit,settled,settled_cash,yes (recurrence source),historical/evidence source used to project recurring stream
request_25,event_2189,2023-12-12,2023-12-12,1000693.22,debit,settled,settled_cash,yes (recurrence source),historical/evidence source used to project recurring stream
request_25,event_2275,2023-12-13,2023-12-13,1128974.93,debit,settled,settled_cash,no,outside request 90-day window
request_25,event_2190,2023-12-14,2023-12-14,499510.22,debit,settled,settled_cash,yes (recurrence source),historical/evidence source used to project recurring stream
request_25,event_2183,2023-12-15,2023-12-15,1800,credit,settled,settled_cash,yes (recurrence source),historical/evidence source used to project recurring stream
request_25,event_2245,2023-12-16,2023-12-16,732740.37,debit,settled,settled_cash,no,outside request 90-day window
request_25,event_2218,2023-12-20,2023-12-20,917586.64,debit,settled,settled_cash,yes (recurrence source),historical/evidence source used to project recurring stream
request_25,event_2276,2023-12-20,2023-12-20,956749.83,debit,settled,settled_cash,yes (recurrence source),historical/evidence source used to project recurring stream
request_25,event_2246,2023-12-21,2023-12-21,593848.06,debit,settled,settled_cash,no,outside request 90-day window
request_25,event_2247,2023-12-26,2023-12-26,639058,debit,settled,settled_cash,yes (recurrence source),historical/evidence source used to project recurring stream
request_25,event_2277,2023-12-27,2023-12-27,1095978.2,debit,settled,settled_cash,no,outside request 90-day window
request_25,event_2219,2023-12-30,2023-12-30,1454933.56,debit,settled,settled_cash,no,outside request 90-day window
request_25,event_2248,2023-12-31,2023-12-31,721837.88,debit,settled,settled_cash,no,outside request 90-day window
request_25,event_2192,2024-01-02,2024-01-02,6954000,debit,settled,settled_cash,yes (recurrence source),historical/evidence source used to project recurring stream
request_25,event_2278,2024-01-03,2024-01-03,868921.02,debit,settled,settled_cash,no,outside request 90-day window
request_25,event_2249,2024-01-05,2024-01-05,637250.91,debit,settled,settled_cash,no,outside request 90-day window
request_25,event_2193,2024-01-06,2024-01-06,1341541.39,debit,settled,settled_cash,yes (recurrence source),historical/evidence source used to project recurring stream
request_25,event_2194,2024-01-07,2024-01-07,904400,debit,settled,settled_cash,yes (recurrence source),historical/evidence source used to project recurring stream
request_25,event_2196,2024-01-09,2024-01-09,573800,debit,settled,settled_cash,yes (recurrence source),historical/evidence source used to project recurring stream
request_25,event_2220,2024-01-09,2024-01-09,983053.43,debit,settled,settled_cash,no,outside request 90-day window
request_25,event_2250,2024-01-10,2024-01-10,562442.16,debit,settled,settled_cash,no,outside request 90-day window
request_25,event_2279,2024-01-10,2024-01-10,925855.11,debit,settled,settled_cash,yes (recurrence source),historical/evidence source used to project recurring stream
request_25,event_2195,2024-01-12,2024-01-12,126350,debit,settled,settled_cash,yes (recurrence source),historical/evidence source used to project recurring stream
request_25,event_2197,2024-01-12,2024-01-12,1102784.74,debit,settled,settled_cash,yes (recurrence source),historical/evidence source used to project recurring stream
request_25,event_2198,2024-01-14,2024-01-14,504697.37,debit,settled,settled_cash,yes (recurrence source),historical/evidence source used to project recurring stream
request_25,event_2191,2024-01-15,2024-01-15,1800,credit,settled,settled_cash,yes (recurrence source),historical/evidence source used to project recurring stream
request_25,event_2251,2024-01-15,2024-01-15,542331.16,debit,settled,settled_cash,no,outside request 90-day window
request_25,event_2280,2024-01-17,2024-01-17,1204804.45,debit,settled,settled_cash,yes (recurrence source),historical/evidence source used to project recurring stream
request_25,event_2221,2024-01-19,2024-01-19,1388569.11,debit,settled,settled_cash,no,outside request 90-day window
request_25,event_2252,2024-01-20,2024-01-20,463292.75,debit,settled,settled_cash,no,outside request 90-day window
request_25,event_2281,2024-01-24,2024-01-24,1057617.64,debit,settled,settled_cash,no,outside request 90-day window
request_25,event_2253,2024-01-25,2024-01-25,745983.26,debit,settled,settled_cash,no,outside request 90-day window
request_25,event_2222,2024-01-29,2024-01-29,1335295.2,debit,settled,settled_cash,no,outside request 90-day window
request_25,event_2254,2024-01-30,2024-01-30,549524.6,debit,settled,settled_cash,no,outside request 90-day window
request_25,event_2282,2024-01-31,2024-01-31,1251981.8,debit,settled,settled_cash,no,outside request 90-day window
request_25,event_2200,2024-02-02,2024-02-02,6954000,debit,settled,settled_cash,yes (recurrence source),historical/evidence source used to project recurring stream
request_25,event_2255,2024-02-04,2024-02-04,664768.21,debit,settled,settled_cash,no,outside request 90-day window
request_25,event_2201,2024-02-06,2024-02-06,1201903.67,debit,settled,settled_cash,yes (recurrence source),historical/evidence source used to project recurring stream
request_25,event_2202,2024-02-07,2024-02-07,904400,debit,settled,settled_cash,yes (recurrence source),historical/evidence source used to project recurring stream
request_25,event_2283,2024-02-07,2024-02-07,949118.03,debit,settled,settled_cash,yes (recurrence source),historical/evidence source used to project recurring stream
request_25,event_2223,2024-02-08,2024-02-08,1369082.68,debit,settled,settled_cash,no,outside request 90-day window
request_25,event_2204,2024-02-09,2024-02-09,573800,debit,settled,settled_cash,yes (recurrence source),historical/evidence source used to project recurring stream
request_25,event_2256,2024-02-09,2024-02-09,448075.32,debit,settled,settled_cash,no,outside request 90-day window
request_25,event_2203,2024-02-12,2024-02-12,126350,debit,settled,settled_cash,yes (recurrence source),historical/evidence source used to project recurring stream
request_25,event_2205,2024-02-12,2024-02-12,1170271.29,debit,settled,settled_cash,yes (recurrence source),historical/evidence source used to project recurring stream
request_25,event_2206,2024-02-14,2024-02-14,426338.4,debit,settled,settled_cash,yes (recurrence source),historical/evidence source used to project recurring stream
request_25,event_2257,2024-02-14,2024-02-14,560613.2,debit,settled,settled_cash,no,outside request 90-day window
request_25,event_2284,2024-02-14,2024-02-14,1051249.87,debit,settled,settled_cash,no,outside request 90-day window
request_25,event_2199,2024-02-15,2024-02-15,1800,credit,settled,settled_cash,yes (recurrence source),historical/evidence source used to project recurring stream
request_25,event_2224,2024-02-18,2024-02-18,864688.59,debit,settled,settled_cash,no,outside request 90-day window
request_25,event_2258,2024-02-19,2024-02-19,458596.67,debit,settled,settled_cash,no,outside request 90-day window
request_25,event_2285,2024-02-21,2024-02-21,777034.83,debit,settled,settled_cash,no,outside request 90-day window
request_25,event_2259,2024-02-24,2024-02-24,663001.49,debit,settled,settled_cash,no,outside request 90-day window
request_25,event_2225,2024-02-28,2024-02-28,1472349.1,debit,settled,settled_cash,no,outside request 90-day window
request_25,event_2286,2024-02-28,2024-02-28,1133036.68,debit,settled,settled_cash,yes (recurrence source),historical/evidence source used to project recurring stream
request_25,event_2260,2024-02-29,2024-02-29,729004.44,debit,settled,settled_cash,no,outside request 90-day window
request_25,event_2207,2024-03-02,2024-03-02,6954000,debit,settled,settled_cash,yes (recurrence source),historical/evidence source used to project recurring stream
request_25,event_2287,2024-03-04,2024-03-04,1246400,debit,failed,excluded_failed,no,outside request 90-day window
request_25,event_2261,2024-03-05,2024-03-05,571596.93,debit,settled,settled_cash,no,outside request 90-day window
request_25,event_2288,2024-03-15,2024-03-15,1800,credit,scheduled,scheduled_cash,yes (direct),eligible effective-date cash flow
